source_topic_index,source_topic_id,source_label,assigned_documents,category_index,category_id,category_name,mapping_status,quarantine_code
0,M000,电池与充电设施热管理,2068,0,C0001,电池与充电设施热管理,active,
1,M001,功能传感材料与电化学检测,8079,1,C0002,功能传感材料与电化学检测,active,
2,M002,电力电子控制与频率调节,6071,2,C0003,电力电子控制与频率调节,active,
3,M003,风能开发与风电技术经济,16789,3,C0004,风能开发与风电技术经济,active,
4,M004,钙钛矿氧化物电催化,6707,4,C0005,钙钛矿氧化物电催化,active,
5,M005,电网建设与供电服务政策,891,5,C0006,电网建设与供电服务政策,active,
6,M006,层状电池正极与离子导体,10778,6,C0007,层状电池正极与离子导体,active,
7,M007,电极涂布与通用成形加工,2640,7,C0008,电极涂布与通用成形加工,active,
8,M008,二氧化碳电还原催化,18060,8,C0009,二氧化碳电还原催化,active,
9,M009,土壤碳过程与土壤改良,8771,9,C0010,土壤碳过程与土壤改良,active,
10,M010,光催化与光生物制氢,8403,10,C0011,光催化与光生物制氢,active,
11,M011,聚合物介电绝缘与储能,8560,11,C0012,聚合物介电绝缘与储能,active,
12,M012,集成电路与电子封装,6305,12,C0013,集成电路与电子封装,active,
13,M013,电池单体模组及用电器件混合,2653,13,C0014,电池单体模组及用电器件混合,active,
14,M014,通用机器学习与优化算法,12972,14,C0015,通用机器学习与优化算法,active,
15,M015,生物质能源利用与可持续性,14627,15,C0016,生物质能源利用与可持续性,active,
16,M016,电磁场耦合与电磁换能,11236,16,C0017,电磁场耦合与电磁换能,active,
17,M017,电力智能算法与多场景辨识,5803,17,C0018,电力智能算法与多场景辨识,active,
18,M018,太阳能采集光学与空间应用,12392,18,C0019,太阳能采集光学与空间应用,active,
19,M019,纳米复合材料与多类器件,11869,19,C0020,纳米复合材料与多类器件,active,
20,M020,金属离子吸附与材料化学,12882,20,C0021,金属离子吸附与材料化学,active,
21,M021,钠离子电池材料与电解液,2536,21,C0022,钠离子电池材料与电解液,active,
22,M022,功率半导体器件与电路结构,2786,22,C0023,功率半导体器件与电路结构,active,
23,M023,海洋资源开发与海上工程,8670,23,C0024,海洋资源开发与海上工程,active,
24,M024,通用防护支撑与安装结构混杂簇024,2257,24,C0025,通用防护支撑与安装结构混杂簇024,active,
25,M025,硫化镉等硫族薄膜制备,6429,25,C0026,硫化镉等硫族薄膜制备,active,
26,M026,变压器与高压开关设备,13474,26,C0027,变压器与高压开关设备,active,
27,M027,电动汽车充电设施及并网,6665,27,C0028,电动汽车充电设施及并网,active,
28,M028,聚变等离子体诊断,12510,28,C0029,聚变等离子体诊断,active,
29,M029,碳基电极与多孔材料制备,2546,29,C0030,碳基电极与多孔材料制备,active,
30,M030,车辆驱动制动与运动控制,14154,30,C0031,车辆驱动制动与运动控制,active,
31,M031,煤炭产业布局与清洁利用政策,1739,31,C0032,煤炭产业布局与清洁利用政策,active,
32,M032,石油产业与油价经济,19492,32,C0033,石油产业与油价经济,active,
33,M033,污泥资源化与水处理,9785,33,C0034,污泥资源化与水处理,active,
34,M034,太阳能集热与热利用装置,1814,34,C0035,太阳能集热与热利用装置,active,
35,M035,风机传动支撑与轴承部件,2006,35,C0036,风机传动支撑与轴承部件,active,
36,M036,光催化二氧化碳转化与氧化还原,17096,36,C0037,光催化二氧化碳转化与氧化还原,active,
37,M037,电气计量校准与测量不确定度,10427,37,C0038,电气计量校准与测量不确定度,active,
38,M038,碳达峰与综合节能政策,862,38,C0039,碳达峰与综合节能政策,active,
39,M039,碳定价与减排经济机制,17615,39,C0040,碳定价与减排经济机制,active,
40,M040,电池单体与模组构件装配,4989,40,C0041,电池单体与模组构件装配,active,
41,M041,无线充电与充电器结构,2024,41,C0042,无线充电与充电器结构,active,
42,M042,气体处理气化与天然气水合物,10603,42,C0043,气体处理气化与天然气水合物,active,
43,M043,二氧化碳及混合气体膜分离,6911,43,C0044,二氧化碳及混合气体膜分离,active,
44,M044,铜铟镓硒薄膜光伏,16487,44,C0045,铜铟镓硒薄膜光伏,active,
45,M045,煤气化与燃煤清洁转化,7769,45,C0046,煤气化与燃煤清洁转化,active,
46,M046,分离膜制备与膜污染控制,15227,46,C0047,分离膜制备与膜污染控制,active,
47,M047,配电网柔性调度与协同规划,10358,47,C0048,配电网柔性调度与协同规划,active,
48,M048,电池隔膜、聚合物电解质与粘结剂,5322,48,C0049,电池隔膜、聚合物电解质与粘结剂,active,
49,M049,固态及凝胶聚合物电解质,10596,49,C0050,固态及凝胶聚合物电解质,active,
50,M050,储能及通用装置温控换热,3344,50,C0051,储能及通用装置温控换热,active,
51,M051,电气故障保护与暂态检测,2875,51,C0052,电气故障保护与暂态检测,active,
52,M052,电能变换与驱动控制电路,2268,52,C0053,电能变换与驱动控制电路,active,
53,M053,电价与输配电价监管政策,735,53,C0054,电价与输配电价监管政策,active,
54,M054,含铜化合物结构与功能,9722,54,C0055,含铜化合物结构与功能,active,
55,M055,电储能系统配置与运行,9423,55,C0056,电储能系统配置与运行,active,
56,M056,射频微波电路与功率放大,18791,56,C0057,射频微波电路与功率放大,active,
57,M057,有价金属浸出回收,16905,57,C0058,有价金属浸出回收,active,
58,M058,厌氧过程微生物与生物能源,9884,58,C0059,厌氧过程微生物与生物能源,active,
59,M059,超级电容器电极与器件,28623,59,C0060,超级电容器电极与器件,active,
60,M060,有机合成与分子功能材料,16956,60,C0061,有机合成与分子功能材料,active,
61,M061,热工设备换热与工况分析,10988,61,C0062,热工设备换热与工况分析,active,
62,M062,生物质热解与炭化,16544,62,C0063,生物质热解与炭化,active,
63,M063,锂钠电池电解液与正极配方,3043,63,C0064,锂钠电池电解液与正极配方,active,
64,M064,电磁兼容干扰与电缆检测,9067,64,C0065,电磁兼容干扰与电缆检测,active,
65,M065,环境税费补贴与市场规制,13266,65,C0066,环境税费补贴与市场规制,active,
66,M066,钙钛矿太阳能电池界面与器件性能,23090,66,C0067,钙钛矿太阳能电池界面与器件性能,active,
67,M067,水热溶剂热合成与功能材料,8405,67,C0068,水热溶剂热合成与功能材料,active,
68,M068,宽禁带半导体外延与结器件,10227,68,C0069,宽禁带半导体外延与结器件,active,
69,M069,气象水文预测与环境评估,8178,69,C0070,气象水文预测与环境评估,active,
70,M070,功能聚合物合成与结构,17650,70,C0071,功能聚合物合成与结构,active,
71,M071,氢能产业与制氢技术经济,10314,71,C0072,氢能产业与制氢技术经济,active,
72,M072,电极过程与电化学沉积,16800,72,C0073,电极过程与电化学沉积,active,
73,M073,通用防护支撑与安装结构混杂簇073,2048,73,C0074,通用防护支撑与安装结构混杂簇073,active,
74,M074,铋基氧化物光催化材料,9178,74,C0075,铋基氧化物光催化材料,active,
75,M075,通用催化剂与催化反应工程,18071,75,C0076,通用催化剂与催化反应工程,active,
76,M076,机电传动与运动执行装置,2866,76,C0077,机电传动与运动执行装置,active,
77,M077,充电连接与通用部件混合,2245,77,C0078,充电连接与通用部件混合,active,
78,M078,燃料电池系统运行控制,2150,78,C0079,燃料电池系统运行控制,active,
79,M079,污染物光催化降解,14060,79,C0080,污染物光催化降解,active,
80,M080,电力市场与售电制度政策,1033,80,C0081,电力市场与售电制度政策,active,
81,M081,智能电网体系与通信,11967,81,C0082,智能电网体系与通信,active,
82,M082,配电网电压无功与电能质量,11053,82,C0083,配电网电压无功与电能质量,active,
83,M083,电池单体电极及模组结构,4706,83,C0084,电池单体电极及模组结构,active,
84,M084,多类功能薄膜与纳米器件,7945,84,C0085,多类功能薄膜与纳米器件,active,
85,M085,光伏组件性能建模与故障检测,13829,85,C0086,光伏组件性能建模与故障检测,active,
86,M086,制氢储氢与加氢系统,2088,86,C0087,制氢储氢与加氢系统,active,
87,M087,污水厌氧处理与产能回收,11007,87,C0088,污水厌氧处理与产能回收,active,
88,M088,信号处理测量与电力扰动,17989,88,C0089,信号处理测量与电力扰动,active,
89,M089,电动汽车充电控制,2994,89,C0090,电动汽车充电控制,active,
90,M090,等离子体湍流与不稳定性,11517,90,C0091,等离子体湍流与不稳定性,active,
91,M091,天然气输配与气价政策,579,91,C0092,天然气输配与气价政策,active,
92,M092,电能变换波浪能与互感器混合,11005,92,C0093,电能变换波浪能与互感器混合,active,
93,M093,晶体缺陷外延与变形,9428,93,C0094,晶体缺陷外延与变形,active,
94,M094,泄漏检测与多设备状态监测,3359,94,C0095,泄漏检测与多设备状态监测,active,
95,M095,电力设备通信与控制系统,3299,95,C0096,电力设备通信与控制系统,active,
96,M096,永磁电机与磁路设计,4701,96,C0097,永磁电机与磁路设计,active,
97,M097,建筑与工业冷却节能,10115,97,C0098,建筑与工业冷却节能,active,
98,M098,无人机巡检与电网作业,1654,98,C0099,无人机巡检与电网作业,active,
99,M099,磁重联与磁场材料效应,13025,99,C0100,磁重联与磁场材料效应,active,
100,M100,人类世生态危机与社会转型,9450,100,C0101,人类世生态危机与社会转型,active,
101,M101,电力设备与线路故障检测、定位和诊断,21019,101,C0102,电力设备与线路故障检测、定位和诊断,active,
102,M102,金属基复合材料与耐磨制造,10563,102,C0103,金属基复合材料与耐磨制造,active,
103,M103,发动机燃气轮机与动力机械,11593,103,C0104,发动机燃气轮机与动力机械,active,
104,M104,微电网能量管理与优化,10962,104,C0105,微电网能量管理与优化,active,
105,M105,电动汽车推广与整车能耗,11899,105,C0106,电动汽车推广与整车能耗,active,
106,M106,模板化晶体数据库记录,10465,106,C0107,模板化晶体数据库记录,active,
107,M107,储能充放电与变流控制,2002,107,C0108,储能充放电与变流控制,active,
108,M108,水系锌电池与锌空气电池,9518,108,C0109,水系锌电池与锌空气电池,active,
109,M109,电气柜密封防护与开关部件,2606,109,C0110,电气柜密封防护与开关部件,active,
110,M110,机柜装配与通用机械部件,3155,110,C0111,机柜装配与通用机械部件,active,
111,M111,电站锅炉汽轮机与设备运维,8434,111,C0112,电站锅炉汽轮机与设备运维,active,
112,M112,二氧化钛光催化材料与反应,38720,112,C0113,二氧化钛光催化材料与反应,active,
113,M113,水分离采集与流体界面技术,11433,113,C0114,水分离采集与流体界面技术,active,
114,M114,二氧化碳吸收溶解与水合物,10722,114,C0115,二氧化碳吸收溶解与水合物,active,
115,M115,电源装置与供电电路结构,2180,115,C0116,电源装置与供电电路结构,active,
116,M116,制冷循环工质与能效,11564,116,C0117,制冷循环工质与能效,active,
117,M117,煤矿产能及经营公告,298,117,C0118,煤矿产能及经营公告,active,
118,M118,煤矿安全生产与许可管理,590,118,C0119,煤矿安全生产与许可管理,active,
119,M119,电力载波与通信传输,12726,119,C0120,电力载波与通信传输,active,
120,M120,波浪能装置与海洋水动力,17713,120,C0121,波浪能装置与海洋水动力,active,
121,M121,热电材料与热电性能优化,28891,121,C0122,热电材料与热电性能优化,active,
122,M122,磁约束等离子体运行与边界,12766,122,C0123,磁约束等离子体运行与边界,active,
123,M123,电力系统碳计量与低碳调度,3391,123,C0124,电力系统碳计量与低碳调度,active,
124,M124,重整气化与合成气制氢,11227,124,C0125,重整气化与合成气制氢,active,
125,M125,氮化碳及复合光催化材料,15701,125,C0126,氮化碳及复合光催化材料,active,
126,M126,质子交换及功能聚合物膜,13564,126,C0127,质子交换及功能聚合物膜,active,
127,M127,石墨烯复合材料与多场景应用,19841,127,C0128,石墨烯复合材料与多场景应用,active,
128,M128,生物质与污泥厌氧消化产气,15747,128,C0129,生物质与污泥厌氧消化产气,active,
129,M129,能源网络安全与隐私保护,12250,129,C0130,能源网络安全与隐私保护,active,
130,M130,光伏电池及组件结构制造,2674,130,C0131,光伏电池及组件结构制造,active,
131,M131,超级电容器复合电极材料,12789,131,C0132,超级电容器复合电极材料,active,
132,M132,排放交易与污染治理政策研究,16000,132,C0133,排放交易与污染治理政策研究,active,
133,M133,功能薄膜沉积与表征,13172,133,C0134,功能薄膜沉积与表征,active,
134,M134,电连接器接线与端口结构,2483,134,C0135,电连接器接线与端口结构,active,
135,M135,电力市场机制与产消者经济,19158,135,C0136,电力市场机制与产消者经济,active,
136,M136,电解与其他路线制氢技术,11821,136,C0137,电解与其他路线制氢技术,active,
137,M137,光伏出力预测与系统参数建模,10193,137,C0138,光伏出力预测与系统参数建模,active,
138,M138,变压器油纸绝缘诊断,5471,138,C0139,变压器油纸绝缘诊断,active,
139,M139,厌氧微生物产甲烷机制,11081,139,C0140,厌氧微生物产甲烷机制,active,
140,M140,半导体载流子与电荷输运,14702,140,C0141,半导体载流子与电荷输运,active,
141,M141,电机转子定子与装配结构,2327,141,C0142,电机转子定子与装配结构,active,
142,M142,微电网变流器协调与功率分配,11721,142,C0143,微电网变流器协调与功率分配,active,
143,M143,能源作物种植与生物质采收,10637,143,C0144,能源作物种植与生物质采收,active,
144,M144,陆面气象与蒸散估计,11328,144,C0145,陆面气象与蒸散估计,active,
145,M145,铁基催化剂与氧电催化,11540,145,C0146,铁基催化剂与氧电催化,active,
146,M146,节能减排财政资金安排,240,146,C0147,节能减排财政资金安排,active,
147,M147,电极与电机铁芯制造装置,2006,147,C0148,电极与电机铁芯制造装置,active,
148,M148,临床疾病与健康研究,9305,148,C0149,临床疾病与健康研究,active,
149,M149,储能技术与能量转换综述,4282,149,C0150,储能技术与能量转换综述,active,
150,M150,多孔碳吸附二氧化碳,15323,150,C0151,多孔碳吸附二氧化碳,active,
151,M151,镁基及多组元合金性质,11885,151,C0152,镁基及多组元合金性质,active,
152,M152,硅基材料与碳化硅陶瓷,12386,152,C0153,硅基材料与碳化硅陶瓷,active,
153,M153,无线电能传输电路与系统,12987,153,C0154,无线电能传输电路与系统,active,
154,M154,电解水析氧催化,21799,154,C0155,电解水析氧催化,active,
155,M155,电力交易竞价与市场优化,12402,155,C0156,电力交易竞价与市场优化,active,
156,M156,水工引水排水与杂项装置,2210,156,C0157,水工引水排水与杂项装置,active,
157,M158,有机光伏材料、器件与载流子输运,22530,157,C0158,有机光伏材料、器件与载流子输运,active,
158,M159,太阳辐照预测与光伏环境建模,7709,158,C0159,太阳辐照预测与光伏环境建模,active,
159,M160,通用互联网协议与通信网络,13675,159,C0160,通用互联网协议与通信网络,active,
160,M161,车辆操稳道路与轮胎交互,9559,160,C0161,车辆操稳道路与轮胎交互,active,
161,M162,电气传感与多设备测量,5216,161,C0162,电气传感与多设备测量,active,
162,M163,分布式电源接入与配电网运行,3542,162,C0163,分布式电源接入与配电网运行,active,
163,M164,输电线路雷电接地与电磁影响,11542,163,C0164,输电线路雷电接地与电磁影响,active,
164,M165,天然气供能与燃气动力系统,8085,164,C0165,天然气供能与燃气动力系统,active,
165,M166,多类太阳能电池结构与性能,12467,165,C0166,多类太阳能电池结构与性能,active,
166,M167,晶硅异质结与硅基光伏制造,14347,166,C0167,晶硅异质结与硅基光伏制造,active,
167,M168,粒子束辐照与半导体材料缺陷,8490,167,C0168,粒子束辐照与半导体材料缺陷,active,
168,M169,电池荷电状态健康状态与建模,7680,168,C0169,电池荷电状态健康状态与建模,active,
169,M171,能源转型与能源安全研究,20605,169,C0170,能源转型与能源安全研究,active,
170,M172,最优潮流与电网优化运行,10617,170,C0171,最优潮流与电网优化运行,active,
171,M173,燃烧稳定与低污染排放,13452,171,C0172,燃烧稳定与低污染排放,active,
172,M174,电池正极改性与再生工艺,2668,172,C0173,电池正极改性与再生工艺,active,
173,M175,电力负荷预测与短路等系统计算混合,4483,173,C0174,电力负荷预测与短路等系统计算混合,active,
174,M176,空化流动与水动力,11501,174,C0175,空化流动与水动力,active,
175,M177,光伏最大功率点跟踪,16567,175,C0176,光伏最大功率点跟踪,active,
176,M178,纳米结构输运与器件基础,11231,176,C0177,纳米结构输运与器件基础,active,
177,M179,离子液体与电解质基础,11504,177,C0178,离子液体与电解质基础,active,
178,M180,超导与量子材料基础,6121,178,C0179,超导与量子材料基础,active,
179,M181,电池组结构均衡与供能电路,3509,179,C0180,电池组结构均衡与供能电路,active,
180,M182,聚变装置与粒子束工程,10669,180,C0181,聚变装置与粒子束工程,active,
181,M183,导航定位与遥感观测,9124,181,C0182,导航定位与遥感观测,active,
182,M184,通用控制器与电力控制算法,17208,182,C0183,通用控制器与电力控制算法,active,
183,M185,卤化物钙钛矿结构、光电物性与发光,30730,183,C0184,卤化物钙钛矿结构、光电物性与发光,active,
184,M186,风电场运行与功率优化,13574,184,C0185,风电场运行与功率优化,active,
185,M187,煤热解气化与煤质特性,11798,185,C0186,煤热解气化与煤质特性,active,
186,M188,通用反应分离与气液处理装置,1968,186,C0187,通用反应分离与气液处理装置,active,
187,M189,欧洲能源转型与能源政策研究,16861,187,C0188,欧洲能源转型与能源政策研究,active,
188,M190,风力机叶片与气动设计,20539,188,C0189,风力机叶片与气动设计,active,
189,M191,充电负荷预测与园区用电调配,1687,189,C0190,充电负荷预测与园区用电调配,active,
190,M192,固态储氢材料与反应器,16891,190,C0191,固态储氢材料与反应器,active,
191,M193,含锂化合物与锂金属界面,12223,191,C0192,含锂化合物与锂金属界面,active,
192,M194,多设备温控与智能散热,4406,192,C0193,多设备温控与智能散热,active,
193,M195,股票价格与通用金融预测,12328,193,C0194,股票价格与通用金融预测,active,
194,M196,碳捕集封存与碳移除系统,13262,194,C0195,碳捕集封存与碳移除系统,active,
195,M197,混合动力与整车能量管理,15676,195,C0196,混合动力与整车能量管理,active,
196,M198,铜基热电及功能复合材料,6333,196,C0197,铜基热电及功能复合材料,active,
197,M199,电池负极活性材料与电池器件,2559,197,C0198,电池负极活性材料与电池器件,active,
198,M200,交直流供电与储备能源控制,3092,198,C0199,交直流供电与储备能源控制,active,
199,M201,直流输电保护与故障限流,11031,199,C0200,直流输电保护与故障限流,active,
200,M202,电化学电极与摩擦电材料混合,9685,200,C0201,电化学电极与摩擦电材料混合,active,
201,M203,氧化锌复合光催化材料,13005,201,C0202,氧化锌复合光催化材料,active,
202,M204,纳米表征与光学传感材料,8394,202,C0203,纳米表征与光学传感材料,active,
203,M205,发电项目电价结算及清单政策,231,203,C0204,发电项目电价结算及清单政策,active,
204,M206,电池测试表征与性能评估,9010,204,C0205,电池测试表征与性能评估,active,
205,M207,激子量子点与发光机理,16014,205,C0206,激子量子点与发光机理,active,
206,M208,组件边框与通用结构材料,2110,206,C0207,组件边框与通用结构材料,active,
207,M209,能源企业组织投资与管理,12691,207,C0208,能源企业组织投资与管理,active,
208,M210,有机半导体光物理与光电响应,10829,208,C0209,有机半导体光物理与光电响应,active,
209,M211,地热资源开发与换热,11871,209,C0210,地热资源开发与换热,active,
210,M212,直流变换器拓扑与设计,18808,210,C0211,直流变换器拓扑与设计,active,
211,M213,等离子体波与高能粒子作用,14465,211,C0212,等离子体波与高能粒子作用,active,
212,M214,电力电缆绝缘与运行诊断,8594,212,C0213,电力电缆绝缘与运行诊断,active,
213,M215,通信网络路由与拓扑,13770,213,C0214,通信网络路由与拓扑,active,
214,M216,电池极耳焊接及耳机等混合部件,1059,214,C0215,电池极耳焊接及耳机等混合部件,active,
215,M217,电力可靠性与电气安全,12063,215,C0216,电力可靠性与电气安全,active,
216,M218,离子液体萃取与金属分离,8337,216,C0217,离子液体萃取与金属分离,active,
217,M219,气候变化治理与国际政策,21895,217,C0218,气候变化治理与国际政策,active,
218,M221,系统可靠性及暂态稳定混合,10951,218,C0219,系统可靠性及暂态稳定混合,active,
219,M222,局部放电电晕与放电物理,7985,219,C0220,局部放电电晕与放电物理,active,
220,M223,锂金属沉积与含锂电极材料,15769,220,C0221,锂金属沉积与含锂电极材料,active,
221,M224,木质纤维素预处理与生化转化,13717,221,C0222,木质纤维素预处理与生化转化,active,
222,M225,泵水轮机与水力机械流动,15408,222,C0223,泵水轮机与水力机械流动,active,
223,M226,生物炭制备与环境应用,8602,223,C0224,生物炭制备与环境应用,active,
224,M227,离子导电及功能聚合物,13534,224,C0225,离子导电及功能聚合物,active,
225,M228,过硫酸盐活化与高级氧化,13343,225,C0226,过硫酸盐活化与高级氧化,active,
226,M229,空调通风与空气处理,8973,226,C0227,空调通风与空气处理,active,
227,M230,能源审计与综合节能评估,19317,227,C0228,能源审计与综合节能评估,active,
228,M231,通用安装固定与机电结构,4241,228,C0229,通用安装固定与机电结构,active,
229,M232,高温钢材蠕变腐蚀与焊接,10408,229,C0230,高温钢材蠕变腐蚀与焊接,active,
230,M233,专利权利要求格式与杂项器件,2831,230,C0231,专利权利要求格式与杂项器件,active,
231,M234,多种掺杂氧化物及功能化合物,11909,231,C0232,多种掺杂氧化物及功能化合物,active,
232,M235,半导体光电化学水分解,10970,232,C0233,半导体光电化学水分解,active,
233,M236,软开关谐振与交流变换器,13196,233,C0234,软开关谐振与交流变换器,active,
234,M237,热电发电器件与热设计,15016,234,C0235,热电发电器件与热设计,active,
235,M238,氢能供给加氢与系统集成,8347,235,C0236,氢能供给加氢与系统集成,active,
236,M239,分布式光伏部署与技术经济,23692,236,C0237,分布式光伏部署与技术经济,active,
237,M240,农业农村经济与资源发展,9577,237,C0238,农业农村经济与资源发展,active,
238,M241,高温及绝缘陶瓷制备,9985,238,C0239,高温及绝缘陶瓷制备,active,
239,M242,薄膜晶体管与有机电子器件,8242,239,C0240,薄膜晶体管与有机电子器件,active,
240,M243,有机半导体供受体与分子器件材料,13229,240,C0241,有机半导体供受体与分子器件材料,active,
241,M244,文摘索引与教学资料记录,5446,241,C0242,文摘索引与教学资料记录,active,
242,M245,生物油热解与燃料升级,13582,242,C0243,生物油热解与燃料升级,active,
243,M246,电驱控制器与机电集成装置,2134,243,C0244,电驱控制器与机电集成装置,active,
244,M247,碳基超级电容器电极,12699,244,C0245,碳基超级电容器电极,active,
245,M248,虚拟电厂资源聚合与调度,2610,245,C0246,虚拟电厂资源聚合与调度,active,
246,M249,镍锰及多种无机功能材料,11497,246,C0247,镍锰及多种无机功能材料,active,
247,M250,电力安全生产与应急政策,965,247,C0248,电力安全生产与应急政策,active,
248,M251,磁性材料磁路与磁场基础,12703,248,C0249,磁性材料磁路与磁场基础,active,
249,M252,热力循环余热与联供系统,9533,249,C0250,热力循环余热与联供系统,active,
250,M253,充电站选址与充电调度,9621,250,C0251,充电站选址与充电调度,active,
251,M254,热泵与区域供热供冷,10959,251,C0252,热泵与区域供热供冷,active,
252,M255,二氧化碳加氢与多类催化反应,9613,252,C0253,二氧化碳加氢与多类催化反应,active,
253,M256,电催化析氢与界面调控,19499,253,C0254,电催化析氢与界面调控,active,
254,M257,锂离子电池电极材料,13320,254,C0255,锂离子电池电极材料,active,
255,M258,磁电耦合与自旋极化基础,11714,255,C0256,磁电耦合与自旋极化基础,active,
256,M259,固体氧化物燃料电池,18799,256,C0257,固体氧化物燃料电池,active,
257,M260,综合能源系统协同管理与优化调度,19593,257,C0258,综合能源系统协同管理与优化调度,active,
258,M261,锂硫电池正极与多硫化物调控,11208,258,C0259,锂硫电池正极与多硫化物调控,active,
259,M262,电压电流检测与校验电路,3082,259,C0260,电压电流检测与校验电路,active,
260,M263,保护电路与开关控制,3277,260,C0261,保护电路与开关控制,active,
261,M264,电池外壳盖板与封装,3146,261,C0262,电池外壳盖板与封装,active,
262,M265,碳基氧还原及单原子催化,12569,262,C0263,碳基氧还原及单原子催化,active,
263,M266,绿色发展可持续性与绿色金融,16115,263,C0264,绿色发展可持续性与绿色金融,active,
264,M267,覆冰冻结与除冰传热,4246,264,C0265,覆冰冻结与除冰传热,active,
265,M268,燃料电池质子交换膜,12065,265,C0266,燃料电池质子交换膜,active,
266,M269,通用数学方程与数值方法,15483,266,C0267,通用数学方程与数值方法,active,
267,M271,液冷流体通道与杂项机电装置,2231,267,C0268,液冷流体通道与杂项机电装置,active,
268,M272,有机发光与分子光物理材料,13964,268,C0269,有机发光与分子光物理材料,active,
269,M273,翼型螺旋桨与航空气动,15706,269,C0270,翼型螺旋桨与航空气动,active,
270,M274,沼气及多路线生物燃料,13989,270,C0271,沼气及多路线生物燃料,active,
271,M275,高分子绝缘与复合材料混合,9187,271,C0272,高分子绝缘与复合材料混合,active,
272,M276,电机调制谐波与转矩控制,3473,272,C0273,电机调制谐波与转矩控制,active,
273,M277,电缆结构材料与敷设,3320,273,C0274,电缆结构材料与敷设,active,
274,M278,风电发电机与并网控制,15613,274,C0275,风电发电机与并网控制,active,
275,M279,锂离子电池负极材料,23866,275,C0276,锂离子电池负极材料,active,
276,M280,分子生物学与医学机制,10192,276,C0277,分子生物学与医学机制,active,
277,M281,整体电催化水分解,14069,277,C0278,整体电催化水分解,active,
278,M282,光伏支架与组件机械固定,2893,278,C0279,光伏支架与组件机械固定,active,
279,M283,航空器无人机设计与飞控,13159,279,C0280,航空器无人机设计与飞控,active,
280,M284,电机磁路转子与铁芯设计,3413,280,C0281,电机磁路转子与铁芯设计,active,
281,M285,金融投资与风险经济,12326,281,C0282,金融投资与风险经济,active,
282,M286,油路液压与油浸电气装置,1308,282,C0283,油路液压与油浸电气装置,active,
283,M287,能源标准化许可与专项监管,1326,283,C0284,能源标准化许可与专项监管,active,
284,M288,热泵换热器与热管理设计,11841,284,C0285,热泵换热器与热管理设计,active,
285,M289,燃料电池铂基催化剂,14654,285,C0286,燃料电池铂基催化剂,active,
286,M290,核裂变聚变与核电工程,9653,286,C0287,核裂变聚变与核电工程,active,
287,M291,多体系电池配方与器件,4481,287,C0288,多体系电池配方与器件,active,
288,M292,锌基硫族及氧化物薄膜,13393,288,C0289,锌基硫族及氧化物薄膜,active,
289,M293,铁氧化物磁性纳米材料,16456,289,C0290,铁氧化物磁性纳米材料,active,
290,M294,瓶装液化石油气价格政策,218,290,C0291,瓶装液化石油气价格政策,active,
291,M295,仿真软件硬件在环与教学平台,10712,291,C0292,仿真软件硬件在环与教学平台,active,
292,M296,电池系统管理与全寿命利用,9865,292,C0293,电池系统管理与全寿命利用,active,
293,M297,电池管理与均衡控制,3982,293,C0294,电池管理与均衡控制,active,
294,M298,光学薄膜与发光表征,11116,294,C0295,光学薄膜与发光表征,active,
295,M299,供水管网水力状态与节能调度,6751,295,C0296,供水管网水力状态与节能调度,active,
296,M301,废旧锂电池回收、分离与材料再生,8343,296,C0297,废旧锂电池回收、分离与材料再生,active,
297,M302,场效应晶体管结构与建模,11901,297,C0298,场效应晶体管结构与建模,active,
298,M303,温度测量监测与温控装置,2838,298,C0299,温度测量监测与温控装置,active,
299,M304,出版商模板干扰的多能源文本,11350,299,C0300,出版商模板干扰的多能源文本,active,
300,M305,半导体离子注入与辐照缺陷,9288,300,C0301,半导体离子注入与辐照缺陷,active,
301,M306,制冷循环与余热驱动制冷,7475,301,C0302,制冷循环与余热驱动制冷,active,
302,M307,照明灯具与光学部件,6011,302,C0303,照明灯具与光学部件,active,
303,M308,二氧化钛纳米结构制备与基础应用,35044,303,C0304,二氧化钛纳米结构制备与基础应用,active,
304,M309,电气设备防护监测及杂项装置,3112,304,C0305,电气设备防护监测及杂项装置,active,
305,M310,电能质量谐波检测与信号分析,16094,305,C0306,电能质量谐波检测与信号分析,active,
306,M311,对流換热与换热器热工分析,14706,306,C0307,对流換热与换热器热工分析,active,
307,M312,变电站自动化与电网监控,12737,307,C0308,变电站自动化与电网监控,active,
308,M313,电动车辆及充电系统装置,2888,308,C0309,电动车辆及充电系统装置,active,
309,M314,复合氧化物合成与电化学性质,10419,309,C0310,复合氧化物合成与电化学性质,active,
310,M315,变换器与电机变压器保护混合,13450,310,C0311,变换器与电机变压器保护混合,active,
311,M316,书目碎片封面与其他非研究文本,3892,311,C0312,书目碎片封面与其他非研究文本,active,
312,M317,电力系统频率控制及通用控制方法,10080,312,C0313,电力系统频率控制及通用控制方法,active,
313,M318,多体系电催化剂与电池材料制备,3076,313,C0314,多体系电催化剂与电池材料制备,active,
314,M319,中国能源转型与区域低碳经济,15098,314,C0315,中国能源转型与区域低碳经济,active,
315,M320,多种燃料燃烧与排放评估,11126,315,C0316,多种燃料燃烧与排放评估,active,
316,M321,溶剂萃取与化学分离,12010,316,C0317,溶剂萃取与化学分离,active,
317,M322,时钟同步与时延建模,9040,317,C0318,时钟同步与时延建模,active,
318,M323,等离子体动力学与磁约束,12382,318,C0319,等离子体动力学与磁约束,active,
319,M324,二氧化碳捕集材料与工艺,10508,319,C0320,二氧化碳捕集材料与工艺,active,
320,M325,海上风电平台与波浪能装置,3640,320,C0321,海上风电平台与波浪能装置,active,
321,M327,硫化物固态电解质与锂硫材料混合,1312,321,C0322,硫化物固态电解质与锂硫材料混合,active,
322,M328,林业经营与森林资源利用,13405,322,C0323,林业经营与森林资源利用,active,
323,M329,多体系纳米结构与复合材料,12869,323,C0324,多体系纳米结构与复合材料,active,
324,M330,锅炉气化与工业余热回收装置,2837,324,C0325,锅炉气化与工业余热回收装置,active,
325,M331,心血管及其他临床医学研究,8159,325,C0326,心血管及其他临床医学研究,active,
326,M332,风速与风电出力预测,6143,326,C0327,风速与风电出力预测,active,
327,M333,太阳能集热器与光热利用,13971,327,C0328,太阳能集热器与光热利用,active,
328,M334,电机驱动与机械传动装置,2639,328,C0329,电机驱动与机械传动装置,active,
329,M335,太阳能界面蒸发与海水淡化,11270,329,C0330,太阳能界面蒸发与海水淡化,active,
330,M336,能效标识与多类财税结算政策混合,385,330,C0331,能效标识与多类财税结算政策混合,active,
331,M337,可编程芯片与实时硬件实现,8577,331,C0332,可编程芯片与实时硬件实现,active,
332,M338,网格数值计算与跨领域仿真混合,9398,332,C0333,网格数值计算与跨领域仿真混合,active,
333,M339,钴基氧化物电催化与储能材料,9586,333,C0334,钴基氧化物电催化与储能材料,active,
334,M340,供电连接与电源电路装置,2322,334,C0335,供电连接与电源电路装置,active,
335,M341,硅碳负极材料与制备,3071,335,C0336,硅碳负极材料与制备,active,
336,M342,光伏跟踪与太阳能装置控制,5409,336,C0337,光伏跟踪与太阳能装置控制,active,
337,M343,相变储热材料与传热增强,11745,337,C0338,相变储热材料与传热增强,active,
338,M344,关键矿产供给与采矿资源,10275,338,C0339,关键矿产供给与采矿资源,active,
339,M345,甲醇电氧化与贵金属催化剂,14352,339,C0340,甲醇电氧化与贵金属催化剂,active,
340,M346,层状二维材料电子及声子性质,15760,340,C0341,层状二维材料电子及声子性质,active,
341,M347,生物质热解气化与水热转化,9663,341,C0342,生物质热解气化与水热转化,active,
342,M348,锂电池热行为与安全机制,11803,342,C0343,锂电池热行为与安全机制,active,
343,M349,电池热管理排气与壳体安全装置,1790,343,C0344,电池热管理排气与壳体安全装置,active,
344,M350,共轭高分子与光电复合材料,10495,344,C0345,共轭高分子与光电复合材料,active,
345,M351,离子交换膜传输及电化学应用,8263,345,C0346,离子交换膜传输及电化学应用,active,
346,M352,欧洲能源转型与一般区域政治混合,9789,346,C0347,欧洲能源转型与一般区域政治混合,active,
347,M353,智能电网信息安全与韧性,7783,347,C0348,智能电网信息安全与韧性,active,
348,M354,二硫化钼等二维材料与器件,11392,348,C0349,二硫化钼等二维材料与器件,active,
349,M355,能源地缘政治与一般国际关系混合,15605,349,C0350,能源地缘政治与一般国际关系混合,active,
350,M356,输配电线路视觉巡检与无人机检测,4023,350,C0351,输配电线路视觉巡检与无人机检测,active,
351,M357,机械摩擦传动与力学测量,13037,351,C0352,机械摩擦传动与力学测量,active,
352,M358,能源发展规划与综合指导政策,1440,352,C0353,能源发展规划与综合指导政策,active,
353,M359,可再生能源发展与多技术评价,18807,353,C0354,可再生能源发展与多技术评价,active,
354,M360,染料敏化太阳能电池材料与器件,18402,354,C0355,染料敏化太阳能电池材料与器件,active,
355,M361,电力知识处理与智能决策系统,3934,355,C0356,电力知识处理与智能决策系统,active,
356,M362,水泥混凝土性能与碳化,6615,356,C0357,水泥混凝土性能与碳化,active,
357,M363,非贵金属氧还原电催化材料,13639,357,C0358,非贵金属氧还原电催化材料,active,
358,M364,充电基础设施与公用事业接入政策混合,528,358,C0359,充电基础设施与公用事业接入政策混合,active,
359,M365,多孔碳材料及储能环境应用,9681,359,C0360,多孔碳材料及储能环境应用,active,
360,M366,机械装配传动与电气部件混合,3347,360,C0361,机械装配传动与电气部件混合,active,
361,M367,荧光粉组分调控与发光性质,20258,361,C0362,荧光粉组分调控与发光性质,active,
362,M368,镉基硫族半导体与量子点,9898,362,C0363,镉基硫族半导体与量子点,active,
363,M369,有机场效应晶体管,9261,363,C0364,有机场效应晶体管,active,
364,M370,电力通信与无线传输装置,4344,364,C0365,电力通信与无线传输装置,active,
365,M371,功能纤维复合材料与织物,9030,365,C0366,功能纤维复合材料与织物,active,
366,M372,铁化合物反应与材料应用,13464,366,C0367,铁化合物反应与材料应用,active,
367,M373,铀钍及稀土分离提取,8956,367,C0368,铀钍及稀土分离提取,active,
368,M374,多体系二次电池材料与电解液综述,17643,368,C0369,多体系二次电池材料与电解液综述,active,
369,M375,电池状态测量与诊断装置,3517,369,C0370,电池状态测量与诊断装置,active,
370,M376,太阳辐射测量估算与大气影响,11796,370,C0371,太阳辐射测量估算与大气影响,active,
371,M377,电力节能与新能源应用泛论,9685,371,C0372,电力节能与新能源应用泛论,active,
372,M378,电源变流电路与电压控制装置,4046,372,C0373,电源变流电路与电压控制装置,active,
373,M379,电池包与模组结构装置,4363,373,C0374,电池包与模组结构装置,active,
374,M380,永磁同步电机设计与控制,8518,374,C0375,永磁同步电机设计与控制,active,
375,M381,电气设备散热冷却结构,3212,375,C0376,电气设备散热冷却结构,active,
376,M382,换热器热泵与储热装置混合,3253,376,C0377,换热器热泵与储热装置混合,active,
377,M383,纳米流体传热性质与强化,7502,377,C0378,纳米流体传热性质与强化,active,
378,M385,锅炉蒸汽系统与汽轮机运行,13765,378,C0379,锅炉蒸汽系统与汽轮机运行,active,
379,M386,天然气管网供给与市场治理,8620,379,C0380,天然气管网供给与市场治理,active,
380,M387,光伏发电功率预测方法与装置,2987,380,C0381,光伏发电功率预测方法与装置,active,
381,M388,碳纳米管、纳米纤维与功能复合材料,24173,381,C0382,碳纳米管、纳米纤维与功能复合材料,active,
382,M389,交通运输车辆与燃料效率,11706,382,C0383,交通运输车辆与燃料效率,active,
383,M390,电缆桥架支撑与线束安装,2710,383,C0384,电缆桥架支撑与线束安装,active,
384,M391,辐照材料损伤与稳定性,12273,384,C0385,辐照材料损伤与稳定性,active,
385,M392,感应电机运行控制与性能,17650,385,C0386,感应电机运行控制与性能,active,
386,M393,有机发光二极管与发光材料,13177,386,C0387,有机发光二极管与发光材料,active,
387,M394,风电机组变桨偏航与运行控制,2259,387,C0388,风电机组变桨偏航与运行控制,active,
388,M395,计算流体力学与多相流,10897,388,C0389,计算流体力学与多相流,active,
389,M396,开关谐振及功率调节电路,2859,389,C0390,开关谐振及功率调节电路,active,
390,M397,水力发电与水轮机系统,9100,390,C0391,水力发电与水轮机系统,active,
391,M398,电网电压无功与多目标运行优化,3334,391,C0392,电网电压无功与多目标运行优化,active,
392,M399,配位化学与分子晶体结构,18524,392,C0393,配位化学与分子晶体结构,active,
393,M400,电力负荷需求与电价预测,10024,393,C0394,电力负荷需求与电价预测,active,
394,M401,纳米材料热传导与热管理,8808,394,C0395,纳米材料热传导与热管理,active,
395,M402,转写词与文本质量干扰的跨学科混杂,11038,395,C0396,转写词与文本质量干扰的跨学科混杂,active,
396,M404,风机发电装置与机舱结构,1653,396,C0397,风机发电装置与机舱结构,active,
397,M405,锌锆系及其他无机纳米材料,13986,397,C0398,锌锆系及其他无机纳米材料,active,
398,M406,可见光催化材料与反应,15726,398,C0399,可见光催化材料与反应,active,
399,M407,分类算法与跨领域技术文本混合,9854,399,C0400,分类算法与跨领域技术文本混合,active,
400,M408,期刊会议索引与出版信息,17498,400,C0401,期刊会议索引与出版信息,active,
401,M409,晶格声子热输运与热膨胀,18241,401,C0402,晶格声子热输运与热膨胀,active,
402,M410,汽车技术产品与零部件资讯,10587,402,C0403,汽车技术产品与零部件资讯,active,
403,M411,空调系统与能效控制装置,1823,403,C0404,空调系统与能效控制装置,active,
404,M412,群智能与多目标优化算法,12905,404,C0405,群智能与多目标优化算法,active,
405,M413,结构基础抗震与工程力学,9105,405,C0406,结构基础抗震与工程力学,active,
406,M414,水系锌电池负极及界面稳定,8655,406,C0407,水系锌电池负极及界面稳定,active,
407,M415,配电网重构与优化运行,11748,407,C0408,配电网重构与优化运行,active,
408,M416,氢氦在材料中的扩散与相互作用,14327,408,C0409,氢氦在材料中的扩散与相互作用,active,
409,M417,沸石硅基及多孔材料合成,12772,409,C0410,沸石硅基及多孔材料合成,active,
410,M418,清洗清扫与净化装置混合,1742,410,C0411,清洗清扫与净化装置混合,active,
411,M419,质子交换膜燃料电池运行与建模,9377,411,C0412,质子交换膜燃料电池运行与建模,active,
412,M421,二次电池正极活性材料,2153,412,C0413,二次电池正极活性材料,active,
413,M422,多孔介质两相流与界面润湿,11753,413,C0414,多孔介质两相流与界面润湿,active,
414,M423,林木育种栽培与植物生产,7893,414,C0415,林木育种栽培与植物生产,active,
415,M425,晶体生长结构与性质,12808,415,C0416,晶体生长结构与性质,active,
416,M426,固体氧化物电解池与可逆电化学单元,8704,416,C0417,固体氧化物电解池与可逆电化学单元,active,
417,M427,通用信息管理与软件系统,15366,417,C0418,通用信息管理与软件系统,active,
418,M428,聚合物气凝胶与复合材料,12457,418,C0419,聚合物气凝胶与复合材料,active,
419,M429,碳化硅功率半导体器件,12500,419,C0420,碳化硅功率半导体器件,active,
420,M430,柴油机及多燃料内燃机性能,10802,420,C0421,柴油机及多燃料内燃机性能,active,
421,M431,配电网规划运行与配置方法,2945,421,C0422,配电网规划运行与配置方法,active,
422,M432,气候变化适应与社会经济政策,13409,422,C0423,气候变化适应与社会经济政策,active,
423,M433,硅系半导体加工与材料性质,19179,423,C0424,硅系半导体加工与材料性质,active,
424,M434,巡检机器人与自主移动装置,4837,424,C0425,巡检机器人与自主移动装置,active,
425,M435,太阳能光热及光伏光热系统,12671,425,C0426,太阳能光热及光伏光热系统,active,
426,M436,通用电气工程应用与技术资料,10503,426,C0427,通用电气工程应用与技术资料,active,
427,M439,固废电子废物回收与处置,10519,427,C0428,固废电子废物回收与处置,active,
428,M440,磁性材料与铁氧体磁学,13892,428,C0429,磁性材料与铁氧体磁学,active,
429,M441,电力系统电磁暂态与实时仿真,9599,429,C0430,电力系统电磁暂态与实时仿真,active,
430,M442,电池负极储能材料与储氢材料混合,9390,430,C0431,电池负极储能材料与储氢材料混合,active,
431,M443,电机驱动控制方法与装置,3557,431,C0432,电机驱动控制方法与装置,active,
432,M444,风电功率预测与状态监测混合,1894,432,C0433,风电功率预测与状态监测混合,active,
433,M445,风电光伏项目建设与扶持政策,782,433,C0434,风电光伏项目建设与扶持政策,active,
434,M446,智能电表物联网与用能监测,9392,434,C0435,智能电表物联网与用能监测,active,
435,M447,钠离子电池电极材料,11337,435,C0436,钠离子电池电极材料,active,
436,M448,矿物岩石与黏土性质,13018,436,C0437,矿物岩石与黏土性质,active,
437,M449,电力设备数据诊断与异常检测,3993,437,C0438,电力设备数据诊断与异常检测,active,
438,M450,电气化铁路牵引与供电,9216,438,C0439,电气化铁路牵引与供电,active,
439,M451,铜基硫族薄膜与光伏吸收材料,10514,439,C0440,铜基硫族薄膜与光伏吸收材料,active,
440,M453,二次电池电解液添加剂与配方,3867,440,C0441,二次电池电解液添加剂与配方,active,
441,M454,能源专项监管与企业整改公告,538,441,C0442,能源专项监管与企业整改公告,active,
442,M455,建筑能效与居民供热用能,14418,442,C0443,建筑能效与居民供热用能,active,
443,M456,通用计算硬件接口与电子系统,9748,443,C0444,通用计算硬件接口与电子系统,active,
444,M457,雷电电磁场与天体物理混合,10190,444,C0445,雷电电磁场与天体物理混合,active,
445,M458,电力扰动孤岛及异常识别算法,10590,445,C0446,电力扰动孤岛及异常识别算法,active,
446,M459,电力安全风险与故障预警系统,3207,446,C0447,电力安全风险与故障预警系统,active,
447,M460,水资源调度灌溉与水能利用,12061,447,C0448,水资源调度灌溉与水能利用,active,
448,M461,电池单体壳体与组件结构,3292,448,C0449,电池单体壳体与组件结构,active,
449,M462,液压泵阀与流体传动,12536,449,C0450,液压泵阀与流体传动,active,
450,M463,电力系统暂态电压与稳定性分析,12178,450,C0451,电力系统暂态电压与稳定性分析,active,
451,M464,风光储及混合能源系统配置,11691,451,C0452,风光储及混合能源系统配置,active,
452,M465,电机制造与通用装配装置混合,2232,452,C0453,电机制造与通用装配装置混合,active,
453,M467,木材加工与木质资源利用,10199,453,C0454,木材加工与木质资源利用,active,
454,M468,污染物吸附氧化与分离,12686,454,C0455,污染物吸附氧化与分离,active,
455,M469,电极组件与活性材料加工,2490,455,C0456,电极组件与活性材料加工,active,
456,M470,电网状态估计相量测量与系统分析,9518,456,C0457,电网状态估计相量测量与系统分析,active,
457,M471,气固流动分离与杂项工艺混合,8207,457,C0458,气固流动分离与杂项工艺混合,active,
458,M472,钛合金陶瓷与MAX相材料,13802,458,C0459,钛合金陶瓷与MAX相材料,active,
459,M473,电场空间电荷与界面建模,10769,459,C0460,电场空间电荷与界面建模,active,
460,M474,电催化制氨与氮循环反应,12028,460,C0461,电催化制氨与氮循环反应,active,
461,M475,超导电力装置与故障限流,7935,461,C0462,超导电力装置与故障限流,active,
462,M476,区域供热预测与热系统建模,8736,462,C0463,区域供热预测与热系统建模,active,
463,M477,潜热及热化学储热系统,7724,463,C0464,潜热及热化学储热系统,active,
464,M478,功率因数校正与变流器电流控制,16282,464,C0465,功率因数校正与变流器电流控制,active,
465,M479,新能源汽车产业与推广政策,406,465,C0466,新能源汽车产业与推广政策,active,
466,M480,燃料电池电堆与系统装置,1650,466,C0467,燃料电池电堆与系统装置,active,
467,M481,网络攻击检测与信息安全,10981,467,C0468,网络攻击检测与信息安全,active,
468,M482,燃料电池技术与固体氧化物电池,10275,468,C0469,燃料电池技术与固体氧化物电池,active,
469,M483,电力储能系统集成与运行装置,1709,469,C0470,电力储能系统集成与运行装置,active,
470,M484,风力机叶片塔架与气动结构,2210,470,C0471,风力机叶片塔架与气动结构,active,
471,M485,多电平逆变器拓扑与调制,13900,471,C0472,多电平逆变器拓扑与调制,active,
472,M486,二氧化碳地质封存与驱油,13587,472,C0473,二氧化碳地质封存与驱油,active,
473,M487,焦炭钙基反应与无机工艺材料混合,12492,473,C0474,焦炭钙基反应与无机工艺材料混合,active,
474,M488,钢铁合金腐蚀与耐蚀性能,14630,474,C0475,钢铁合金腐蚀与耐蚀性能,active,
475,M489,工业废水处理与电化学净化,10981,475,C0476,工业废水处理与电化学净化,active,
476,M490,节能审查与碳排放评价政策,612,476,C0477,节能审查与碳排放评价政策,active,
477,M491,抗菌生物医用纳米材料,10637,477,C0478,抗菌生物医用纳米材料,active,
478,M492,电机绕组线圈与电磁部件,2587,478,C0479,电机绕组线圈与电磁部件,active,
479,M493,燃气轮机与航空发动机装置,2200,479,C0480,燃气轮机与航空发动机装置,active,
480,M494,微生物燃料电池与生物产电,9337,480,C0481,微生物燃料电池与生物产电,active,
481,M495,半导体光电探测器,12215,481,C0482,半导体光电探测器,active,
482,M496,电催化氧化还原与催化材料综述,12870,482,C0483,电催化氧化还原与催化材料综述,active,
483,M497,配电系统供电设备与可靠性,14541,483,C0484,配电系统供电设备与可靠性,active,
484,M498,锂钠储能负极纳米材料,9846,484,C0485,锂钠储能负极纳米材料,active,
485,M499,能源发展可及性与能源贫困,18681,485,C0486,能源发展可及性与能源贫困,active,
486,M000.cooling,电池冷却与散热,5409,486,C0487,电池冷却与散热,active,
487,M000.preheating,电池低温预热,175,487,C0488,电池低温预热,active,
488,M003.offshore_economics,海上风电开发与技术经济,337,488,C0489,海上风电开发与技术经济,active,
489,M003.wind_resources,风能资源评估与选址,1906,489,C0490,风能资源评估与选址,active,
490,M007.coating,电池电极涂布与辊压,187,490,C0491,电池电极涂布与辊压,active,
491,M010.biophotolysis,光生物制氢,45,491,C0492,光生物制氢,active,
492,M010.photocatalytic_h2,光催化制氢,12129,492,C0493,光催化制氢,active,
493,M011.dielectric_storage,聚合物介电储能,4,493,C0494,聚合物介电储能,active,
494,M011.electrical_insulation,聚合物电气绝缘,49,494,C0495,聚合物电气绝缘,active,
495,M012.packaging,集成电路与功率模块封装,99,495,C0496,集成电路与功率模块封装,active,
496,M015.algal_biofuel,藻类生物燃料,154,496,C0497,藻类生物燃料,active,
497,M015.sustainability,生物能源生命周期与可持续性,2257,497,C0498,生物能源生命周期与可持续性,active,
498,M016.electromagnetic,电磁能量采集,481,498,C0499,电磁能量采集,active,
499,M016.piezoelectric,压电能量采集,657,499,C0500,压电能量采集,active,
500,M021.electrolyte,钠电池电解液与界面,1714,500,C0501,钠电池电解液与界面,active,
501,M023.tidal,潮汐与潮流能开发,380,501,C0502,潮汐与潮流能开发,active,
502,M027.charger_thermal,充电设施散热,34,502,C0503,充电设施散热,active,
503,M027.grid_impact,电动汽车充电并网影响,587,503,C0504,电动汽车充电并网影响,active,
504,M032.oil_industry,石油产业投资与经营,23,504,C0505,石油产业投资与经营,active,
505,M032.oil_price,石油价格与市场经济,2430,505,C0506,石油价格与市场经济,active,
506,M033.nutrient_recovery,污水污泥营养元素回收,22,506,C0507,污水污泥营养元素回收,active,
507,M033.sludge_dewatering,污泥脱水与调理,160,507,C0508,污泥脱水与调理,active,
508,M034.water_heating,太阳能热水与供热装置,2447,508,C0509,太阳能热水与供热装置,active,
509,M036.co2_photo,光催化二氧化碳还原,4770,509,C0510,光催化二氧化碳还原,active,
510,M040.manufacturing,电池装配工装与制造设备,498,510,C0511,电池装配工装与制造设备,active,
511,M041.wireless_charger,无线充电器与装置,1215,511,C0512,无线充电器与装置,active,
512,M042.gas_hydrate,天然气水合物生成与分解,607,512,C0513,天然气水合物生成与分解,active,
513,M045.coal_gasification,煤气化工艺与反应,1126,513,C0514,煤气化工艺与反应,active,
514,M046.desalination,膜法海水淡化,1645,514,C0515,膜法海水淡化,active,
515,M046.fouling,分离膜污染与清洗,2417,515,C0516,分离膜污染与清洗,active,
516,M047.demand_response,配电网需求响应与柔性调度,676,516,C0517,配电网需求响应与柔性调度,active,
517,M048.binder,电池电极粘结剂,1440,517,C0518,电池电极粘结剂,active,
518,M048.separator,电池隔膜制备与改性,1406,518,C0519,电池隔膜制备与改性,active,
519,M049.gel,凝胶聚合物锂电解质,1044,519,C0520,凝胶聚合物锂电解质,active,
520,M049.solid,固态聚合物锂电解质,1868,520,C0521,固态聚合物锂电解质,active,
521,M053.retail_tariff,销售电价与用户电费政策,83,521,C0522,销售电价与用户电费政策,active,
522,M053.transmission_tariff,输配电价监管政策,55,522,C0523,输配电价监管政策,active,
523,M055.dispatch,储能运行调度与收益,684,523,C0524,储能运行调度与收益,active,
524,M055.sizing,储能容量配置与选址,590,524,C0525,储能容量配置与选址,active,
525,M058.fermentative_h2,厌氧发酵生物制氢,808,525,C0526,厌氧发酵生物制氢,active,
526,M065.carbon_tax,碳税与环境税费,2666,526,C0527,碳税与环境税费,active,
527,M065.subsidy,可再生能源补贴机制,120,527,C0528,可再生能源补贴机制,active,
528,M066.crystallization,钙钛矿吸收层结晶与成膜,501,528,C0529,钙钛矿吸收层结晶与成膜,active,
529,M066.interfaces,钙钛矿电池界面、钝化与传输层,6900,529,C0530,钙钛矿电池界面、钝化与传输层,active,
530,M066.stability,钙钛矿电池稳定性与衰减,282,530,C0531,钙钛矿电池稳定性与衰减,active,
531,M066.tandem,钙钛矿叠层太阳能电池,1746,531,C0532,钙钛矿叠层太阳能电池,active,
532,M068.gan,氮化镓功率与结器件,3162,532,C0533,氮化镓功率与结器件,active,
533,M071.economics,氢能技术经济与生命周期,1447,533,C0534,氢能技术经济与生命周期,active,
534,M078.air,燃料电池供气与空压控制,151,534,C0535,燃料电池供气与空压控制,active,
535,M078.water,燃料电池水管理,361,535,C0536,燃料电池水管理,active,
536,M079.other_pollutants,其他材料光催化污染物降解,24294,536,C0537,其他材料光催化污染物降解,active,
537,M081.communication,智能电网通信架构,803,537,C0538,智能电网通信架构,active,
538,M082.harmonics,配电网谐波与电能质量治理,1173,538,C0539,配电网谐波与电能质量治理,active,
539,M082.voltage_var,配电网电压无功优化,1149,539,C0540,配电网电压无功优化,active,
540,M085.degradation,光伏组件退化与寿命,400,540,C0541,光伏组件退化与寿命,active,
541,M085.fault,光伏组件故障与缺陷检测,1478,541,C0542,光伏组件故障与缺陷检测,active,
542,M086.refueling,加氢站与氢气加注,517,542,C0543,加氢站与氢气加注,active,
543,M087.anaerobic_wastewater,厌氧污水处理反应器,280,543,C0544,厌氧污水处理反应器,active,
544,M089.scheduling,电动汽车有序充放电调度,839,544,C0545,电动汽车有序充放电调度,active,
545,M096.magnet_design,永磁电机磁路与结构设计,233,545,C0546,永磁电机磁路与结构设计,active,
546,M097.building_cooling,建筑冷却与被动降温,106,546,C0547,建筑冷却与被动降温,active,
547,M101.line_fault,输配电线路故障检测与定位,1392,547,C0548,输配电线路故障检测与定位,active,
548,M101.switchgear,开关设备故障检测,372,548,C0549,开关设备故障检测,active,
549,M101.transformer,变压器故障诊断,2108,549,C0550,变压器故障诊断,active,
550,M103.gas_turbine,燃气轮机热力性能,1773,550,C0551,燃气轮机热力性能,active,
551,M104.ems,微电网能量管理与经济调度,2969,551,C0552,微电网能量管理与经济调度,active,
552,M105.adoption,电动汽车推广与购买行为,2028,552,C0553,电动汽车推广与购买行为,active,
553,M105.consumption,电动汽车整车能耗与续航,456,553,C0554,电动汽车整车能耗与续航,active,
554,M108.zinc_air,锌空气电池,1964,554,C0555,锌空气电池,active,
555,M108.zinc_ion,水系锌离子电池,5994,555,C0556,水系锌离子电池,active,
556,M112.pollutants,TiO₂光催化污染物降解,8762,556,C0557,TiO₂光催化污染物降解,active,
557,M113.oil_water,油水分离界面与膜材料,460,557,C0558,油水分离界面与膜材料,active,
558,M113.water_harvesting,大气集水与雾水采集,62,558,C0559,大气集水与雾水采集,active,
559,M114.hydrate,二氧化碳水合物形成与分离,1950,559,C0560,二氧化碳水合物形成与分离,active,
560,M116.compression,蒸汽压缩制冷循环,439,560,C0561,蒸汽压缩制冷循环,active,
561,M116.refrigerants,制冷工质及其热物性,49,561,C0562,制冷工质及其热物性,active,
562,M119.plc,电力线载波通信,750,562,C0563,电力线载波通信,active,
563,M120.wave_energy,波浪能转换装置,3151,563,C0564,波浪能转换装置,active,
564,M124.dry_reforming,二氧化碳干重整制合成气,416,564,C0565,二氧化碳干重整制合成气,active,
565,M124.steam_reforming,蒸汽重整制氢与合成气,881,565,C0566,蒸汽重整制氢与合成气,active,
566,M127.graphene_composite,石墨烯结构复合材料,98,566,C0567,石墨烯结构复合材料,active,
567,M127.graphene_membrane,石墨烯分离膜,2,567,C0568,石墨烯分离膜,active,
568,M128.food_sludge,餐厨垃圾或污泥厌氧消化,2902,568,C0569,餐厨垃圾或污泥厌氧消化,active,
569,M128.manure,畜禽粪便与农业残余厌氧消化,1040,569,C0570,畜禽粪便与农业残余厌氧消化,active,
570,M130.manufacturing,光伏电池与组件制造工艺,814,570,C0571,光伏电池与组件制造工艺,active,
571,M132.emissions_trading,碳排放交易机制,2766,571,C0572,碳排放交易机制,active,
572,M134.connector,电连接器与接线端子,84,572,C0573,电连接器与接线端子,active,
573,M135.market_design,电力市场机制与制度设计,515,573,C0574,电力市场机制与制度设计,active,
574,M135.prosumer,产消者能源交易,967,574,C0575,产消者能源交易,active,
575,M136.alkaline_electrolysis,碱性水电解制氢,1480,575,C0576,碱性水电解制氢,active,
576,M136.pem_electrolysis,质子交换膜水电解制氢,1556,576,C0577,质子交换膜水电解制氢,active,
577,M137.parameters,光伏电池与组件模型参数辨识,515,577,C0578,光伏电池与组件模型参数辨识,active,
578,M141.rotor,电机转子结构与制造,350,578,C0579,电机转子结构与制造,active,
579,M141.stator,电机定子结构与制造,301,579,C0580,电机定子结构与制造,active,
580,M142.droop,微电网下垂控制与功率分配,1001,580,C0581,微电网下垂控制与功率分配,active,
581,M142.islanding,微电网孤岛切换与动态控制,1570,581,C0582,微电网孤岛切换与动态控制,active,
582,M152.sic_ceramic,碳化硅陶瓷结构材料,1245,582,C0583,碳化硅陶瓷结构材料,active,
583,M158.polymer,聚合物有机太阳能电池,5826,583,C0584,聚合物有机太阳能电池,active,
584,M158.printing,有机光伏印刷与规模制造,130,584,C0585,有机光伏印刷与规模制造,active,
585,M158.small_molecule,小分子有机太阳能电池,1163,585,C0586,小分子有机太阳能电池,active,
586,M159.irradiance,太阳辐照度预测估算,3121,586,C0587,太阳辐照度预测估算,active,
587,M164.grounding,电网接地与地网安全,207,587,C0588,电网接地与地网安全,active,
588,M164.lightning,输电线路雷击与防雷,760,588,C0589,输电线路雷击与防雷,active,
589,M166.multijunction,非钙钛矿多结太阳能电池,2129,589,C0590,非钙钛矿多结太阳能电池,active,
590,M169.ecm,电池等效电路与参数辨识,306,590,C0591,电池等效电路与参数辨识,active,
591,M169.soc,电池荷电状态估计,3713,591,C0592,电池荷电状态估计,active,
592,M169.soh_rul,电池健康状态与寿命预测,3714,592,C0593,电池健康状态与寿命预测,active,
593,M171.energy_security,能源安全与转型战略,323,593,C0594,能源安全与转型战略,active,
594,M175.short_circuit,电网短路电流计算,17,594,C0595,电网短路电流计算,active,
595,M182.beam,聚变加热与中性束注入,202,595,C0596,聚变加热与中性束注入,active,
596,M191.charging_forecast,电动汽车充电负荷预测,357,596,C0597,电动汽车充电负荷预测,active,
597,M193.lithium_extraction,锂资源提取与分离,2185,597,C0598,锂资源提取与分离,active,
598,M194.temperature_control,电气设备温度监测与控制,11,598,C0599,电气设备温度监测与控制,active,
599,M196.dac,直接空气捕碳,553,599,C0600,直接空气捕碳,active,
600,M198.copper_thermoelectric,铜基热电材料,536,600,C0601,铜基热电材料,active,
601,M202.triboelectric,摩擦纳米发电机,2009,601,C0602,摩擦纳米发电机,active,
602,M203.pollutants,ZnO光催化污染物降解,2695,602,C0603,ZnO光催化污染物降解,active,
603,M206.aging,电池老化实验与循环寿命,1180,603,C0604,电池老化实验与循环寿命,active,
604,M206.impedance,电池阻抗表征,424,604,C0605,电池阻抗表征,active,
605,M211.exploration,地热资源勘探与储层建模,1522,605,C0606,地热资源勘探与储层建模,active,
606,M211.utilization,地热供热与发电利用,645,606,C0607,地热供热与发电利用,active,
607,M212.isolated,隔离型DC-DC变换器,667,607,C0608,隔离型DC-DC变换器,active,
608,M212.nonisolated,非隔离DC-DC变换器,423,608,C0609,非隔离DC-DC变换器,active,
609,M216.tab_welding,电池极耳焊接,9,609,C0610,电池极耳焊接,active,
610,M217.electrical_safety,电气安全与触电风险,441,610,C0611,电气安全与触电风险,active,
611,M219.international,国际气候协定与治理,371,611,C0612,国际气候协定与治理,active,
612,M221.reliability,电力系统可靠性评估,429,612,C0613,电力系统可靠性评估,active,
613,M222.corona,电晕放电与电晕损耗,846,613,C0614,电晕放电与电晕损耗,active,
614,M222.partial_discharge,电气绝缘局部放电,1808,614,C0615,电气绝缘局部放电,active,
615,M223.interface,锂金属负极界面稳定与枝晶抑制,2474,615,C0616,锂金属负极界面稳定与枝晶抑制,active,
616,M224.ethanol,木质纤维素生物乙醇,122,616,C0617,木质纤维素生物乙醇,active,
617,M224.pretreatment,木质纤维素预处理,171,617,C0618,木质纤维素预处理,active,
618,M226.soil,生物炭土壤改良,527,618,C0619,生物炭土壤改良,active,
619,M226.water,生物炭水污染物去除,7,619,C0620,生物炭水污染物去除,active,
620,M230.industrial_audit,工业能源审计与节能评估,274,620,C0621,工业能源审计与节能评估,active,
621,M236.resonant,谐振与软开关变换器,4795,621,C0622,谐振与软开关变换器,active,
622,M238.supply_chain,氢能供应链与基础设施规划,782,622,C0623,氢能供应链与基础设施规划,active,
623,M239.agrivoltaics,农光互补与农光协同,557,623,C0624,农光互补与农光协同,active,
624,M239.economics,光伏技术经济与投资,434,624,C0625,光伏技术经济与投资,active,
625,M239.rooftop,屋顶与分布式光伏部署,579,625,C0626,屋顶与分布式光伏部署,active,
626,M251.permanent_magnet,永磁材料与磁性设计,397,626,C0627,永磁材料与磁性设计,active,
627,M251.soft_magnetic,软磁材料与磁损耗,57,627,C0628,软磁材料与磁损耗,active,
628,M252.brayton,超临界二氧化碳布雷顿循环,413,628,C0629,超临界二氧化碳布雷顿循环,active,
629,M252.orc,有机朗肯循环发电,2359,629,C0630,有机朗肯循环发电,active,
630,M253.location,电动汽车充电站选址规划,684,630,C0631,电动汽车充电站选址规划,active,
631,M253.routing,电动汽车路径与补能规划,442,631,C0632,电动汽车路径与补能规划,active,
632,M254.district,区域供热供冷系统,3336,632,C0633,区域供热供冷系统,active,
633,M255.co2_hydrogenation,二氧化碳催化加氢与甲烷化,2539,633,C0634,二氧化碳催化加氢与甲烷化,active,
634,M260.planning,综合能源系统规划配置,398,634,C0635,综合能源系统规划配置,active,
635,M260.scheduling,综合能源系统优化调度,1149,635,C0636,综合能源系统优化调度,active,
636,M262.current,电流检测与测量电路,426,636,C0637,电流检测与测量电路,active,
637,M262.voltage,电压检测与测量电路,393,637,C0638,电压检测与测量电路,active,
638,M263.leakage,漏电与剩余电流保护,166,638,C0639,漏电与剩余电流保护,active,
639,M263.surge,浪涌与过压保护电路,63,639,C0640,浪涌与过压保护电路,active,
640,M264.cover,电池盖板、端子与密封结构,1230,640,C0641,电池盖板、端子与密封结构,active,
641,M266.green_finance,绿色金融与能源投资,968,641,C0642,绿色金融与能源投资,active,
642,M267.deicing,电力设施覆冰与除冰,147,642,C0643,电力设施覆冰与除冰,active,
643,M274.biogas_upgrading,沼气提纯与生物甲烷升级,929,643,C0644,沼气提纯与生物甲烷升级,active,
644,M276.modulation,电机驱动PWM与谐波控制,851,644,C0645,电机驱动PWM与谐波控制,active,
645,M276.torque,电机转矩脉动抑制,448,645,C0646,电机转矩脉动抑制,active,
646,M277.cable_material,电缆绝缘护套与导体结构,2265,646,C0647,电缆绝缘护套与导体结构,active,
647,M279.graphite,锂电石墨负极,253,647,C0648,锂电石墨负极,active,
648,M287.standards,能源电力标准化政策,71,648,C0649,能源电力标准化政策,active,
649,M288.air_heat_pump,空气源热泵,653,649,C0650,空气源热泵,active,
650,M288.ground_heat_pump,地源热泵与地埋换热器,3555,650,C0651,地源热泵与地埋换热器,active,
651,M290.fission,核裂变反应堆工程,71,651,C0652,核裂变反应堆工程,active,
652,M290.fusion,核聚变装置工程,1050,652,C0653,核聚变装置工程,active,
653,M295.education,能源电力教学实验平台,184,653,C0654,能源电力教学实验平台,active,
654,M295.hil,电力系统硬件在环仿真,4,654,C0655,电力系统硬件在环仿真,active,
655,M296.second_life,动力电池梯次利用,385,655,C0656,动力电池梯次利用,active,
656,M297.balancing,电池单体均衡控制,921,656,C0657,电池单体均衡控制,active,
657,M301.direct_recycling,废旧电池材料直接再生,5,657,C0658,废旧电池材料直接再生,active,
658,M301.disassembly,废旧电池拆解与物理分离,31,658,C0659,废旧电池拆解与物理分离,active,
659,M301.hydrometallurgy,废旧电池湿法回收,106,659,C0660,废旧电池湿法回收,active,
660,M303.temperature_sensing,温度传感与测量装置,427,660,C0661,温度传感与测量装置,active,
661,M306.absorption,吸收式制冷循环,1098,661,C0662,吸收式制冷循环,active,
662,M306.adsorption,吸附式制冷循环,209,662,C0663,吸附式制冷循环,active,
663,M307.led_lighting,LED照明灯具与配光,335,663,C0664,LED照明灯具与配光,active,
664,M311.heat_exchanger,换热器结构与传热强化,1386,664,C0665,换热器结构与传热强化,active,
665,M315.power_semiconductor,功率半导体器件,570,665,C0666,功率半导体器件,active,
666,M317.frequency,电网频率控制,1975,666,C0667,电网频率控制,active,
667,M319.regional_carbon,中国区域低碳经济与碳效率,148,667,C0668,中国区域低碳经济与碳效率,active,
668,M323.mhd,磁约束等离子体MHD稳定性,91,668,C0669,磁约束等离子体MHD稳定性,active,
669,M324.absorption,二氧化碳溶剂吸收捕集,1509,669,C0670,二氧化碳溶剂吸收捕集,active,
670,M324.adsorption,二氧化碳固体吸附捕集,4655,670,C0671,二氧化碳固体吸附捕集,active,
671,M325.floating_wind,漂浮式海上风电平台,2496,671,C0672,漂浮式海上风电平台,active,
672,M327.sulfide_electrolyte,硫化物固态电解质,457,672,C0673,硫化物固态电解质,active,
673,M328.forest_management,森林资源经营与碳汇,1373,673,C0674,森林资源经营与碳汇,active,
674,M332.wind_power,风电出力预测,2803,674,C0675,风电出力预测,active,
675,M332.wind_speed,风速预测,2515,675,C0676,风速预测,active,
676,M333.collector,太阳能集热器传热设计,971,676,C0677,太阳能集热器传热设计,active,
677,M333.csp,聚光太阳能热发电,2426,677,C0678,聚光太阳能热发电,active,
678,M336.energy_label,能效标识与产品能效政策,0,-1,,,unused_candidate,
679,M337.fpga,FPGA实时控制与硬件实现,546,678,C0679,FPGA实时控制与硬件实现,active,
680,M347.gasification,生物质气化制合成气,5175,679,C0680,生物质气化制合成气,active,
681,M347.htc,生物质水热炭化,306,680,C0681,生物质水热炭化,active,
682,M347.htl,生物质水热液化,106,681,C0682,生物质水热液化,active,
683,M348.fire,电池火灾抑制与灭火,238,682,C0683,电池火灾抑制与灭火,active,
684,M348.runaway,电池热失控与传播,1850,683,C0684,电池热失控与传播,active,
685,M353.cyber,智能电网网络攻击与安全,497,684,C0685,智能电网网络攻击与安全,active,
686,M353.resilience,电网灾害韧性与恢复,1055,685,C0686,电网灾害韧性与恢复,active,
687,M360.counterelectrode,染料敏化电池对电极,2137,686,C0687,染料敏化电池对电极,active,
688,M360.photoanode,染料敏化电池光阳极,1665,687,C0688,染料敏化电池光阳极,active,
689,M360.sensitizer,染料敏化电池敏化剂,2887,688,C0689,染料敏化电池敏化剂,active,
690,M361.knowledge_graph,电力知识图谱,145,689,C0690,电力知识图谱,active,
691,M364.charging_policy,充电基础设施建设政策,60,690,C0691,充电基础设施建设政策,active,
692,M364.utility_connection,公用事业接入与收费政策,40,691,C0692,公用事业接入与收费政策,active,
693,M365.activated_carbon,活性炭制备与孔结构,1463,692,C0693,活性炭制备与孔结构,active,
694,M373.rare_earth,稀土元素提取分离,1335,693,C0694,稀土元素提取分离,active,
695,M373.uranium,铀钍提取与分离,1156,694,C0695,铀钍提取与分离,active,
696,M374.multivalent,镁铝钙多价离子电池,460,695,C0696,镁铝钙多价离子电池,active,
697,M374.potassium,钾离子电池,583,696,C0697,钾离子电池,active,
698,M376.measurement,太阳辐射测量与仪器,161,697,C0698,太阳辐射测量与仪器,active,
699,M379.module,电池模组与电池包装配结构,581,698,C0699,电池模组与电池包装配结构,active,
700,M380.pmsm_control,永磁同步电机控制,4373,699,C0700,永磁同步电机控制,active,
701,M381.air_cooling,电气设备风冷散热,42,700,C0701,电气设备风冷散热,active,
702,M381.liquid_cooling,电气设备液冷散热,18,701,C0702,电气设备液冷散热,active,
703,M385.boiler,电站锅炉运行与燃烧,84,702,C0703,电站锅炉运行与燃烧,active,
704,M385.steam_turbine,汽轮机运行与热力性能,318,703,C0704,汽轮机运行与热力性能,active,
705,M386.gas_network,天然气管网优化运行,121,704,C0705,天然气管网优化运行,active,
706,M389.rail,轨道交通能耗与牵引优化,14,705,C0706,轨道交通能耗与牵引优化,active,
707,M389.shipping,船舶燃料与能效,159,706,C0707,船舶燃料与能效,active,
708,M390.cable_support,电缆桥架与线束支撑,763,707,C0708,电缆桥架与线束支撑,active,
709,M391.irradiation,核结构材料辐照损伤,155,708,C0709,核结构材料辐照损伤,active,
710,M397.hydropower_dispatch,水电站运行调度,451,709,C0710,水电站运行调度,active,
711,M397.turbines,水轮机性能与设计,475,710,C0711,水轮机性能与设计,active,
712,M400.load,电力负荷预测,2962,711,C0712,电力负荷预测,active,
713,M400.price,电价预测,1040,712,C0713,电价预测,active,
714,M421.layered,层状及富镍锂电正极材料,3603,713,C0714,层状及富镍锂电正极材料,active,
715,M421.lfp,锂电磷酸盐正极材料,2235,714,C0715,锂电磷酸盐正极材料,active,
716,M430.diesel,柴油机燃烧与排放,593,715,C0716,柴油机燃烧与排放,active,
717,M430.dual_fuel,双燃料发动机,105,716,C0717,双燃料发动机,active,
718,M431.planning,配电网规划与容量配置,1751,717,C0718,配电网规划与容量配置,active,
719,M432.adaptation,气候变化适应与风险,1074,718,C0719,气候变化适应与风险,active,
720,M432.mitigation,气候变化减缓政策,1129,719,C0720,气候变化减缓政策,active,
721,M434.pv_cleaning,光伏清扫机器人,204,720,C0721,光伏清扫机器人,active,
722,M434.substation_robot,变电站巡检机器人,133,721,C0722,变电站巡检机器人,active,
723,M435.pvt,光伏光热联合系统,3173,722,C0723,光伏光热联合系统,active,
724,M439.ewaste,电子废物回收,545,723,C0724,电子废物回收,active,
725,M439.plastic,废塑料回收与转化,895,724,C0725,废塑料回收与转化,active,
726,M444.wind_condition,风机状态监测与预测性维护,559,725,C0726,风机状态监测与预测性维护,active,
727,M447.anode,钠离子电池负极材料,5474,726,C0727,钠离子电池负极材料,active,
728,M447.cathode,钠离子电池正极材料,4959,727,C0728,钠离子电池正极材料,active,
729,M455.hvac,建筑暖通空调能耗,282,728,C0729,建筑暖通空调能耗,active,
730,M455.retrofit,建筑节能改造,9,729,C0730,建筑节能改造,active,
731,M457.astrophysics,天体等离子体与磁重联,163,730,C0731,天体等离子体与磁重联,active,
732,M459.risk_warning,电力设备风险预警,6,731,C0732,电力设备风险预警,active,
733,M460.irrigation,灌溉水资源优化调度,58,732,C0733,灌溉水资源优化调度,active,
734,M462.hydraulic_pump,液压泵性能与控制,22,733,C0734,液压泵性能与控制,active,
735,M462.hydraulic_valve,液压阀设计与控制,17,734,C0735,液压阀设计与控制,active,
736,M463.transient,电力系统暂态稳定,1165,735,C0736,电力系统暂态稳定,active,
737,M463.voltage,电力系统电压稳定,930,736,C0737,电力系统电压稳定,active,
738,M467.wood_processing,木材加工与干燥,326,737,C0738,木材加工与干燥,active,
739,M468.adsorption,水污染物吸附去除,1391,738,C0739,水污染物吸附去除,active,
740,M468.electro_oxidation,水污染物电化学氧化,179,739,C0740,水污染物电化学氧化,active,
741,M470.state_estimation,电网状态估计与相量测量,697,740,C0741,电网状态估计与相量测量,active,
742,M474.n2_reduction,氮气电还原制氨,714,741,C0742,氮气电还原制氨,active,
743,M474.nitrate_reduction,硝酸盐电还原制氨,695,742,C0743,硝酸盐电还原制氨,active,
744,M477.latent,潜热储热系统,5237,743,C0744,潜热储热系统,active,
745,M477.thermochemical,热化学储热系统,695,744,C0745,热化学储热系统,active,
746,M478.pfc,功率因数校正电路与控制,3022,745,C0746,功率因数校正电路与控制,active,
747,M481.intrusion,网络入侵检测,1750,746,C0747,网络入侵检测,active,
748,M483.integration,储能系统集成与安全装置,107,747,C0748,储能系统集成与安全装置,active,
749,M492.winding,电机绕组与线圈制造,17,748,C0749,电机绕组与线圈制造,active,
750,M499.energy_poverty,能源贫困与能源可及性,1076,749,C0750,能源贫困与能源可及性,active,
751,Q.EDITORIAL,封面、索引、勘误等非研究正文,2786,-1,,,quality_quarantine,Q.EDITORIAL
752,Q.INSUFFICIENT,题名摘要不足，待补全,2709,-1,,,quality_quarantine,Q.INSUFFICIENT
753,Q.TEMPLATE,仍有模板干扰，待复核,37,-1,,,quality_quarantine,Q.TEMPLATE
754,Q.UNUSABLE,原始文本不可用,2391,-1,,,quality_quarantine,Q.UNUSABLE
