topic_id,parent_id,parent_name,name,documents,enabled,eligible_leaf_documents,rule_id,definition,candidate_clusters1000,seed_status,object_pattern,task_pattern,exclude_title_pattern,precision_required_title,precision_excluded_title,precision_note,review_status
M000.cooling,M000,电池与充电设施热管理,电池冷却与散热,5409,True,5389,M000.cooling,研究对象须匹配“电池冷却与散热”对应对象，且满足所列任务；多任务冲突保留复核。,T0616|T0948|T0252|T0000|T0671|T0194|T0013|T0077|T0181|T0994,sample_object_task_supported,\bbatter(?:y|ies)\b|电池|电芯,cooling|heat.dissipation|thermal.management|冷却|散热|热管理,fuel.cell|燃料电池|solar.cell|太阳能电池|退火|TOPCon,,,,自动规则接受；抽样诊断；非专家全量验收
M000.preheating,M000,电池与充电设施热管理,电池低温预热,175,True,175,M000.preheating,研究对象须匹配“电池低温预热”对应对象，且满足所列任务；多任务冲突保留复核。,T0616|T0948|T0027,sample_object_task_supported,\bbatter(?:y|ies)\b|电池|电芯,preheat|low.temperature.heating|self.heating|预热|低温加热,fuel.cell|燃料电池,,,,自动规则接受；抽样诊断；非专家全量验收
M003.offshore_economics,M003,风能开发与风电技术经济,海上风电开发与技术经济,337,True,336,M003.offshore_economics,研究对象须匹配“海上风电开发与技术经济”对应对象，且满足所列任务；多任务冲突保留复核。,T0003|T0100|T0645|T0444,sample_object_task_supported,offshore.wind|海上风电,econom|cost|development|经济|成本|开发,,economic|\bcost|financ|\binvest(?:ment|ing|or|ors|ments)?\b|\bmarket|LCOE|deploy|development.polic|经济|成本|开发规划|投资|部署,,技术系统的development/investigation不能替代海上风电开发经济研究,自动规则接受；抽样诊断；非专家全量验收
M003.wind_resources,M003,风能开发与风电技术经济,风能资源评估与选址,1906,True,1905,M003.wind_resources,研究对象须匹配“风能资源评估与选址”对应对象，且满足所列任务；多任务冲突保留复核。,T0003,sample_object_task_supported,wind.resource|wind.energy|风能资源|风能,assessment|potential|site.selection|评估|潜力|选址,,,,,自动规则接受；抽样诊断；非专家全量验收
M007.coating,M007,电极涂布与通用成形加工,电池电极涂布与辊压,187,True,187,M007.coating,研究对象须匹配“电池电极涂布与辊压”对应对象，且满足所列任务；多任务冲突保留复核。,T0147|T0723|T0776|T0760|T0646|T0850|T0473|T0341|T0414|T0658,sample_object_task_supported,\belectrodes?\b|\bbatter(?:y|ies)\b|电极|电池,coating|calender|涂布|辊压,electrodeposited|electrodeposition|电沉积,slurry|calender|slot.die|roll.to.roll|coating.(?:process|machine|equipment|uniformity|thickness)|涂布|辊压|浆料,,电极涂布制造须有工艺证据；材料表面包覆不足以接受,自动规则接受；抽样诊断；非专家全量验收
M010.biophotolysis,M010,光催化与光生物制氢,光生物制氢,45,True,45,M010.biophotolysis,研究对象须匹配“光生物制氢”对应对象，且满足所列任务；多任务冲突保留复核。,T0136|T0677|T0416,descriptor_retrieval_only_not_sample_approved,photoferment|biophotolysis|photobiological|光发酵|光生物,hydrogen|氢,,,,,自动规则接受；抽样诊断；非专家全量验收
M010.photocatalytic_h2,M010,光催化与光生物制氢,光催化制氢,12129,True,12117,M010.photocatalytic_h2,研究对象须匹配“光催化制氢”对应对象，且满足所列任务；多任务冲突保留复核。,T0561|T0087|T0010|T0289|T0474|T0235|T0204|T0920|T0941|T0131,sample_object_task_supported,photo(?:electro)?catal|photo.catal|光(?:电)?催化|photodegrad|光降解,hydrogen.evolution|hydrogen.production|hydrogen.generation|\bH2.production|析氢|制氢,carbon.dioxide.reduc|CO2.reduc|二氧化碳还原,,,,自动规则接受；抽样诊断；非专家全量验收
M011.dielectric_storage,M011,聚合物介电绝缘与储能,聚合物介电储能,4,True,4,M011.dielectric_storage,研究对象须匹配“聚合物介电储能”对应对象，且满足所列任务；多任务冲突保留复核。,T0586|T0121|T0646,descriptor_retrieval_only_not_sample_approved,polymer|聚合物,dielectric.energy.storage|energy.storage.density|介电储能|储能密度,,,,,自动规则接受；抽样诊断；非专家全量验收
M011.electrical_insulation,M011,聚合物介电绝缘与储能,聚合物电气绝缘,49,True,49,M011.electrical_insulation,研究对象须匹配“聚合物电气绝缘”对应对象，且满足所列任务；多任务冲突保留复核。,T0586|T0703|T0121,descriptor_retrieval_only_not_sample_approved,polymer|聚合物,electrical.insulation|dielectric.breakdown|电气绝缘|介电击穿,,,,,自动规则接受；抽样诊断；非专家全量验收
M012.packaging,M012,集成电路与电子封装,集成电路与功率模块封装,99,True,99,M012.packaging,研究对象须匹配“集成电路与功率模块封装”对应对象，且满足所列任务；多任务冲突保留复核。,T0808|T0315|T0740,sample_object_task_supported,integrated.circuit|chip|power.module|集成电路|芯片|功率模块,packaging|encapsulat|封装,,,,,自动规则接受；抽样诊断；非专家全量验收
M015.algal_biofuel,M015,生物质能源利用与可持续性,藻类生物燃料,154,True,154,M015.algal_biofuel,研究对象须匹配“藻类生物燃料”对应对象，且满足所列任务；多任务冲突保留复核。,T0525|T0226,sample_object_task_supported,alga|藻,biofuel|biodiesel|生物燃料|生物柴油,,\balgae\b|\balgal\b|microalga|macroalga|藻,,藻类须有明确对象，不能由amalgam等词内片段推断,自动规则接受；抽样诊断；非专家全量验收
M015.sustainability,M015,生物质能源利用与可持续性,生物能源生命周期与可持续性,2257,True,2251,M015.sustainability,研究对象须匹配“生物能源生命周期与可持续性”对应对象，且满足所列任务；多任务冲突保留复核。,T0226|T0015|T0124|T0853|T0347|T0128|T0781,sample_object_task_supported,bioenergy|biomass|biofuel|生物能源|生物质|生物燃料,life.cycle|sustainab|生命周期|可持续,,,,,自动规则接受；抽样诊断；非专家全量验收
M016.electromagnetic,M016,电磁场耦合与电磁换能,电磁能量采集,481,True,481,M016.electromagnetic,研究对象须匹配“电磁能量采集”对应对象，且满足所列任务；多任务冲突保留复核。,T0317|T0026,sample_object_task_supported,electromagnetic|电磁,energy.harvest|能量采集,,,,,自动规则接受；抽样诊断；非专家全量验收
M016.piezoelectric,M016,电磁场耦合与电磁换能,压电能量采集,657,True,657,M016.piezoelectric,研究对象须匹配“压电能量采集”对应对象，且满足所列任务；多任务冲突保留复核。,T0317|T0084,sample_object_task_supported,piezoelectric|压电,energy.harvest|能量采集,,,,,自动规则接受；抽样诊断；非专家全量验收
M021.electrolyte,M021,钠离子电池材料与电解液,钠电池电解液与界面,1714,True,1714,M021.electrolyte,研究对象须匹配“钠电池电解液与界面”对应对象，且满足所列任务；多任务冲突保留复核。,T0453|T0021|T0108|T0374|T0591|T0327|T0447|T0414|T0978|T0451,sample_object_task_supported,sodium.ion|sodium.metal|na.ion|钠离子|钠电池,electrolyte|interphase|电解液|电解质|界面,,,,,自动规则接受；抽样诊断；非专家全量验收
M023.tidal,M023,海洋资源开发与海上工程,潮汐与潮流能开发,380,True,380,M023.tidal,研究对象须匹配“潮汐与潮流能开发”对应对象，且满足所列任务；多任务冲突保留复核。,T0100|T0831,sample_object_task_supported,tidal.energy|tidal.stream|潮汐能|潮流能,,,,,,自动规则接受；抽样诊断；非专家全量验收
M027.charger_thermal,M027,电动汽车充电设施及并网,充电设施散热,34,True,34,M027.charger_thermal,研究对象须匹配“充电设施散热”对应对象，且满足所列任务；多任务冲突保留复核。,T0000|T0533|T0094,sample_object_task_supported,charging.station|charging.pile|充电桩|充电站,cooling|thermal.management|heat.dissipation|散热|冷却|热管理,,,"battery.cool|battery.thermal|cooling.{0,20}batter|电池冷却|电池热管理|电池散热",电池冷却不能替代充电设施本体散热,自动规则接受；抽样诊断；非专家全量验收
M027.grid_impact,M027,电动汽车充电设施及并网,电动汽车充电并网影响,587,True,586,M027.grid_impact,研究对象须匹配“电动汽车充电并网影响”对应对象，且满足所列任务；多任务冲突保留复核。,T0526|T0253|T0540|T0961|T0684,sample_object_task_supported,electric.vehicle|电动汽车|charging.station|充电站,grid.impact|grid.integration|distribution.network|并网影响|电网影响|配电网,,,,,自动规则接受；抽样诊断；非专家全量验收
M032.oil_industry,M032,石油产业与油价经济,石油产业投资与经营,23,True,23,M032.oil_industry,研究对象须匹配“石油产业投资与经营”对应对象，且满足所列任务；多任务冲突保留复核。,T0065|T0032|T0840,descriptor_retrieval_only_not_sample_approved,oil.industry|petroleum.industry|石油产业|石油行业,investment|management|投资|经营,,,,,自动规则接受；抽样诊断；非专家全量验收
M032.oil_price,M032,石油产业与油价经济,石油价格与市场经济,2430,True,2425,M032.oil_price,研究对象须匹配“石油价格与市场经济”对应对象，且满足所列任务；多任务冲突保留复核。,T0032,keyword_candidate_only,oil.price|petroleum.price|油价|石油价格,,,,,,自动规则接受；抽样诊断；非专家全量验收
M033.nutrient_recovery,M033,污泥资源化与水处理,污水污泥营养元素回收,22,True,22,M033.nutrient_recovery,研究对象须匹配“污水污泥营养元素回收”对应对象，且满足所列任务；多任务冲突保留复核。,T0614,sample_object_task_supported,sludge|wastewater|污泥|废水|污水,phosphorus.recover|nitrogen.recover|struvite|磷回收|氮回收|鸟粪石,,,,,自动规则接受；抽样诊断；非专家全量验收
M033.sludge_dewatering,M033,污泥资源化与水处理,污泥脱水与调理,160,True,160,M033.sludge_dewatering,研究对象须匹配“污泥脱水与调理”对应对象，且满足所列任务；多任务冲突保留复核。,T0901|T0033|T0320,sample_object_task_supported,sludge|污泥,dewater|condition|脱水|调理,,\bdewatering\b|dewaterability|\bconditioning\b|脱水|调理,,conditions或作为原料的dewatered sludge不能替代脱水/调理任务,自动规则接受；抽样诊断；非专家全量验收
M034.water_heating,M034,太阳能集热与热利用装置,太阳能热水与供热装置,2447,True,2445,M034.water_heating,研究对象须匹配“太阳能热水与供热装置”对应对象，且满足所列任务；多任务冲突保留复核。,T0679|T0435|T0546|T0333|T0863|T0239,sample_object_task_supported,solar|太阳能,water.heat|space.heat|热水|供热|采暖,photovoltaic|光伏,water[ -]?heat(?:er|ing)|space[ -]?heating|热水|供热|采暖,,water-heat management不是热水器或供热任务,自动规则接受；抽样诊断；非专家全量验收
M036.co2_photo,M036,光催化二氧化碳转化与氧化还原,光催化二氧化碳还原,4770,True,4765,M036.co2_photo,研究对象须匹配“光催化二氧化碳还原”对应对象，且满足所列任务；多任务冲突保留复核。,T0932|T0125,sample_object_task_supported,photo(?:electro)?catal|photo.catal|光(?:电)?催化|photodegrad|光降解,CO2|carbon.dioxide|二氧化碳,,,,,自动规则接受；抽样诊断；非专家全量验收
M040.manufacturing,M040,电池单体与模组构件装配,电池装配工装与制造设备,498,True,498,M040.manufacturing,研究对象须匹配“电池装配工装与制造设备”对应对象，且满足所列任务；多任务冲突保留复核。,T0379|T0147|T0759|T0216,sample_object_task_supported,\bbatter(?:y|ies)\b|电池|电芯,fixture|clamping|pressing.device|manufacturing.equipment|工装|夹具|压紧装置|加压装置|制造设备|组装装置,,,,,自动规则接受；抽样诊断；非专家全量验收
M041.wireless_charger,M041,无线充电与充电器结构,无线充电器与装置,1215,True,1214,M041.wireless_charger,研究对象须匹配“无线充电器与装置”对应对象，且满足所列任务；多任务冲突保留复核。,T0643|T0736|T0755|T0938|T0763|T0799|T0664,sample_object_task_supported,wireless.charg|无线充电,charger|device|charging.system|充电器|装置|充电系统,,,,,自动规则接受；抽样诊断；非专家全量验收
M042.gas_hydrate,M042,气体处理气化与天然气水合物,天然气水合物生成与分解,607,True,607,M042.gas_hydrate,研究对象须匹配“天然气水合物生成与分解”对应对象，且满足所列任务；多任务冲突保留复核。,T0114|T0571|T0665|T0713,sample_object_task_supported,gas.hydrate|methane.hydrate|天然气水合物|甲烷水合物,formation|dissociation|生成|分解,,,,,自动规则接受；抽样诊断；非专家全量验收
M045.coal_gasification,M045,煤气化与燃煤清洁转化,煤气化工艺与反应,1126,True,1125,M045.coal_gasification,研究对象须匹配“煤气化工艺与反应”对应对象，且满足所列任务；多任务冲突保留复核。,T0590|T0045|T0397|T0854,sample_object_task_supported,coal.gasification|coal.gasifier|煤气化,,,,,,自动规则接受；抽样诊断；非专家全量验收
M046.desalination,M046,分离膜制备与膜污染控制,膜法海水淡化,1645,True,1641,M046.desalination,研究对象须匹配“膜法海水淡化”对应对象，且满足所列任务；多任务冲突保留复核。,T0996,sample_object_task_supported,membrane|reverse.osmosis|膜|反渗透,desalin|海水淡化,,,,,自动规则接受；抽样诊断；非专家全量验收
M046.fouling,M046,分离膜制备与膜污染控制,分离膜污染与清洗,2417,True,2415,M046.fouling,研究对象须匹配“分离膜污染与清洗”对应对象，且满足所列任务；多任务冲突保留复核。,T0489|T0552|T0521|T0975,sample_object_task_supported,membrane|膜,fouling|antifouling|cleaning|膜污染|抗污染|膜清洗,,,,,自动规则接受；抽样诊断；非专家全量验收
M047.demand_response,M047,配电网柔性调度与协同规划,配电网需求响应与柔性调度,676,True,675,M047.demand_response,研究对象须匹配“配电网需求响应与柔性调度”对应对象，且满足所列任务；多任务冲突保留复核。,T0163|T0047|T0523|T0834|T0073,sample_object_task_supported,distribution.network|distribution.system|配电网,demand.response|flexib|需求响应|柔性,,,,,自动规则接受；抽样诊断；非专家全量验收
M048.binder,M048,电池隔膜、聚合物电解质与粘结剂,电池电极粘结剂,1440,True,1440,M048.binder,研究对象须匹配“电池电极粘结剂”对应对象，且满足所列任务；多任务冲突保留复核。,T0723|T0063|T0506|T0646|T0711|T0782|T0687|T0279|T0126|T0257,sample_object_task_supported,\bbatter(?:y|ies)\b|电池|电芯,\bbinder|binding.agent|粘结剂|黏结剂,,,"binder[\s-]*free|without.{0,12}binder|无粘结剂|无黏结剂|免粘结剂",无粘结剂电极不自动归为粘结剂材料研究,自动规则接受；抽样诊断；非专家全量验收
M048.separator,M048,电池隔膜、聚合物电解质与粘结剂,电池隔膜制备与改性,1406,True,1406,M048.separator,研究对象须匹配“电池隔膜制备与改性”对应对象，且满足所列任务；多任务冲突保留复核。,T0291|T0824|T0063|T0836|T0461|T0147|T0506|T0723|T0565|T0646,sample_object_task_supported,\bbatter(?:y|ies)\b|电池|电芯,separator|separating.membrane|隔膜,fuel.cell|燃料电池|membrane.reactor,,,,自动规则接受；抽样诊断；非专家全量验收
M049.gel,M049,固态及凝胶聚合物电解质,凝胶聚合物锂电解质,1044,True,1044,M049.gel,研究对象须匹配“凝胶聚合物锂电解质”对应对象，且满足所列任务；多任务冲突保留复核。,T0940|T0586|T0126|T0049|T0121|T0466,sample_object_task_supported,polymer.electrolyte|聚合物电解质|聚合物凝胶电解质,gel|凝胶,proton|质子|sodium|钠|zinc|锌|supercapacitor|超级电容,\bgel\b|hydrogel|凝胶,,凝胶相须有明确表述，不能仅由gelatin等材料名推断,自动规则接受；抽样诊断；非专家全量验收
M049.solid,M049,固态及凝胶聚合物电解质,固态聚合物锂电解质,1868,True,1868,M049.solid,研究对象须匹配“固态聚合物锂电解质”对应对象，且满足所列任务；多任务冲突保留复核。,T0940|T0586|T0126|T0646|T0049|T0121|T0650,sample_object_task_supported,polymer.electrolyte|聚合物电解质|聚合物固态电解质,solid|固态|固体,gel.polymer|凝胶|proton|质子|sodium|钠|zinc|锌,,quasi.solid|gel|准固态|凝胶,准固态或凝胶电解质不强分入全固态子类,自动规则接受；抽样诊断；非专家全量验收
M053.retail_tariff,M053,电价与输配电价监管政策,销售电价与用户电费政策,83,True,83,M053.retail_tariff,研究对象须匹配“销售电价与用户电费政策”对应对象，且满足所列任务；多任务冲突保留复核。,T0053|T0619|T0651|T0856,sample_object_task_supported,销售电价|工商业电价|居民电价|retail.electricity.tariff,通知|政策|policy|regulat,,,,,自动规则接受；抽样诊断；非专家全量验收
M053.transmission_tariff,M053,电价与输配电价监管政策,输配电价监管政策,55,True,55,M053.transmission_tariff,研究对象须匹配“输配电价监管政策”对应对象，且满足所列任务；多任务冲突保留复核。,T0053|T0619|T0651,sample_object_task_supported,输配电价|transmission.tariff|distribution.tariff,通知|监管|regulat|policy,,,,,自动规则接受；抽样诊断；非专家全量验收
M055.dispatch,M055,电储能系统配置与运行,储能运行调度与收益,684,True,682,M055.dispatch,研究对象须匹配“储能运行调度与收益”对应对象，且满足所列任务；多任务冲突保留复核。,T0961|T0300|T0191|T0814|T0897,sample_object_task_supported,energy.storage|储能,dispatch|scheduling|arbitrage|运行调度|套利,microgrid|微电网|integrated.energy|综合能源,\bdispatch(?:ing)?\b|schedul|arbitrage|调度|套利,,non-dispatchable等描述不能替代储能调度任务,自动规则接受；抽样诊断；非专家全量验收
M055.sizing,M055,电储能系统配置与运行,储能容量配置与选址,590,True,590,M055.sizing,研究对象须匹配“储能容量配置与选址”对应对象，且满足所列任务；多任务冲突保留复核。,T0300|T0047|T0172|T0720|T0807|T0862,sample_object_task_supported,energy.storage|储能,sizing|capacity.allocation|optimal.placement|容量配置|容量优化|选址,"batter.{0,15}material|电极材料",,,,自动规则接受；抽样诊断；非专家全量验收
M058.fermentative_h2,M058,厌氧过程微生物与生物能源,厌氧发酵生物制氢,808,True,806,M058.fermentative_h2,研究对象须匹配“厌氧发酵生物制氢”对应对象，且满足所列任务；多任务冲突保留复核。,T0988|T0087|T0238|T0772,sample_object_task_supported,dark.ferment|anaerobic.ferment|暗发酵|厌氧发酵,hydrogen|氢,,,,,自动规则接受；抽样诊断；非专家全量验收
M065.carbon_tax,M065,环境税费补贴与市场规制,碳税与环境税费,2666,True,2662,M065.carbon_tax,研究对象须匹配“碳税与环境税费”对应对象，且满足所列任务；多任务冲突保留复核。,T0039|T0928|T0539|T0240,sample_object_task_supported,carbon.tax|environmental.tax|碳税|环境税,,,,,,自动规则接受；抽样诊断；非专家全量验收
M065.subsidy,M065,环境税费补贴与市场规制,可再生能源补贴机制,120,True,120,M065.subsidy,研究对象须匹配“可再生能源补贴机制”对应对象，且满足所列任务；多任务冲突保留复核。,T0867|T0445|T0275,sample_object_task_supported,renewable.energy|solar|wind|可再生能源|光伏|风电,subsid|补贴,,,,,自动规则接受；抽样诊断；非专家全量验收
M066.crystallization,M066,钙钛矿太阳能电池界面与器件性能,钙钛矿吸收层结晶与成膜,501,True,500,M066.crystallization,研究对象须匹配“钙钛矿吸收层结晶与成膜”对应对象，且满足所列任务；多任务冲突保留复核。,T0787,sample_object_task_supported,"perovskite.{0,35}(solar|cell)|钙钛矿.{0,15}(太阳能|光伏|电池)",crystalliz|crystallis|grain.growth|film.formation|结晶|晶粒|成膜,tandem|叠层|transport.layer|传输层,,,,自动规则接受；抽样诊断；非专家全量验收
M066.interfaces,M066,钙钛矿太阳能电池界面与器件性能,钙钛矿电池界面、钝化与传输层,6900,True,6897,M066.interfaces,研究对象须匹配“钙钛矿电池界面、钝化与传输层”对应对象，且满足所列任务；多任务冲突保留复核。,T0939|T0787|T0243|T0360|T0889|T0158|T0066|T0384|T0220|T0275,sample_object_task_supported,"perovskite.{0,35}(solar|cell)|钙钛矿.{0,15}(太阳能|光伏|电池)",passivat|interface|transport.layer|transport.material|钝化|界面|传输层|传输材料,tandem|叠层|multi.junction|多结,,,,自动规则接受；抽样诊断；非专家全量验收
M066.stability,M066,钙钛矿太阳能电池界面与器件性能,钙钛矿电池稳定性与衰减,282,True,282,M066.stability,研究对象须匹配“钙钛矿电池稳定性与衰减”对应对象，且满足所列任务；多任务冲突保留复核。,T0939,sample_object_task_supported,"perovskite.{0,35}(solar|cell)|钙钛矿.{0,15}(太阳能|光伏|电池)",degradation|moisture.stability|thermal.stability|operational.stability|衰减|湿度稳定|热稳定|运行稳定,tandem|叠层|passivat|钝化|interface|界面,,,,自动规则接受；抽样诊断；非专家全量验收
M066.tandem,M066,钙钛矿太阳能电池界面与器件性能,钙钛矿叠层太阳能电池,1746,True,1746,M066.tandem,研究对象须匹配“钙钛矿叠层太阳能电池”对应对象，且满足所列任务；多任务冲突保留复核。,T0939|T0220|T0066,keyword_candidate_only,"perovskite.{0,35}(solar|cell)|钙钛矿.{0,15}(太阳能|光伏|电池)",tandem|multijunction|multi.junction|叠层|多结,,,,,自动规则接受；抽样诊断；非专家全量验收
M068.gan,M068,宽禁带半导体外延与结器件,氮化镓功率与结器件,3162,True,3160,M068.gan,研究对象须匹配“氮化镓功率与结器件”对应对象，且满足所列任务；多任务冲突保留复核。,T0182|T0236|T0369,sample_object_task_supported,gallium.nitride|\bGaN\b|氮化镓,transistor|HEMT|power.device|晶体管|功率器件,,,,,自动规则接受；抽样诊断；非专家全量验收
M071.economics,M071,氢能产业与制氢技术经济,氢能技术经济与生命周期,1447,True,1445,M071.economics,研究对象须匹配“氢能技术经济与生命周期”对应对象，且满足所列任务；多任务冲突保留复核。,T0071|T0087|T0464,sample_object_task_supported,hydrogen|氢能|制氢,techno.economic|life.cycle|levelized.cost|技术经济|生命周期|平准化,,,,,自动规则接受；抽样诊断；非专家全量验收
M078.air,M078,燃料电池系统运行控制,燃料电池供气与空压控制,151,True,151,M078.air,研究对象须匹配“燃料电池供气与空压控制”对应对象，且满足所列任务；多任务冲突保留复核。,T0334|T0078|T0907|T0762,sample_object_task_supported,fuel.cell|燃料电池,air.supply|air.compressor|oxygen.excess|供气|空压机|氧过量,,,,,自动规则接受；抽样诊断；非专家全量验收
M078.water,M078,燃料电池系统运行控制,燃料电池水管理,361,True,361,M078.water,研究对象须匹配“燃料电池水管理”对应对象，且满足所列任务；多任务冲突保留复核。,T0674,sample_object_task_supported,fuel.cell|燃料电池,water.management|flooding|water.transport|水管理|水淹|水传输,,,,,自动规则接受；抽样诊断；非专家全量验收
M079.other_pollutants,M079,污染物光催化降解,其他材料光催化污染物降解,24294,True,24240,M079.other_pollutants,研究对象须匹配“其他材料光催化污染物降解”对应对象，且满足所列任务；多任务冲突保留复核。,T0584|T0849|T0235|T0074|T0203|T0438|T0933|T0079|T0087|T0609,sample_object_task_supported,photo(?:electro)?catal|photo.catal|光(?:电)?催化|photodegrad|光降解,degrad|pollutant|污染物|降解,TiO\s*2|titanium.dioxide|二氧化钛|\bZnO\b|zinc.oxide|氧化锌,,,,自动规则接受；抽样诊断；非专家全量验收
M081.communication,M081,智能电网体系与通信,智能电网通信架构,803,True,802,M081.communication,研究对象须匹配“智能电网通信架构”对应对象，且满足所列任务；多任务冲突保留复核。,T0353|T0081|T0047|T0419,sample_object_task_supported,smart.grid|智能电网,communication|network.architecture|通信|网络架构,cyber|网络安全,,,,自动规则接受；抽样诊断；非专家全量验收
M082.harmonics,M082,配电网电压无功与电能质量,配电网谐波与电能质量治理,1173,True,1172,M082.harmonics,研究对象须匹配“配电网谐波与电能质量治理”对应对象，且满足所列任务；多任务冲突保留复核。,T0163|T0549|T0263|T0732|T0664|T0678|T0656|T0201|T0415,sample_object_task_supported,distribution.network|distribution.system|配电网,harmonic|power.quality|谐波|电能质量,,,,,自动规则接受；抽样诊断；非专家全量验收
M082.voltage_var,M082,配电网电压无功与电能质量,配电网电压无功优化,1149,True,1149,M082.voltage_var,研究对象须匹配“配电网电压无功优化”对应对象，且满足所列任务；多任务冲突保留复核。,T0398|T0378|T0163|T0743|T0047,sample_object_task_supported,distribution.network|distribution.system|配电网,volt.var|reactive.power|voltage.regulation|电压无功|无功优化|电压调节,,,,,自动规则接受；抽样诊断；非专家全量验收
M085.degradation,M085,光伏组件性能建模与故障检测,光伏组件退化与寿命,400,True,399,M085.degradation,研究对象须匹配“光伏组件退化与寿命”对应对象，且满足所列任务；多任务冲突保留复核。,T0085|T0464|T0672|T0034|T0823|T0961|T0693|T0158|T0140|T0635,sample_object_task_supported,photovoltaic|solar.cell|solar.module|光伏|太阳能电池,degradation|aging|ageing|lifetime|退化|老化|寿命,perovskite|钙钛矿,modules?|panels?|arrays?|photovoltaic.system|PV.system|组件|光伏板|光伏系统|阵列,organic|polymer|perovskite|dye.sensiti|quantum.dot|有机|聚合物|钙钛矿|染料敏化|量子点,光伏组件退化须有组件/系统对象，不能泛指吸收层或单个材料；特定材料太阳能电池研究不直接迁为通用光伏组件退化,自动规则接受；抽样诊断；非专家全量验收
M085.fault,M085,光伏组件性能建模与故障检测,光伏组件故障与缺陷检测,1478,True,1476,M085.fault,研究对象须匹配“光伏组件故障与缺陷检测”对应对象，且满足所列任务；多任务冲突保留复核。,T0458|T0157|T0085|T0177|T0513|T0789|T0163|T0639|T0167|T0787,sample_object_task_supported,photovoltaic|solar.cell|solar.module|光伏|太阳能电池,fault|defect|diagnos|故障|缺陷|诊断,,"\bfault|diagnos|defect.detect|defect.inspect|defect.identif|detect.{0,20}defect|故障|缺陷检测|缺陷识别|缺陷诊断",,材料深能级缺陷与器件结构缺陷不等于组件故障检测,自动规则接受；抽样诊断；非专家全量验收
M086.refueling,M086,制氢储氢与加氢系统,加氢站与氢气加注,517,True,517,M086.refueling,研究对象须匹配“加氢站与氢气加注”对应对象，且满足所列任务；多任务冲突保留复核。,T0677|T0765,sample_object_task_supported,hydrogen.refuel|hydrogen.filling|加氢站|氢气加注,,,,,,自动规则接受；抽样诊断；非专家全量验收
M087.anaerobic_wastewater,M087,污水厌氧处理与产能回收,厌氧污水处理反应器,280,True,280,M087.anaerobic_wastewater,研究对象须匹配“厌氧污水处理反应器”对应对象，且满足所列任务；多任务冲突保留复核。,T0489|T0614|T0238,descriptor_retrieval_only_not_sample_approved,anaerobic|厌氧|\bUASB\b|\bAnMBR\b,wastewater.treatment|污水处理|废水处理,,,,,自动规则接受；抽样诊断；非专家全量验收
M089.scheduling,M089,电动汽车充电控制,电动汽车有序充放电调度,839,True,837,M089.scheduling,研究对象须匹配“电动汽车有序充放电调度”对应对象，且满足所列任务；多任务冲突保留复核。,T0526|T0253|T0763|T0879,sample_object_task_supported,electric.vehicle|EV.charg|电动汽车|电动公交,charging.schedul|charging.strateg|smart.charging|coordinated.charging|orderly.charging|充电调度|有序充电|充电策略|充放电调度,,,,,自动规则接受；抽样诊断；非专家全量验收
M096.magnet_design,M096,永磁电机与磁路设计,永磁电机磁路与结构设计,233,True,233,M096.magnet_design,研究对象须匹配“永磁电机磁路与结构设计”对应对象，且满足所列任务；多任务冲突保留复核。,T0577|T0016|T0559|T0276|T0337,sample_object_task_supported,permanent.magnet.motor|永磁电机|永磁同步电机,design|magnetic.circuit|rotor|设计|磁路|转子,,,,,自动规则接受；抽样诊断；非专家全量验收
M097.building_cooling,M097,建筑与工业冷却节能,建筑冷却与被动降温,106,True,106,M097.building_cooling,研究对象须匹配“建筑冷却与被动降温”对应对象，且满足所列任务；多任务冲突保留复核。,T0635|T0749|T0097,descriptor_retrieval_only_not_sample_approved,building|建筑,passive.cooling|radiative.cooling|被动冷却|辐射降温|被动降温,,,,,自动规则接受；抽样诊断；非专家全量验收
M101.line_fault,M101,电力设备与线路故障检测、定位和诊断,输配电线路故障检测与定位,1392,True,1391,M101.line_fault,输配电线路的故障检测或定位；不包含电缆材料研究或雷电回击的抽象传输线模型。,T0164|T0214|T0771,sample_object_task_supported,transmission.line|distribution.line|power.line|输电线路|配电线路|电力线路,fault.locat|fault.detect|故障定位|故障检测,,,,,自动规则接受；抽样诊断；非专家全量验收
M101.switchgear,M101,电力设备与线路故障检测、定位和诊断,开关设备故障检测,372,True,372,M101.switchgear,研究对象须匹配“开关设备故障检测”对应对象，且满足所列任务；多任务冲突保留复核。,T0420|T0778|T0995|T0263|T0242|T0164|T0960|T0617|T0537,sample_object_task_supported,switchgear|circuit.breaker|开关柜|断路器,fault|diagnos|condition.monitor|故障|诊断|状态监测,,diagnos|fault.detect|fault.identif|condition.monitor|故障检测|故障诊断|状态监测,,短路电流应力并非开关设备故障诊断,自动规则接受；抽样诊断；非专家全量验收
M101.transformer,M101,电力设备与线路故障检测、定位和诊断,变压器故障诊断,2108,True,2105,M101.transformer,研究对象须匹配“变压器故障诊断”对应对象，且满足所列任务；多任务冲突保留复核。,T0778|T0157|T0995|T0094|T0458|T0527|T0101|T0470|T0262|T0309,sample_object_task_supported,transformer|变压器,fault|diagnos|故障|诊断,power.electronic.transformer|电力电子变压器,"power.transformer|distribution.transformer|electrical.transformer|oil.immersed|transformer.oil|transformer.winding|transformer.fault|faults?.{0,15}(?:in|of).{0,8}transformer|变压器",,Transformer机器学习模型不是电力变压器，须有明确物理对象,自动规则接受；抽样诊断；非专家全量验收
M103.gas_turbine,M103,发动机燃气轮机与动力机械,燃气轮机热力性能,1773,True,1771,M103.gas_turbine,研究对象须匹配“燃气轮机热力性能”对应对象，且满足所列任务；多任务冲突保留复核。,T0430|T0103|T0067|T0597|T0165|T0907|T0621,sample_object_task_supported,gas.turbine|燃气轮机,thermal|performance|cycle|热力|性能|循环,,,,,自动规则接受；抽样诊断；非专家全量验收
M104.ems,M104,微电网能量管理与优化,微电网能量管理与经济调度,2969,True,2958,M104.ems,研究对象须匹配“微电网能量管理与经济调度”对应对象，且满足所列任务；多任务冲突保留复核。,T0104|T0684|T0791|T0463,sample_object_task_supported,microgrid|micro.grid|微电网,energy.management|economic.dispatch|optimal.schedul|能量管理|经济调度|优化调度,,,,,自动规则接受；抽样诊断；非专家全量验收
M105.adoption,M105,电动汽车推广与整车能耗,电动汽车推广与购买行为,2028,True,2028,M105.adoption,研究对象须匹配“电动汽车推广与购买行为”对应对象，且满足所列任务；多任务冲突保留复核。,T0105|T0756|T0253|T0526|T0027|T0197|T0961|T0306,sample_object_task_supported,electric.vehicle|电动汽车,adoption|purchase|consumer|acceptance|推广|购买|消费者|接受度,,,,,自动规则接受；抽样诊断；非专家全量验收
M105.consumption,M105,电动汽车推广与整车能耗,电动汽车整车能耗与续航,456,True,456,M105.consumption,研究对象须匹配“电动汽车整车能耗与续航”对应对象，且满足所列任务；多任务冲突保留复核。,T0540,sample_object_task_supported,electric.vehicle|电动汽车,energy.consumption|driving.range|能耗|续航,,,,,自动规则接受；抽样诊断；非专家全量验收
M108.zinc_air,M108,水系锌电池与锌空气电池,锌空气电池,1964,True,1964,M108.zinc_air,研究对象须匹配“锌空气电池”对应对象，且满足所列任务；多任务冲突保留复核。,T0815|T0265|T0004,sample_object_task_supported,zinc.air.batter|锌空气电池|锌空电池,,,,,,自动规则接受；抽样诊断；非专家全量验收
M108.zinc_ion,M108,水系锌电池与锌空气电池,水系锌离子电池,5994,True,5992,M108.zinc_ion,研究对象须匹配“水系锌离子电池”对应对象，且满足所列任务；多任务冲突保留复核。,T0815|T0607|T0169|T0704|T0990|T0941|T0020,sample_object_task_supported,zinc.ion.batter|aqueous.zinc.batter|锌离子电池|水系锌电池,,,,,,自动规则接受；抽样诊断；非专家全量验收
M112.pollutants,M112,二氧化钛光催化材料与反应,TiO₂光催化污染物降解,8762,True,8750,M112.pollutants,研究对象须匹配“TiO₂光催化污染物降解”对应对象，且满足所列任务；多任务冲突保留复核。,T0866|T0438|T0308|T0112|T0936|T0584|T0542,sample_object_task_supported,TiO\s*2|titanium.dioxide|二氧化钛,photodegrad|photocatalytic.degrad|photocatalytic.oxid|光催化降解|光降解|pollutant|dye.degrad|污染物|染料降解,,,,,自动规则接受；抽样诊断；非专家全量验收
M113.oil_water,M113,水分离采集与流体界面技术,油水分离界面与膜材料,460,True,460,M113.oil_water,研究对象须匹配“油水分离界面与膜材料”对应对象，且满足所列任务；多任务冲突保留复核。,T0113,keyword_candidate_only,oil.water.separat|油水分离,,,,,,自动规则接受；抽样诊断；非专家全量验收
M113.water_harvesting,M113,水分离采集与流体界面技术,大气集水与雾水采集,62,True,62,M113.water_harvesting,研究对象须匹配“大气集水与雾水采集”对应对象，且满足所列任务；多任务冲突保留复核。,T0863,sample_object_task_supported,atmospheric.water.harvest|fog.harvest|大气集水|空气取水|雾水采集,,,,,,自动规则接受；抽样诊断；非专家全量验收
M114.hydrate,M114,二氧化碳吸收溶解与水合物,二氧化碳水合物形成与分离,1950,True,1948,M114.hydrate,二氧化碳水合物的形成、性质及基于水合物的分离；允许CO2混合气体系。,T0571|T0713|T0114|T0665|T0487,sample_object_task_supported,CO2|carbon.dioxide|二氧化碳,hydrate|水合物,,,,,自动规则接受；抽样诊断；非专家全量验收
M116.compression,M116,制冷循环工质与能效,蒸汽压缩制冷循环,439,True,437,M116.compression,研究对象须匹配“蒸汽压缩制冷循环”对应对象，且满足所列任务；多任务冲突保留复核。,T0518|T0343,keyword_candidate_only,vapor.compression|vapour.compression|蒸汽压缩,refrigerat|heat.pump|制冷|热泵,,,,,自动规则接受；抽样诊断；非专家全量验收
M116.refrigerants,M116,制冷循环工质与能效,制冷工质及其热物性,49,True,49,M116.refrigerants,研究对象须匹配“制冷工质及其热物性”对应对象，且满足所列任务；多任务冲突保留复核。,T0288|T0194|T0097,descriptor_retrieval_only_not_sample_approved,refrigerant|制冷剂|制冷工质,propert|mixture|物性|混合|替代,,,,,自动规则接受；抽样诊断；非专家全量验收
M119.plc,M119,电力载波与通信传输,电力线载波通信,750,True,750,M119.plc,研究对象须匹配“电力线载波通信”对应对象，且满足所列任务；多任务冲突保留复核。,T0214|T0617|T0215,sample_object_task_supported,power.line.communication|power.line.carrier|电力线载波|电力载波,,,,,,自动规则接受；抽样诊断；非专家全量验收
M120.wave_energy,M120,波浪能装置与海洋水动力,波浪能转换装置,3151,True,3151,M120.wave_energy,研究对象须匹配“波浪能转换装置”对应对象，且满足所列任务；多任务冲突保留复核。,T0831|T0325,sample_object_task_supported,wave.energy.converter|wave.energy.device|波浪能转换|波浪能装置,,,,,,自动规则接受；抽样诊断；非专家全量验收
M124.dry_reforming,M124,重整气化与合成气制氢,二氧化碳干重整制合成气,416,True,416,M124.dry_reforming,研究对象须匹配“二氧化碳干重整制合成气”对应对象，且满足所列任务；多任务冲突保留复核。,T0139,keyword_candidate_only,dry.reform|干重整|二氧化碳重整,,,,,,自动规则接受；抽样诊断；非专家全量验收
M124.steam_reforming,M124,重整气化与合成气制氢,蒸汽重整制氢与合成气,881,True,881,M124.steam_reforming,研究对象须匹配“蒸汽重整制氢与合成气”对应对象，且满足所列任务；多任务冲突保留复核。,T0654|T0981|T0075,sample_object_task_supported,steam.reform|蒸汽重整|水蒸气重整,hydrogen|syngas|制氢|合成气,,,,,自动规则接受；抽样诊断；非专家全量验收
M127.graphene_composite,M127,石墨烯复合材料与多场景应用,石墨烯结构复合材料,98,True,98,M127.graphene_composite,研究对象须匹配“石墨烯结构复合材料”对应对象，且满足所列任务；多任务冲突保留复核。,T0666|T0536,sample_object_task_supported,graphene|石墨烯,mechanical.propert|reinforcement|力学性能|增强,electrode|battery|supercapacitor|电极|电池|超级电容,,,,自动规则接受；抽样诊断；非专家全量验收
M127.graphene_membrane,M127,石墨烯复合材料与多场景应用,石墨烯分离膜,2,True,2,M127.graphene_membrane,研究对象须匹配“石墨烯分离膜”对应对象，且满足所列任务；多任务冲突保留复核。,T0986,sample_object_task_supported,graphene|石墨烯,separation.membrane|desalination|分离膜|海水淡化,,\bmembranes?\b|分离膜|石墨烯膜,,脱盐不等于膜分离，须有明确膜对象,自动规则接受；抽样诊断；非专家全量验收
M128.food_sludge,M128,生物质与污泥厌氧消化产气,餐厨垃圾或污泥厌氧消化,2902,True,2897,M128.food_sludge,明确餐厨垃圾、厨余或污泥厌氧消化；与粪便/农业残余共同消化时保留主类并复核。,T0785|T0772|T0901|T0274|T0623|T0224,sample_object_task_supported,anaerobic.digestion|anaerobic.co.digestion|厌氧消化|厌氧共消化,food.waste|sludge|餐厨|厨余|污泥,,,,,自动规则接受；抽样诊断；非专家全量验收
M128.manure,M128,生物质与污泥厌氧消化产气,畜禽粪便与农业残余厌氧消化,1040,True,1040,M128.manure,研究对象须匹配“畜禽粪便与农业残余厌氧消化”对应对象，且满足所列任务；多任务冲突保留复核。,T0785|T0772|T0702,sample_object_task_supported,anaerobic.digestion|anaerobic.co.digestion|厌氧消化|厌氧共消化,manure|dung|agricultural.residue|粪便|粪污|秸秆,food.waste|sludge|餐厨|厨余|污泥,,,,自动规则接受；抽样诊断；非专家全量验收
M130.manufacturing,M130,光伏电池及组件结构制造,光伏电池与组件制造工艺,814,True,814,M130.manufacturing,研究对象须匹配“光伏电池与组件制造工艺”对应对象，且满足所列任务；多任务冲突保留复核。,T0642|T0147|T0672|T0166|T0085|T0282|T0167|T0534|T0742|T0912,sample_object_task_supported,photovoltaic|solar.cell|solar.module|光伏|太阳能电池,manufactur|fabrication|laminat|encapsulat|制造|层压|封装,organic|polymer|perovskite|dye.sensiti|有机|聚合物|钙钛矿|染料敏化,,,,自动规则接受；抽样诊断；非专家全量验收
M132.emissions_trading,M132,排放交易与污染治理政策研究,碳排放交易机制,2766,True,2764,M132.emissions_trading,研究对象须匹配“碳排放交易机制”对应对象，且满足所列任务；多任务冲突保留复核。,T0039|T0539|T0928|T0123|T0531|T0132|T0555,sample_object_task_supported,emissions.trading|carbon.trading|碳排放交易|碳交易,,,,,,自动规则接受；抽样诊断；非专家全量验收
M134.connector,M134,电连接器接线与端口结构,电连接器与接线端子,84,True,84,M134.connector,研究对象须匹配“电连接器与接线端子”对应对象，且满足所列任务；多任务冲突保留复核。,T0134|T0808|T0811,descriptor_retrieval_only_not_sample_approved,electrical.connector|electric.connector|terminal.block|电连接器|接线端子,,,,,,自动规则接受；抽样诊断；非专家全量验收
M135.market_design,M135,电力市场机制与产消者经济,电力市场机制与制度设计,515,True,515,M135.market_design,研究对象须匹配“电力市场机制与制度设计”对应对象，且满足所列任务；多任务冲突保留复核。,T0135|T0175|T0080,sample_object_task_supported,electricity.market|power.market|电力市场,market.design|mechanism|market.reform|机制|制度|改革,,,,,自动规则接受；抽样诊断；非专家全量验收
M135.prosumer,M135,电力市场机制与产消者经济,产消者能源交易,967,True,966,M135.prosumer,研究对象须匹配“产消者能源交易”对应对象，且满足所列任务；多任务冲突保留复核。,T0684|T0669,sample_object_task_supported,prosumer|产消者|peer.to.peer.energy|点对点能源交易,,,,,,自动规则接受；抽样诊断；非专家全量验收
M136.alkaline_electrolysis,M136,电解与其他路线制氢技术,碱性水电解制氢,1480,True,1479,M136.alkaline_electrolysis,研究对象须匹配“碱性水电解制氢”对应对象，且满足所列任务；多任务冲突保留复核。,T0136|T0145|T0179|T0154|T0673|T0648|T0552,sample_object_task_supported,water.electroly|electrolyzer|electrolyser|水电解|电解槽,alkaline|碱性,,,,,自动规则接受；抽样诊断；非专家全量验收
M136.pem_electrolysis,M136,电解与其他路线制氢技术,质子交换膜水电解制氢,1556,True,1556,M136.pem_electrolysis,研究对象须匹配“质子交换膜水电解制氢”对应对象，且满足所列任务；多任务冲突保留复核。,T0145|T0179|T0697|T0570|T0762,sample_object_task_supported,water.electroly|electrolyzer|electrolyser|水电解|电解槽,proton.exchange.membrane|\bPEM\b|质子交换膜,,,,,自动规则接受；抽样诊断；非专家全量验收
M137.parameters,M137,光伏出力预测与系统参数建模,光伏电池与组件模型参数辨识,515,True,514,M137.parameters,光伏电池或组件电学模型的参数辨识、估计或提取。,T0644|T0248,sample_object_task_supported,photovoltaic|solar.cell|solar.module|光伏|太阳能电池,parameter.identification|parameter.estimation|parameter.extraction|参数辨识|参数估计|参数提取,,,,,自动规则接受；抽样诊断；非专家全量验收
M141.rotor,M141,电机转子定子与装配结构,电机转子结构与制造,350,True,350,M141.rotor,研究对象须匹配“电机转子结构与制造”对应对象，且满足所列任务；多任务冲突保留复核。,T0724|T0963|T0559|T0492|T0610|T0982|T0484|T0284|T0848|T0615,sample_object_task_supported,motor|电机,rotor|转子,stator|定子,design|structur|manufactur|fabricat|topolog|设计|结构|制造|加工,diagnos|fault|insulation|parameter.identif|故障|诊断|绝缘|参数辨识,仅提及转子不足以证明结构设计或制造任务；转子故障/绝缘表征任务不能替代制造设计,自动规则接受；抽样诊断；非专家全量验收
M141.stator,M141,电机转子定子与装配结构,电机定子结构与制造,301,True,301,M141.stator,研究对象须匹配“电机定子结构与制造”对应对象，且满足所列任务；多任务冲突保留复核。,T0991|T0770|T0724|T0141|T0963|T0390|T0637|T0559|T0558|T0615,sample_object_task_supported,motor|电机,stator|定子,rotor|转子,design|structur|manufactur|fabricat|topolog|设计|结构|制造|加工,diagnos|fault|insulation|parameter.identif|故障|诊断|绝缘|参数辨识,仅提及定子不足以证明结构设计或制造任务；定子故障/绝缘表征任务不能替代制造设计,自动规则接受；抽样诊断；非专家全量验收
M142.droop,M142,微电网变流器协调与功率分配,微电网下垂控制与功率分配,1001,True,997,M142.droop,研究对象须匹配“微电网下垂控制与功率分配”对应对象，且满足所列任务；多任务冲突保留复核。,T0791|T0463|T0923,sample_object_task_supported,microgrid|micro.grid|微电网,droop.control|power.sharing|下垂控制|功率分配,,,,,自动规则接受；抽样诊断；非专家全量验收
M142.islanding,M142,微电网变流器协调与功率分配,微电网孤岛切换与动态控制,1570,True,1568,M142.islanding,研究对象须匹配“微电网孤岛切换与动态控制”对应对象，且满足所列任务；多任务冲突保留复核。,T0791|T0104|T0923|T0129,sample_object_task_supported,microgrid|micro.grid|微电网,islanding|islanded|transition|secondary.control|孤岛|并离网切换|二次控制,droop.control|下垂控制,control|transition|switching|stabil|transient|控制|切换|稳定|暂态,dispatch|schedul|economic|调度|经济,islanded只说明运行场景，不能替代动态控制任务；孤岛微网调度与动态控制可能交叉，保留复核,自动规则接受；抽样诊断；非专家全量验收
M152.sic_ceramic,M152,硅基材料与碳化硅陶瓷,碳化硅陶瓷结构材料,1245,True,1243,M152.sic_ceramic,研究对象须匹配“碳化硅陶瓷结构材料”对应对象，且满足所列任务；多任务冲突保留复核。,T0911|T0885|T0472|T0729|T0241,sample_object_task_supported,silicon.carbide|\bSiC\b|碳化硅,ceramic|sinter|陶瓷|烧结,MOSFET|power.device|功率器件,,,,自动规则接受；抽样诊断；非专家全量验收
M158.polymer,M158,有机光伏材料、器件与载流子输运,聚合物有机太阳能电池,5826,True,5826,M158.polymer,研究对象须匹配“聚合物有机太阳能电池”对应对象，且满足所列任务；多任务冲突保留复核。,T0158|T0140|T0703,sample_object_task_supported,polymer.solar.cell|polymer.photovoltaic|聚合物太阳能电池|聚合物光伏,,,,,,自动规则接受；抽样诊断；非专家全量验收
M158.printing,M158,有机光伏材料、器件与载流子输运,有机光伏印刷与规模制造,130,True,128,M158.printing,研究对象须匹配“有机光伏印刷与规模制造”对应对象，且满足所列任务；多任务冲突保留复核。,T0974|T0912|T0646,descriptor_retrieval_only_not_sample_approved,organic.solar.cell|organic.photovoltaic|有机太阳能|有机光伏,roll.to.roll|gravure|slot.die|printing|卷对卷|印刷|狭缝涂布,,,,,自动规则接受；抽样诊断；非专家全量验收
M158.small_molecule,M158,有机光伏材料、器件与载流子输运,小分子有机太阳能电池,1163,True,1163,M158.small_molecule,研究对象须匹配“小分子有机太阳能电池”对应对象，且满足所列任务；多任务冲突保留复核。,T0158|T0974|T0843,descriptor_retrieval_only_not_sample_approved,organic.solar.cell|organic.photovoltaic|有机太阳能|有机光伏,small.molecul|小分子,polymer.solar|聚合物太阳能,,,,自动规则接受；抽样诊断；非专家全量验收
M159.irradiance,M159,太阳辐照预测与光伏环境建模,太阳辐照度预测估算,3121,True,3116,M159.irradiance,研究对象须匹配“太阳辐照度预测估算”对应对象，且满足所列任务；多任务冲突保留复核。,T0376|T0159,sample_object_task_supported,solar.irradian|solar.radiation|太阳辐射|太阳辐照,forecast|predict|estimat|预测|估算|估计,,,,,自动规则接受；抽样诊断；非专家全量验收
M164.grounding,M164,输电线路雷电接地与电磁影响,电网接地与地网安全,207,True,207,M164.grounding,研究对象须匹配“电网接地与地网安全”对应对象，且满足所列任务；多任务冲突保留复核。,T0764,sample_object_task_supported,grounding.grid|earthing.grid|grounding.system|接地网|接地系统,design|resistance|safety|设计|电阻|安全,,,,,自动规则接受；抽样诊断；非专家全量验收
M164.lightning,M164,输电线路雷电接地与电磁影响,输电线路雷击与防雷,760,True,759,M164.lightning,研究对象须匹配“输电线路雷击与防雷”对应对象，且满足所列任务；多任务冲突保留复核。,T0436|T0064|T0896|T0191,sample_object_task_supported,transmission.line|power.line|输电线路|电力线路,lightning|雷击|防雷,,,,,自动规则接受；抽样诊断；非专家全量验收
M166.multijunction,M166,多类太阳能电池结构与性能,非钙钛矿多结太阳能电池,2129,True,2128,M166.multijunction,研究对象须匹配“非钙钛矿多结太阳能电池”对应对象，且满足所列任务；多任务冲突保留复核。,T0939|T0843|T0742|T0130|T0158,sample_object_task_supported,solar.cell|太阳能电池,multi.junction|multijunction|tandem|多结|叠层,perovskite|钙钛矿,,,,自动规则接受；抽样诊断；非专家全量验收
M169.ecm,M169,电池荷电状态健康状态与建模,电池等效电路与参数辨识,306,True,306,M169.ecm,研究对象须匹配“电池等效电路与参数辨识”对应对象，且满足所列任务；多任务冲突保留复核。,T0375|T0760|T0616,sample_object_task_supported,\bbatter(?:y|ies)\b|电池|电芯,equivalent.circuit|parameter.identification|parameter.estimation|等效电路|参数辨识,state.of.charge|state.of.health|荷电状态|健康状态,equivalent.circuit|Thevenin|Rint|电路模型|等效电路,,一般非线性系统参数估计不能当作电池等效电路,自动规则接受；抽样诊断；非专家全量验收
M169.soc,M169,电池荷电状态健康状态与建模,电池荷电状态估计,3713,True,3711,M169.soc,研究对象须匹配“电池荷电状态估计”对应对象，且满足所列任务；多任务冲突保留复核。,T0973|T0169|T0375|T0710|T0297|T0027|T0612|T0348|T0893|T0720,sample_object_task_supported,\bbatter(?:y|ies)\b|电池|电芯,state.of.charge|\bSOC\b|荷电状态,state.of.health|\bSOH\b|remaining.useful.life|健康状态|剩余寿命,,,,自动规则接受；抽样诊断；非专家全量验收
M169.soh_rul,M169,电池荷电状态健康状态与建模,电池健康状态与寿命预测,3714,True,3713,M169.soh_rul,研究对象须匹配“电池健康状态与寿命预测”对应对象，且满足所列任务；多任务冲突保留复核。,T0375|T0893|T0296|T0297|T0169|T0710|T0107,sample_object_task_supported,\bbatter(?:y|ies)\b|电池|电芯,state.of.health|\bSOH\b|remaining.useful.life|battery.lifetime|健康状态|剩余寿命|寿命预测,,,,,自动规则接受；抽样诊断；非专家全量验收
M171.energy_security,M171,能源转型与能源安全研究,能源安全与转型战略,323,True,322,M171.energy_security,研究对象须匹配“能源安全与转型战略”对应对象，且满足所列任务；多任务冲突保留复核。,T0149|T0499|T0319|T0209,sample_object_task_supported,energy.security|能源安全,transition|strateg|转型|战略,,,,,自动规则接受；抽样诊断；非专家全量验收
M175.short_circuit,M175,电力负荷预测与短路等系统计算混合,电网短路电流计算,17,True,17,M175.short_circuit,研究对象须匹配“电网短路电流计算”对应对象，且满足所列任务；多任务冲突保留复核。,T0398|T0055|T0664,descriptor_retrieval_only_not_sample_approved,"power.system|power.grid|electric.{0,12}grid|电网|电力系统|配电",short.circuit.current|fault.current.calcul|短路电流|短路计算,,calculat|estimat|analysis|assess|计算|估计|分析|评估|等值,,短路电流限制控制不能替代短路电流计算任务,自动规则接受；抽样诊断；非专家全量验收
M182.beam,M182,聚变装置与粒子束工程,聚变加热与中性束注入,202,True,202,M182.beam,研究对象须匹配“聚变加热与中性束注入”对应对象，且满足所列任务；多任务冲突保留复核。,T0288|T0213|T0090|T0028|T0564,sample_object_task_supported,fusion|tokamak|聚变|托卡马克,neutral.beam|heating|中性束|加热,,,,,自动规则接受；抽样诊断；非专家全量验收
M191.charging_forecast,M191,充电负荷预测与园区用电调配,电动汽车充电负荷预测,357,True,357,M191.charging_forecast,研究对象须匹配“电动汽车充电负荷预测”对应对象，且满足所列任务；多任务冲突保留复核。,T0879,sample_object_task_supported,charging.load|charging.demand|充电负荷|充电需求,forecast|predict|预测,,,,,自动规则接受；抽样诊断；非专家全量验收
M193.lithium_extraction,M193,含锂化合物与锂金属界面,锂资源提取与分离,2185,True,2185,M193.lithium_extraction,研究对象须匹配“锂资源提取与分离”对应对象，且满足所列任务；多任务冲突保留复核。,T0301|T0782|T0793|T0006|T0646|T0695|T0893|T0508|T0632|T0375,sample_object_task_supported,lithium|锂,extraction|extracting|separation|提取|提锂|分离,spent.batter|废旧电池|recycl|回收,,"spent.{0,30}batter|black.mass|recycl|废旧|黑粉|回收",废电池及黑粉回收不是矿产/盐湖锂资源提取,自动规则接受；抽样诊断；非专家全量验收
M194.temperature_control,M194,多设备温控与智能散热,电气设备温度监测与控制,11,True,11,M194.temperature_control,研究对象须匹配“电气设备温度监测与控制”对应对象，且满足所列任务；多任务冲突保留复核。,T0989,sample_object_task_supported,electrical.equipment|power.electronic|电气设备|电力电子|配电柜,temperature.control|temperature.monitor|温度控制|温度监测,,,,,自动规则接受；抽样诊断；非专家全量验收
M196.dac,M196,碳捕集封存与碳移除系统,直接空气捕碳,553,True,553,M196.dac,研究对象须匹配“直接空气捕碳”对应对象，且满足所列任务；多任务冲突保留复核。,T0713|T0826,sample_object_task_supported,direct.air.capture|直接空气捕|空气直接捕,,,,,,自动规则接受；抽样诊断；非专家全量验收
M198.copper_thermoelectric,M198,铜基热电及功能复合材料,铜基热电材料,536,True,536,M198.copper_thermoelectric,研究对象须匹配“铜基热电材料”对应对象，且满足所列任务；多任务冲突保留复核。,T0102,sample_object_task_supported,copper|Cu2Se|Cu2S|铜基|硒化铜|硫化铜,thermoelectric|热电,,,,,自动规则接受；抽样诊断；非专家全量验收
M202.triboelectric,M202,电化学电极与摩擦电材料混合,摩擦纳米发电机,2009,True,2009,M202.triboelectric,研究对象须匹配“摩擦纳米发电机”对应对象，且满足所列任务；多任务冲突保留复核。,T0084|T0741,sample_object_task_supported,triboelectric.nanogenerator|摩擦纳米发电机,,,,,,自动规则接受；抽样诊断；非专家全量验收
M203.pollutants,M203,氧化锌复合光催化材料,ZnO光催化污染物降解,2695,True,2689,M203.pollutants,研究对象须匹配“ZnO光催化污染物降解”对应对象，且满足所列任务；多任务冲突保留复核。,T0203|T0950|T0933|T0704,sample_object_task_supported,\bZnO\b|zinc.oxide|氧化锌,photodegrad|photocatalytic.degrad|光催化降解|光降解|dye.degrad|染料降解,,,,,自动规则接受；抽样诊断；非专家全量验收
M206.aging,M206,电池测试表征与性能评估,电池老化实验与循环寿命,1180,True,1180,M206.aging,研究对象须匹配“电池老化实验与循环寿命”对应对象，且满足所列任务；多任务冲突保留复核。,T0701|T0169|T0776|T0374|T0720|T0063|T0735|T0506|T0077|T0824,sample_object_task_supported,\bbatter(?:y|ies)\b|电池|电芯,aging|ageing|cycle.life|calendar.life|老化|循环寿命,prediction|forecast|estimat|预测|估计,\baging\b|\bageing\b|\bcycle.life\b|\bcalendar.life\b|老化|循环寿命,,aging须为独立词，不能命中imaging或leveraging,自动规则接受；抽样诊断；非专家全量验收
M206.impedance,M206,电池测试表征与性能评估,电池阻抗表征,424,True,424,M206.impedance,研究对象须匹配“电池阻抗表征”对应对象，且满足所列任务；多任务冲突保留复核。,T0776|T0710|T0351|T0782,sample_object_task_supported,\bbatter(?:y|ies)\b|电池|电芯,impedance.spectroscop|electrochemical.impedance|阻抗谱|阻抗表征,,,,,自动规则接受；抽样诊断；非专家全量验收
M211.exploration,M211,地热资源开发与换热,地热资源勘探与储层建模,1522,True,1522,M211.exploration,研究对象须匹配“地热资源勘探与储层建模”对应对象，且满足所列任务；多任务冲突保留复核。,T0641|T0187|T0538|T0188,sample_object_task_supported,geothermal|地热,explorat|reservoir|geophysical|geochem|勘探|储层|地球物理|地球化学,,,,,自动规则接受；抽样诊断；非专家全量验收
M211.utilization,M211,地热资源开发与换热,地热供热与发电利用,645,True,644,M211.utilization,研究对象须匹配“地热供热与发电利用”对应对象，且满足所列任务；多任务冲突保留复核。,T0538|T0211|T0435|T0188,sample_object_task_supported,geothermal|地热,power.plant|district.heat|energy.utili|发电|供热|能源利用,,,,,自动规则接受；抽样诊断；非专家全量验收
M212.isolated,M212,直流变换器拓扑与设计,隔离型DC-DC变换器,667,True,666,M212.isolated,研究对象须匹配“隔离型DC-DC变换器”对应对象，且满足所列任务；多任务冲突保留复核。,T0212|T0923|T0751,sample_object_task_supported,DC.DC|直流.直流|直流变换器,\bisolated\b|隔离,non.isolated|非隔离,,isolated.communicat|隔离通讯|隔离通信|隔离信号,通信隔离不等于DC-DC功率拓扑隔离,自动规则接受；抽样诊断；非专家全量验收
M212.nonisolated,M212,直流变换器拓扑与设计,非隔离DC-DC变换器,423,True,423,M212.nonisolated,研究对象须匹配“非隔离DC-DC变换器”对应对象，且满足所列任务；多任务冲突保留复核。,T0212,sample_object_task_supported,DC.DC|直流.直流|直流变换器,non.isolated|非隔离,,,,,自动规则接受；抽样诊断；非专家全量验收
M216.tab_welding,M216,电池极耳焊接及耳机等混合部件,电池极耳焊接,9,True,9,M216.tab_welding,研究对象须匹配“电池极耳焊接”对应对象，且满足所列任务；多任务冲突保留复核。,T0216,sample_object_task_supported,\bbatter(?:y|ies)\b|电池|电芯,tab.weld|极耳焊接,earphone|耳机,,,,自动规则接受；抽样诊断；非专家全量验收
M217.electrical_safety,M217,电力可靠性与电气安全,电气安全与触电风险,441,True,441,M217.electrical_safety,研究对象须匹配“电气安全与触电风险”对应对象，且满足所列任务；多任务冲突保留复核。,T0217|T0721|T0807|T0896|T0853,sample_object_task_supported,electrical.safety|electric.shock|电气安全|触电,,,,,,自动规则接受；抽样诊断；非专家全量验收
M219.international,M219,气候变化治理与国际政策,国际气候协定与治理,371,True,371,M219.international,研究对象须匹配“国际气候协定与治理”对应对象，且满足所列任务；多任务冲突保留复核。,T0908,keyword_candidate_only,climate|气候,Paris.agreement|UNFCCC|international.negotiation|巴黎协定|国际谈判|国际治理,,,,,自动规则接受；抽样诊断；非专家全量验收
M221.reliability,M221,系统可靠性及暂态稳定混合,电力系统可靠性评估,429,True,429,M221.reliability,研究对象须匹配“电力系统可靠性评估”对应对象，且满足所列任务；多任务冲突保留复核。,T0523|T0481,sample_object_task_supported,"power.system|power.grid|electric.{0,12}grid|电网|电力系统|配电",reliability.assessment|reliability.evaluation|可靠性评估|可靠性评价,,,,,自动规则接受；抽样诊断；非专家全量验收
M222.corona,M222,局部放电电晕与放电物理,电晕放电与电晕损耗,846,True,846,M222.corona,研究对象须匹配“电晕放电与电晕损耗”对应对象，且满足所列任务；多任务冲突保留复核。,T0222|T0626,sample_object_task_supported,corona.discharge|corona.loss|电晕放电|电晕损耗,,,,,,自动规则接受；抽样诊断；非专家全量验收
M222.partial_discharge,M222,局部放电电晕与放电物理,电气绝缘局部放电,1808,True,1808,M222.partial_discharge,研究对象须匹配“电气绝缘局部放电”对应对象，且满足所列任务；多任务冲突保留复核。,T0475|T0051|T0262|T0222|T0592|T0698,sample_object_task_supported,partial.discharge|局部放电,insulat|cable|transformer|绝缘|电缆|变压器,,,,,自动规则接受；抽样诊断；非专家全量验收
M223.interface,M223,锂金属沉积与含锂电极材料,锂金属负极界面稳定与枝晶抑制,2474,True,2473,M223.interface,研究对象须匹配“锂金属负极界面稳定与枝晶抑制”对应对象，且满足所列任务；多任务冲突保留复核。,T0659|T0782|T0006|T0646|T0414|T0817,sample_object_task_supported,lithium.metal|li.metal|锂金属|金属锂,dendrit|interphase|interface|anode.protect|artificial.SEI|枝晶|界面|负极保护|\bSEI\b,,,,,自动规则接受；抽样诊断；非专家全量验收
M224.ethanol,M224,木质纤维素预处理与生化转化,木质纤维素生物乙醇,122,True,122,M224.ethanol,研究对象须匹配“木质纤维素生物乙醇”对应对象，且满足所列任务；多任务冲突保留复核。,T0781|T0128|T0245,sample_object_task_supported,lignocellulos|cellulosic.biomass|木质纤维素,ethanol|乙醇,,,,,自动规则接受；抽样诊断；非专家全量验收
M224.pretreatment,M224,木质纤维素预处理与生化转化,木质纤维素预处理,171,True,169,M224.pretreatment,研究对象须匹配“木质纤维素预处理”对应对象，且满足所列任务；多任务冲突保留复核。,T0781|T0245,sample_object_task_supported,lignocellulos|cellulosic.biomass|木质纤维素,pretreat|delignif|预处理|脱木质素,,,,,自动规则接受；抽样诊断；非专家全量验收
M226.soil,M226,生物炭制备与环境应用,生物炭土壤改良,527,True,527,M226.soil,研究对象须匹配“生物炭土壤改良”对应对象，且满足所列任务；多任务冲突保留复核。,T0009|T0143|T0015,descriptor_retrieval_only_not_sample_approved,biochar|生物炭,soil|土壤,,,,,自动规则接受；抽样诊断；非专家全量验收
M226.water,M226,生物炭制备与环境应用,生物炭水污染物去除,7,True,7,M226.water,研究对象须匹配“生物炭水污染物去除”对应对象，且满足所列任务；多任务冲突保留复核。,T0033,sample_object_task_supported,biochar|生物炭,wastewater|aqueous|pollutant|废水|水污染|污染物,soil|土壤,adsorp|remov|degrad|decontamin|remediat|pollutant|吸附|去除|降解|修复|污染物,methane.production|biogas|anaerobic.digestion|产甲烷|产沼气|厌氧消化,生物炭在废水中促进产气不能据此认作污染物去除；生物炭助力厌氧产气与去污任务交叉，保留复核,自动规则接受；抽样诊断；非专家全量验收
M230.industrial_audit,M230,能源审计与综合节能评估,工业能源审计与节能评估,274,True,274,M230.industrial_audit,研究对象须匹配“工业能源审计与节能评估”对应对象，且满足所列任务；多任务冲突保留复核。,T0230|T0155|T0287|T0320|T0490|T0748|T0454|T0980,sample_object_task_supported,industrial|industry|工厂|工业,energy.audit|energy.efficiency.assessment|energy.saving|能源审计|能效评估|节能,,,,,自动规则接受；抽样诊断；非专家全量验收
M236.resonant,M236,软开关谐振与交流变换器,谐振与软开关变换器,4795,True,4794,M236.resonant,研究对象须匹配“谐振与软开关变换器”对应对象，且满足所列任务；多任务冲突保留复核。,T0507|T0945|T0310|T0589|T0026|T0537|T0751|T0315|T0683|T0184,sample_object_task_supported,converter|变换器|转换器,resonant|soft.switch|zero.voltage.switch|谐振|软开关|零电压开关,,,,,自动规则接受；抽样诊断；非专家全量验收
M238.supply_chain,M238,氢能供给加氢与系统集成,氢能供应链与基础设施规划,782,True,782,M238.supply_chain,研究对象须匹配“氢能供应链与基础设施规划”对应对象，且满足所列任务；多任务冲突保留复核。,T0071|T0765|T0192,sample_object_task_supported,hydrogen|氢能,supply.chain|infrastructure|network.planning|供应链|基础设施|网络规划,,,,,自动规则接受；抽样诊断；非专家全量验收
M239.agrivoltaics,M239,分布式光伏部署与技术经济,农光互补与农光协同,557,True,557,M239.agrivoltaics,研究对象须匹配“农光互补与农光协同”对应对象，且满足所列任务；多任务冲突保留复核。,T0862|T0239,keyword_candidate_only,agrivoltaic|agro.photovoltaic|农光互补|农光协同,,,,,,自动规则接受；抽样诊断；非专家全量验收
M239.economics,M239,分布式光伏部署与技术经济,光伏技术经济与投资,434,True,434,M239.economics,研究对象须匹配“光伏技术经济与投资”对应对象，且满足所列任务；多任务冲突保留复核。,T0085|T0974,sample_object_task_supported,photovoltaic|solar.cell|solar.module|光伏|太阳能电池,techno.economic|levelized.cost|investment|payback|技术经济|平准化|投资回收,rooftop|distributed|屋顶|分布式,,,,自动规则接受；抽样诊断；非专家全量验收
M239.rooftop,M239,分布式光伏部署与技术经济,屋顶与分布式光伏部署,579,True,579,M239.rooftop,研究对象须匹配“屋顶与分布式光伏部署”对应对象，且满足所列任务；多任务冲突保留复核。,T0137|T0239|T0672|T0177|T0085|T0961|T0545|T0513|T0445|T0275,sample_object_task_supported,photovoltaic|solar.cell|solar.module|光伏|太阳能电池,rooftop|distributed|屋顶|分布式,,deploy|install|planning|potential|adopt|siting|capacity|penetration|assessment|impact|integration|安装|部署|规划|潜力|接入|容量|渗透|影响|评估,,屋顶场景本身不足以证明部署/规划任务,自动规则接受；抽样诊断；非专家全量验收
M251.permanent_magnet,M251,磁性材料磁路与磁场基础,永磁材料与磁性设计,397,True,397,M251.permanent_magnet,研究对象须匹配“永磁材料与磁性设计”对应对象，且满足所列任务；多任务冲突保留复核。,T0634|T0180|T0096,descriptor_retrieval_only_not_sample_approved,permanent.magnet.material|NdFeB|Nd.Fe.B|永磁材料|钕铁硼,,,,scrap|recycl|metal.recover|废旧|回收,废磁体金属回收与永磁材料性能设计任务不同,自动规则接受；抽样诊断；非专家全量验收
M251.soft_magnetic,M251,磁性材料磁路与磁场基础,软磁材料与磁损耗,57,True,57,M251.soft_magnetic,研究对象须匹配“软磁材料与磁损耗”对应对象，且满足所列任务；多任务冲突保留复核。,T0892|T0660|T0293|T0425,sample_object_task_supported,soft.magnetic|软磁,loss|propert|损耗|性能,,,,,自动规则接受；抽样诊断；非专家全量验收
M252.brayton,M252,热力循环余热与联供系统,超临界二氧化碳布雷顿循环,413,True,412,M252.brayton,研究对象须匹配“超临界二氧化碳布雷顿循环”对应对象，且满足所列任务；多任务冲突保留复核。,T0984|T0165,sample_object_task_supported,supercritical.CO2|supercritical.carbon.dioxide|超临界二氧化碳,brayton|cycle|布雷顿|循环,,,,,自动规则接受；抽样诊断；非专家全量验收
M252.orc,M252,热力循环余热与联供系统,有机朗肯循环发电,2359,True,2357,M252.orc,有机朗肯循环发电及其热力过程；热源不限定为余热。,T0984|T0647|T0881,sample_object_task_supported,organic.rankine|有机朗肯,,,,,,自动规则接受；抽样诊断；非专家全量验收
M253.location,M253,充电站选址与充电调度,电动汽车充电站选址规划,684,True,682,M253.location,研究对象须匹配“电动汽车充电站选址规划”对应对象，且满足所列任务；多任务冲突保留复核。,T0879|T0253,sample_object_task_supported,electric.vehicle|EV.charg|charging.station|电动汽车|充电站,location|siting|placement|选址|站点规划,routing|路径,\blocations?\b|\bsiting\b|\bplacement\b|选址|站点规划,,选址须为独立词；displacement或allocation不等于选址,自动规则接受；抽样诊断；非专家全量验收
M253.routing,M253,充电站选址与充电调度,电动汽车路径与补能规划,442,True,442,M253.routing,研究对象须匹配“电动汽车路径与补能规划”对应对象，且满足所列任务；多任务冲突保留复核。,T0253|T0756|T0879,sample_object_task_supported,electric.vehicle|电动汽车|electric.bus|电动公交,routing|route.planning|路径|行驶路线,,,,,自动规则接受；抽样诊断；非专家全量验收
M254.district,M254,热泵与区域供热供冷,区域供热供冷系统,3336,True,3335,M254.district,研究对象须匹配“区域供热供冷系统”对应对象，且满足所列任务；多任务冲突保留复核。,T0211|T0171|T0538|T0922|T0254|T0679,sample_object_task_supported,district.heat|district.cool|区域供热|区域供冷|集中供热,,,,,,自动规则接受；抽样诊断；非专家全量验收
M255.co2_hydrogenation,M255,二氧化碳加氢与多类催化反应,二氧化碳催化加氢与甲烷化,2539,True,2538,M255.co2_hydrogenation,CO2催化加氢或甲烷化；产物可以是燃料或化学品，不仅凭名称推断用途。,T0150|T0321|T0238|T0796|T0417|T0981|T0075|T0515|T0228,sample_object_task_supported,CO2|carbon.dioxide|二氧化碳,hydrogenation|methanation|加氢|甲烷化,,,,,自动规则接受；抽样诊断；非专家全量验收
M260.planning,M260,综合能源系统协同管理与优化调度,综合能源系统规划配置,398,True,397,M260.planning,研究对象须匹配“综合能源系统规划配置”对应对象，且满足所列任务；多任务冲突保留复核。,T0961|T0531,sample_object_task_supported,integrated.energy.system|multi.energy.system|energy.hub|综合能源系统|多能源系统|能源枢纽,planning|sizing|capacity.allocation|规划|容量配置,dispatch|schedul|调度,,,,自动规则接受；抽样诊断；非专家全量验收
M260.scheduling,M260,综合能源系统协同管理与优化调度,综合能源系统优化调度,1149,True,1141,M260.scheduling,研究对象须匹配“综合能源系统优化调度”对应对象，且满足所列任务；多任务冲突保留复核。,T0306|T0260|T0172|T0531|T0387,sample_object_task_supported,integrated.energy.system|multi.energy.system|energy.hub|综合能源系统|多能源系统|能源枢纽,dispatch|schedul|调度,,,,,自动规则接受；抽样诊断；非专家全量验收
M262.current,M262,电压电流检测与校验电路,电流检测与测量电路,426,True,426,M262.current,研究对象须匹配“电流检测与测量电路”对应对象，且满足所列任务；多任务冲突保留复核。,T0802|T0309|T0370|T0415,sample_object_task_supported,current.sens|current.measurement|current.detection|电流检测|电流测量|电流传感,,,,fault.tolerant|sensorless|容错|无传感,传感器容错控制不能等同电流测量电路研究,自动规则接受；抽样诊断；非专家全量验收
M262.voltage,M262,电压电流检测与校验电路,电压检测与测量电路,393,True,393,M262.voltage,研究对象须匹配“电压检测与测量电路”对应对象，且满足所列任务；多任务冲突保留复核。,T0262|T0285|T0037|T0895|T0415,sample_object_task_supported,voltage.sens|voltage.measurement|voltage.detection|电压检测|电压测量|电压传感,,,,"classification.of.{0,20}events|event.classif|events.using|事件分类|事件识别",使用电压量测的事件分类不是电压测量电路研究,自动规则接受；抽样诊断；非专家全量验收
M263.leakage,M263,保护电路与开关控制,漏电与剩余电流保护,166,True,166,M263.leakage,研究对象须匹配“漏电与剩余电流保护”对应对象，且满足所列任务；多任务冲突保留复核。,T0707|T0613|T0262,sample_object_task_supported,leakage.current|residual.current|漏电|剩余电流,protect|保护,,,,,自动规则接受；抽样诊断；非专家全量验收
M263.surge,M263,保护电路与开关控制,浪涌与过压保护电路,63,True,63,M263.surge,研究对象须匹配“浪涌与过压保护电路”对应对象，且满足所列任务；多任务冲突保留复核。,T0077,sample_object_task_supported,protection.circuit|protective.circuit|保护电路,surge|overvoltage|浪涌|过压,,,,,自动规则接受；抽样诊断；非专家全量验收
M264.cover,M264,电池外壳盖板与封装,电池盖板、端子与密封结构,1230,True,1230,M264.cover,研究对象须匹配“电池盖板、端子与密封结构”对应对象，且满足所列任务；多任务冲突保留复核。,T0264|T0551|T0379|T0836|T0864|T0077|T0759|T0565|T0252|T0612,sample_object_task_supported,\bbatter(?:y|ies)\b|电池|电芯,cover.plate|terminal|cap.assembly|盖板|顶盖|极柱|端盖|密封,assembling.device|assembly.equipment|manufacturing.equipment|组装装置|制造设备|生产设备,,inspection|diagnos|检测方法|检验方法|诊断,端子检测不能仅凭端子名称认作密封结构设计,自动规则接受；抽样诊断；非专家全量验收
M266.green_finance,M266,绿色发展可持续性与绿色金融,绿色金融与能源投资,968,True,956,M266.green_finance,研究对象须匹配“绿色金融与能源投资”对应对象，且满足所列任务；多任务冲突保留复核。,T0240|T0555,sample_object_task_supported,green.finance|green.bond|绿色金融|绿色债券,,,,,,自动规则接受；抽样诊断；非专家全量验收
M267.deicing,M267,覆冰冻结与除冰传热,电力设施覆冰与除冰,147,True,147,M267.deicing,研究对象须匹配“电力设施覆冰与除冰”对应对象，且满足所列任务；多任务冲突保留复核。,T0874|T0639|T0972|T0599,sample_object_task_supported,power.line|wind.turbine|电力线路|输电线路|风机,icing|de.icing|覆冰|除冰,,,,,自动规则接受；抽样诊断；非专家全量验收
M274.biogas_upgrading,M274,沼气及多路线生物燃料,沼气提纯与生物甲烷升级,929,True,929,M274.biogas_upgrading,研究对象须匹配“沼气提纯与生物甲烷升级”对应对象，且满足所列任务；多任务冲突保留复核。,T0623|T0702|T0274|T0489|T0614|T0156,sample_object_task_supported,biogas|biomethane|沼气|生物甲烷,upgrad|purif|CO2.removal|提纯|净化|脱碳,,,,,自动规则接受；抽样诊断；非专家全量验收
M276.modulation,M276,电机调制谐波与转矩控制,电机驱动PWM与谐波控制,851,True,851,M276.modulation,研究对象须匹配“电机驱动PWM与谐波控制”对应对象，且满足所列任务；多任务冲突保留复核。,T0200|T0558|T0392|T0051|T0797|T0396|T0276|T0312|T0016|T0420,sample_object_task_supported,motor|电机,PWM|pulse.width.modulation|harmonic|脉宽调制|谐波,,,,,自动规则接受；抽样诊断；非专家全量验收
M276.torque,M276,电机调制谐波与转矩控制,电机转矩脉动抑制,448,True,448,M276.torque,研究对象须匹配“电机转矩脉动抑制”对应对象，且满足所列任务；多任务冲突保留复核。,T0392|T0016|T0380|T0848|T0322|T0548,sample_object_task_supported,motor|电机,torque.ripple|cogging.torque|转矩脉动|齿槽转矩,,,,,自动规则接受；抽样诊断；非专家全量验收
M277.cable_material,M277,电缆结构材料与敷设,电缆绝缘护套与导体结构,2265,True,2262,M277.cable_material,研究对象须匹配“电缆绝缘护套与导体结构”对应对象，且满足所列任务；多任务冲突保留复核。,T0277|T0985|T0134|T0604|T0214|T0262|T0690|T0535|T0686,sample_object_task_supported,cable|电缆,insulation|sheath|conductor|绝缘|护套|导体,,,cable.modeling|cable.modelling|EMI.simulat|电缆建模|电磁干扰仿真,电缆电路建模不能仅由conductor字样归为材料结构,自动规则接受；抽样诊断；非专家全量验收
M279.graphite,M279,锂离子电池负极材料,锂电石墨负极,253,True,253,M279.graphite,研究对象须匹配“锂电石墨负极”对应对象，且满足所列任务；多任务冲突保留复核。,T0685|T0341|T0693|T0365|T0788|T0666|T0999|T0472|T0840|T0045,sample_object_task_supported,graphite|石墨,anode|负极,sodium|钠|graphene|石墨烯,,silicon|SiOx|Si/C|硅,硅石墨复合负极不强制作为单一石墨负极子类,自动规则接受；抽样诊断；非专家全量验收
M287.standards,M287,能源标准化许可与专项监管,能源电力标准化政策,71,True,71,M287.standards,研究对象须匹配“能源电力标准化政策”对应对象，且满足所列任务；多任务冲突保留复核。,T0287|T0155|T0080|T0606|T0358|T0857|T0600|T0387|T0117|T0446,sample_object_task_supported,能源|电力,标准化|行业标准|国家标准,,,,,自动规则接受；抽样诊断；非专家全量验收
M288.air_heat_pump,M288,热泵换热器与热管理设计,空气源热泵,653,True,653,M288.air_heat_pump,研究对象须匹配“空气源热泵”对应对象，且满足所列任务；多任务冲突保留复核。,T0712|T0546,sample_object_task_supported,air.source.heat.pump|空气源热泵,,,,,,自动规则接受；抽样诊断；非专家全量验收
M288.ground_heat_pump,M288,热泵换热器与热管理设计,地源热泵与地埋换热器,3555,True,3554,M288.ground_heat_pump,研究对象须匹配“地源热泵与地埋换热器”对应对象，且满足所列任务；多任务冲突保留复核。,T0211|T0647|T0712|T0511|T0061,sample_object_task_supported,ground.source.heat.pump|ground.heat.exchanger|borehole.heat.exchanger|地源热泵|地埋换热器,,,,,,自动规则接受；抽样诊断；非专家全量验收
M290.fission,M290,核裂变聚变与核电工程,核裂变反应堆工程,71,True,71,M290.fission,研究对象须匹配“核裂变反应堆工程”对应对象，且满足所列任务；多任务冲突保留复核。,T0694|T0261|T0168,sample_object_task_supported,fission.reactor|nuclear.fission|light.water.reactor|核裂变|轻水堆|压水堆,,,,,,自动规则接受；抽样诊断；非专家全量验收
M290.fusion,M290,核裂变聚变与核电工程,核聚变装置工程,1050,True,1049,M290.fusion,研究对象须匹配“核聚变装置工程”对应对象，且满足所列任务；多任务冲突保留复核。,T0694|T0504|T0937|T0028|T0122|T0205|T0064|T0416|T0323|T0302,sample_object_task_supported,fusion.reactor|fusion.device|tokamak|聚变堆|聚变装置|托卡马克,,diagnos|imaging|lost.alpha|诊断|成像,engineering|design|construction|blanket|first.wall|divertor|vacuum.vessel|reactor.material|shielding|工程|设计|建造|包层|第一壁|偏滤器|真空室|屏蔽,,托卡马克等离子体过程不能仅因装置名称归入装置工程,自动规则接受；抽样诊断；非专家全量验收
M295.education,M295,仿真软件硬件在环与教学平台,能源电力教学实验平台,184,True,184,M295.education,研究对象须匹配“能源电力教学实验平台”对应对象，且满足所列任务；多任务冲突保留复核。,T0721|T0730|T0816|T0670|T0418,sample_object_task_supported,energy|electrical|power|能源|电气|电力,teaching|education|laboratory.platform|教学|实验平台,,,,,自动规则接受；抽样诊断；非专家全量验收
M295.hil,M295,仿真软件硬件在环与教学平台,电力系统硬件在环仿真,4,True,4,M295.hil,研究对象须匹配“电力系统硬件在环仿真”对应对象，且满足所列任务；多任务冲突保留复核。,T0340|T0246|T0315,descriptor_retrieval_only_not_sample_approved,power.system|power.electronic|电力系统|电力电子,hardware.in.the.loop|硬件在环,,,,,自动规则接受；抽样诊断；非专家全量验收
M296.second_life,M296,电池系统管理与全寿命利用,动力电池梯次利用,385,True,385,M296.second_life,研究对象须匹配“动力电池梯次利用”对应对象，且满足所列任务；多任务冲突保留复核。,T0296|T0526|T0107|T0301,sample_object_task_supported,\bbatter(?:y|ies)\b|电池|电芯,second.life|repurpos|梯次利用|梯次使用,,,,,自动规则接受；抽样诊断；非专家全量验收
M297.balancing,M297,电池管理与均衡控制,电池单体均衡控制,921,True,921,M297.balancing,研究对象须匹配“电池单体均衡控制”对应对象，且满足所列任务；多任务冲突保留复核。,T0297|T0206|T0760|T0291|T0612|T0296|T0040|T0348,sample_object_task_supported,\bbatter(?:y|ies)\b|电池|电芯,cell.balanc|charge.balanc|equaliz|均衡,,,,,自动规则接受；抽样诊断；非专家全量验收
M301.direct_recycling,M301,废旧锂电池回收、分离与材料再生,废旧电池材料直接再生,5,True,5,M301.direct_recycling,研究对象须匹配“废旧电池材料直接再生”对应对象，且满足所列任务；多任务冲突保留复核。,T0687|T0973|T0063,descriptor_retrieval_only_not_sample_approved,"spent.batter|battery.recycl|废旧.{0,8}电池|电池回收",direct.recycl|direct.regener|relithiat|直接再生|补锂|直接回收,,,,,自动规则接受；抽样诊断；非专家全量验收
M301.disassembly,M301,废旧锂电池回收、分离与材料再生,废旧电池拆解与物理分离,31,True,31,M301.disassembly,研究对象须匹配“废旧电池拆解与物理分离”对应对象，且满足所列任务；多任务冲突保留复核。,T0687,sample_object_task_supported,"spent.batter|battery.recycl|废旧.{0,8}电池|电池回收",disassembl|dismantl|physical.separat|拆解|破碎|物理分离,,,,,自动规则接受；抽样诊断；非专家全量验收
M301.hydrometallurgy,M301,废旧锂电池回收、分离与材料再生,废旧电池湿法回收,106,True,106,M301.hydrometallurgy,研究对象须匹配“废旧电池湿法回收”对应对象，且满足所列任务；多任务冲突保留复核。,T0687|T0301|T0695,sample_object_task_supported,"spent.batter|battery.recycl|废旧.{0,8}电池|电池回收",leach|hydrometall|浸出|湿法,,,,,自动规则接受；抽样诊断；非专家全量验收
M303.temperature_sensing,M303,温度测量监测与温控装置,温度传感与测量装置,427,True,427,M303.temperature_sensing,研究对象须匹配“温度传感与测量装置”对应对象，且满足所列任务；多任务冲突保留复核。,T0989|T0369|T0994|T0948,sample_object_task_supported,temperature.sensor|temperature.measurement|温度传感|测温装置|温度测量,,,,,,自动规则接受；抽样诊断；非专家全量验收
M306.absorption,M306,制冷循环与余热驱动制冷,吸收式制冷循环,1098,True,1098,M306.absorption,研究对象须匹配“吸收式制冷循环”对应对象，且满足所列任务；多任务冲突保留复核。,T0518|T0343,keyword_candidate_only,absorption.refrigerat|absorption.chill|吸收式制冷|吸收式冷,,,,,,自动规则接受；抽样诊断；非专家全量验收
M306.adsorption,M306,制冷循环与余热驱动制冷,吸附式制冷循环,209,True,209,M306.adsorption,研究对象须匹配“吸附式制冷循环”对应对象，且满足所列任务；多任务冲突保留复核。,T0343,sample_object_task_supported,adsorption.refrigerat|adsorption.chill|吸附式制冷|吸附式冷,,,,,,自动规则接受；抽样诊断；非专家全量验收
M307.led_lighting,M307,照明灯具与光学部件,LED照明灯具与配光,335,True,335,M307.led_lighting,研究对象须匹配“LED照明灯具与配光”对应对象，且满足所列任务；多任务冲突保留复核。,T0980|T0498|T0589,sample_object_task_supported,LED|light.emitting.diode|发光二极管,lighting|luminaire|light.distribution|照明|灯具|配光,organic|有机,(?<![A-Za-z])LEDs?(?![A-Za-z])|light.emitting.diode|发光二极管,,LED须为独立缩写，不能由controlled等词尾推断,自动规则接受；抽样诊断；非专家全量验收
M311.heat_exchanger,M311,对流換热与换热器热工分析,换热器结构与传热强化,1386,True,1385,M311.heat_exchanger,研究对象须匹配“换热器结构与传热强化”对应对象，且满足所列任务；多任务冲突保留复核。,T0050|T0511|T0311,sample_object_task_supported,heat.exchanger|换热器,heat.transfer|enhanc|design|传热|强化|设计,ground|地埋|borehole|钻孔,,earth.to.air|earth.air|\bEAHX\b|地埋|地源,地耦合换热器与地源子类边界重合，保留复核,自动规则接受；抽样诊断；非专家全量验收
M315.power_semiconductor,M315,变换器与电机变压器保护混合,功率半导体器件,570,True,570,M315.power_semiconductor,研究对象须匹配“功率半导体器件”对应对象，且满足所列任务；多任务冲突保留复核。,T0770|T0617|T0315|T0051|T0369|T0777|T0885|T0601,sample_object_task_supported,power.MOSFET|\bIGBT\b|power.semiconductor|功率半导体|功率MOSFET,device|switch|器件|开关,,,transfer.switch|switching.system|转换开关|切换系统,采用IGBT的系统不能仅凭器件名称归为半导体器件研究,自动规则接受；抽样诊断；非专家全量验收
M317.frequency,M317,电力系统频率控制及通用控制方法,电网频率控制,1975,True,1972,M317.frequency,研究对象须匹配“电网频率控制”对应对象，且满足所列任务；多任务冲突保留复核。,T0278|T0378|T0322|T0916|T0463|T0743|T0640|T0533|T0971|T0720,sample_object_task_supported,"power.system|power.grid|electric.{0,12}grid|电网|电力系统|配电",frequency.control|frequency.regulation|load.frequency|频率控制|调频|负荷频率,,,,,自动规则接受；抽样诊断；非专家全量验收
M319.regional_carbon,M319,中国能源转型与区域低碳经济,中国区域低碳经济与碳效率,148,True,147,M319.regional_carbon,研究对象须匹配“中国区域低碳经济与碳效率”对应对象，且满足所列任务；多任务冲突保留复核。,T0539|T0555|T0319,descriptor_retrieval_only_not_sample_approved,China|Chinese|中国|省域|城市群,carbon.efficiency|low.carbon.econom|碳效率|低碳经济,,,,,自动规则接受；抽样诊断；非专家全量验收
M323.mhd,M323,等离子体动力学与磁约束,磁约束等离子体MHD稳定性,91,True,91,M323.mhd,研究对象须匹配“磁约束等离子体MHD稳定性”对应对象，且满足所列任务；多任务冲突保留复核。,T0099|T0457|T0016|T0122,sample_object_task_supported,plasma|等离子体,magnetohydrodynamic|MHD.stability|磁流体|MHD稳定,,tokamak|stellarator|fusion|magnetic.confinement|toroidal|spheromak|divertor|聚变|托卡马克|磁约束|环形约束|偏滤器,,一般或天体等离子体MHD不能直接认作磁约束稳定性,自动规则接受；抽样诊断；非专家全量验收
M324.absorption,M324,二氧化碳捕集材料与工艺,二氧化碳溶剂吸收捕集,1509,True,1509,M324.absorption,研究对象须匹配“二氧化碳溶剂吸收捕集”对应对象，且满足所列任务；多任务冲突保留复核。,T0150|T0826|T0196|T0529|T0692|T0347|T0796|T0486|T0508|T0844,sample_object_task_supported,CO2|carbon.dioxide|二氧化碳,amine|solvent.absorp|chemical.absorp|胺|溶剂吸收|化学吸收,,"\babsorp|solvent|aqueous.{0,60}amine|solution.{0,45}amine|胺溶液|吸收|溶剂",,胺功能化材料不必然是溶剂吸收，须有明确液相/吸收任务,自动规则接受；抽样诊断；非专家全量验收
M324.adsorption,M324,二氧化碳捕集材料与工艺,二氧化碳固体吸附捕集,4655,True,4654,M324.adsorption,研究对象须匹配“二氧化碳固体吸附捕集”对应对象，且满足所列任务；多任务冲突保留复核。,T0150|T0826|T0321|T0713|T0529|T0796|T0426|T0347|T0844|T0932,sample_object_task_supported,CO2|carbon.dioxide|二氧化碳,adsorp|sorbent|吸附,carbon.aerogel|activated.carbon|活性炭|碳气凝胶,\badsorp|\badsorb|\bsorbents?\b|吸附,,absorbent不能以词内sorbent自动当作固体吸附剂,自动规则接受；抽样诊断；非专家全量验收
M325.floating_wind,M325,海上风电平台与波浪能装置,漂浮式海上风电平台,2496,True,2496,M325.floating_wind,研究对象须匹配“漂浮式海上风电平台”对应对象，且满足所列任务；多任务冲突保留复核。,T0190|T0404|T0120,sample_object_task_supported,floating.offshore.wind|floating.wind.turbine|漂浮式海上风电|浮式风机|浮式风电,,,,monitoring|fault.diagnos|condition.monitor|监测|故障诊断,漂浮风机监测研究不能只凭平台类型替代具体诊断任务,自动规则接受；抽样诊断；非专家全量验收
M327.sulfide_electrolyte,M327,硫化物固态电解质与锂硫材料混合,硫化物固态电解质,457,True,457,M327.sulfide_electrolyte,研究对象须匹配“硫化物固态电解质”对应对象，且满足所列任务；多任务冲突保留复核。,T0958|T0979|T0447|T0374,sample_object_task_supported,sulfide|sulphide|硫化物|argyrodite|硫银锗矿,solid.electrolyte|solid.state.electrolyte|固态电解质|固体电解质,lithium.sulfur|锂硫,,,,自动规则接受；抽样诊断；非专家全量验收
M328.forest_management,M328,林业经营与森林资源利用,森林资源经营与碳汇,1373,True,1373,M328.forest_management,研究对象须匹配“森林资源经营与碳汇”对应对象，且满足所列任务；多任务冲突保留复核。,T0328|T0143,sample_object_task_supported,forest|森林,management|carbon.sequestration|经营|碳汇,,,,,自动规则接受；抽样诊断；非专家全量验收
M332.wind_power,M332,风速与风电出力预测,风电出力预测,2803,True,2802,M332.wind_power,研究对象须匹配“风电出力预测”对应对象，且满足所列任务；多任务冲突保留复核。,T0753|T0444|T0387|T0531,sample_object_task_supported,wind.turbine|wind.farm|wind.power|wind.energy|风电|风力机|风力发电,power.forecast|power.prediction|generation.forecast|功率预测|出力预测|发电量预测,wind.speed.forecast|风速预测,,,,自动规则接受；抽样诊断；非专家全量验收
M332.wind_speed,M332,风速与风电出力预测,风速预测,2515,True,2510,M332.wind_speed,研究对象须匹配“风速预测”对应对象，且满足所列任务；多任务冲突保留复核。,T0753|T0444,sample_object_task_supported,wind.speed|风速,forecast|predict|预测,,,,,自动规则接受；抽样诊断；非专家全量验收
M333.collector,M333,太阳能集热器与光热利用,太阳能集热器传热设计,971,True,969,M333.collector,研究对象须匹配“太阳能集热器传热设计”对应对象，且满足所列任务；多任务冲突保留复核。,T0679|T0333,sample_object_task_supported,solar.collector|太阳能集热器,heat.transfer|thermal.performance|design|传热|热性能|设计,,,,,自动规则接受；抽样诊断；非专家全量验收
M333.csp,M333,太阳能集热器与光热利用,聚光太阳能热发电,2426,True,2424,M333.csp,研究对象须匹配“聚光太阳能热发电”对应对象，且满足所列任务；多任务冲突保留复核。,T0913|T0435,sample_object_task_supported,concentrated.solar.power|concentrating.solar.power|solar.tower|solar.thermal.power|聚光太阳能|塔式光热|太阳能热发电,,,,,,自动规则接受；抽样诊断；非专家全量验收
M336.energy_label,M336,能效标识与多类财税结算政策混合,能效标识与产品能效政策,0,False,0,M336.energy_label,研究对象须匹配“能效标识与产品能效政策”对应对象，且满足所列任务；多任务冲突保留复核。,T0767|T0756|T0852,descriptor_retrieval_only_not_sample_approved,能效标识|能效标准|energy.label,通知|办法|标准|regulat,,,,,自动规则接受；抽样诊断；非专家全量验收
M337.fpga,M337,可编程芯片与实时硬件实现,FPGA实时控制与硬件实现,546,True,546,M337.fpga,研究对象须匹配“FPGA实时控制与硬件实现”对应对象，且满足所列任务；多任务冲突保留复核。,T0337|T0303|T0716|T0025,sample_object_task_supported,\bFPGA\b|现场可编程,control|implement|real.time|控制|实现|实时,,,,,自动规则接受；抽样诊断；非专家全量验收
M347.gasification,M347,生物质热解气化与水热转化,生物质气化制合成气,5175,True,5173,M347.gasification,研究对象须匹配“生物质气化制合成气”对应对象，且满足所列任务；多任务冲突保留复核。,T0033|T0124|T0238|T0783|T0087|T0805|T0726|T0471|T0597|T0579,sample_object_task_supported,biomass|wood|生物质|木质,gasification|gasifier|气化,,\bbiomass\b|\b(?:wood|woody|hardwood|softwood|sawdust)\b|生物质|木质,,生物质气化须有完整原料对象，不能由Sherwood等词内wood推断,自动规则接受；抽样诊断；非专家全量验收
M347.htc,M347,生物质热解气化与水热转化,生物质水热炭化,306,True,306,M347.htc,研究对象须匹配“生物质水热炭化”对应对象，且满足所列任务；多任务冲突保留复核。,T0347|T0471|T0901,sample_object_task_supported,biomass|生物质|sludge|污泥,hydrothermal.carbonization|hydrothermal.carbonisation|水热炭化|水热碳化,,,,,自动规则接受；抽样诊断；非专家全量验收
M347.htl,M347,生物质热解气化与水热转化,生物质水热液化,106,True,106,M347.htl,研究对象须匹配“生物质水热液化”对应对象，且满足所列任务；多任务冲突保留复核。,T0113|T0625|T0810,descriptor_retrieval_only_not_sample_approved,biomass|alga|生物质|藻,hydrothermal.liquefaction|水热液化,,,,,自动规则接受；抽样诊断；非专家全量验收
M348.fire,M348,锂电池热行为与安全机制,电池火灾抑制与灭火,238,True,238,M348.fire,研究对象须匹配“电池火灾抑制与灭火”对应对象，且满足所列任务；多任务冲突保留复核。,T0461|T0291|T0296|T0437|T0671|T0506,sample_object_task_supported,\bbatter(?:y|ies)\b|电池|电芯,fire.suppress|fire.extinguish|fire.safety|灭火|火灾抑制|阻燃,,,,,自动规则接受；抽样诊断；非专家全量验收
M348.runaway,M348,锂电池热行为与安全机制,电池热失控与传播,1850,True,1848,M348.runaway,研究对象须匹配“电池热失控与传播”对应对象，且满足所列任务；多任务冲突保留复核。,T0616|T0948|T0461|T0671|T0169|T0000|T0760|T0040|T0374|T0199,sample_object_task_supported,\bbatter(?:y|ies)\b|电池|电芯,thermal.runaway|thermal.propagation|热失控|热蔓延,,,,,自动规则接受；抽样诊断；非专家全量验收
M353.cyber,M353,智能电网信息安全与韧性,智能电网网络攻击与安全,497,True,497,M353.cyber,研究对象须匹配“智能电网网络攻击与安全”对应对象，且满足所列任务；多任务冲突保留复核。,T0129|T0353|T0419|T0728|T0081,sample_object_task_supported,smart.grid|power.grid|电网,cyber.attack|cyber.security|false.data.injection|网络攻击|网络安全|虚假数据注入,,,,,自动规则接受；抽样诊断；非专家全量验收
M353.resilience,M353,智能电网信息安全与韧性,电网灾害韧性与恢复,1055,True,1054,M353.resilience,研究对象须匹配“电网灾害韧性与恢复”对应对象，且满足所列任务；多任务冲突保留复核。,T0073|T0523|T0896|T0806|T0191|T0157|T0640,sample_object_task_supported,"power.system|power.grid|electric.{0,12}grid|电网|电力系统|配电",resilien|disaster|restoration|韧性|灾害|恢复供电,,,,,自动规则接受；抽样诊断；非专家全量验收
M360.counterelectrode,M360,染料敏化太阳能电池材料与器件,染料敏化电池对电极,2137,True,2136,M360.counterelectrode,研究对象须匹配“染料敏化电池对电极”对应对象，且满足所列任务；多任务冲突保留复核。,T0534|T0360,sample_object_task_supported,dye.sensiti[sz]ed|\bDSSC|染料敏化,counter.electrode|对电极,,,,,自动规则接受；抽样诊断；非专家全量验收
M360.photoanode,M360,染料敏化太阳能电池材料与器件,染料敏化电池光阳极,1665,True,1662,M360.photoanode,研究对象须匹配“染料敏化电池光阳极”对应对象，且满足所列任务；多任务冲突保留复核。,T0360,sample_object_task_supported,dye.sensiti[sz]ed|\bDSSC|染料敏化,photoanode|photoelectrode|光阳极|光电极,counter.electrode|对电极,,,,自动规则接受；抽样诊断；非专家全量验收
M360.sensitizer,M360,染料敏化太阳能电池材料与器件,染料敏化电池敏化剂,2887,True,2886,M360.sensitizer,研究对象须匹配“染料敏化电池敏化剂”对应对象，且满足所列任务；多任务冲突保留复核。,T0608|T0326|T0036,sample_object_task_supported,dye.sensiti[sz]ed|\bDSSC|染料敏化,sensitizer|sensitiser|organic.dye|natural.dye|extracted.dye|co.sensiti|敏化剂|有机染料|天然染料|共敏化,counter.electrode|对电极,,,,自动规则接受；抽样诊断；非专家全量验收
M361.knowledge_graph,M361,电力知识处理与智能决策系统,电力知识图谱,145,True,145,M361.knowledge_graph,研究对象须匹配“电力知识图谱”对应对象，且满足所列任务；多任务冲突保留复核。,T0585|T0554,sample_object_task_supported,power|electric|电力|电网,knowledge.graph|知识图谱,,\bpower\b|\belectric(?:al|ity)?\b|电力|电网,,电力知识图谱必须明确电力对象，不能命中powerful等词内片段,自动规则接受；抽样诊断；非专家全量验收
M364.charging_policy,M364,充电基础设施与公用事业接入政策混合,充电基础设施建设政策,60,True,60,M364.charging_policy,研究对象须匹配“充电基础设施建设政策”对应对象，且满足所列任务；多任务冲突保留复核。,T0719|T0253,sample_object_task_supported,充电基础设施|充电桩|充电站,通知|意见|办法|规划|政策,,,,,自动规则接受；抽样诊断；非专家全量验收
M364.utility_connection,M364,充电基础设施与公用事业接入政策混合,公用事业接入与收费政策,40,True,40,M364.utility_connection,研究对象须匹配“公用事业接入与收费政策”对应对象，且满足所列任务；多任务冲突保留复核。,T0053|T0364|T0005,sample_object_task_supported,供水|供电|供气|公用事业,接入|接网|报装|收费,充电,,,,自动规则接受；抽样诊断；非专家全量验收
M365.activated_carbon,M365,多孔碳材料及储能环境应用,活性炭制备与孔结构,1463,True,1461,M365.activated_carbon,研究对象须匹配“活性炭制备与孔结构”对应对象，且满足所列任务；多任务冲突保留复核。,T0397|T0045|T0729|T0150|T0983|T0347|T0946|T0781,sample_object_task_supported,activated.carbon|活性炭,synthesis|prepar|activation|pore.structure|制备|活化|孔结构,supercapacitor|battery|超级电容|电池|CO2.capture|二氧化碳捕集,,,,自动规则接受；抽样诊断；非专家全量验收
M373.rare_earth,M373,铀钍及稀土分离提取,稀土元素提取分离,1335,True,1335,M373.rare_earth,研究对象须匹配“稀土元素提取分离”对应对象，且满足所列任务；多任务冲突保留复核。,T0344|T0448|T0261|T0880|T0956|T0892,sample_object_task_supported,rare.earth|稀土,extraction|separation|提取|分离,,,,,自动规则接受；抽样诊断；非专家全量验收
M373.uranium,M373,铀钍及稀土分离提取,铀钍提取与分离,1156,True,1155,M373.uranium,研究对象须匹配“铀钍提取与分离”对应对象，且满足所列任务；多任务冲突保留复核。,T0261,sample_object_task_supported,uranium|thorium|铀|钍,extraction|separation|adsorption|提取|分离|吸附,,,,,自动规则接受；抽样诊断；非专家全量验收
M374.multivalent,M374,多体系二次电池材料与电解液综述,镁铝钙多价离子电池,460,True,460,M374.multivalent,研究对象须匹配“镁铝钙多价离子电池”对应对象，且满足所列任务；多任务冲突保留复核。,T0453|T0021|T0108,descriptor_retrieval_only_not_sample_approved,magnesium.ion.batter|aluminum.ion.batter|aluminium.ion.batter|calcium.ion.batter|镁离子电池|铝离子电池|钙离子电池,,,,,,自动规则接受；抽样诊断；非专家全量验收
M374.potassium,M374,多体系二次电池材料与电解液综述,钾离子电池,583,True,583,M374.potassium,研究对象须匹配“钾离子电池”对应对象，且满足所列任务；多任务冲突保留复核。,T0223,sample_object_task_supported,potassium.ion.batter|钾离子电池,,,,,,自动规则接受；抽样诊断；非专家全量验收
M376.measurement,M376,太阳辐射测量估算与大气影响,太阳辐射测量与仪器,161,True,161,M376.measurement,研究对象须匹配“太阳辐射测量与仪器”对应对象，且满足所列任务；多任务冲突保留复核。,T0954,sample_object_task_supported,solar.irradian|solar.radiation|太阳辐射|太阳辐照,measurement|pyranometer|radiometer|测量|辐射表|辐射计,,,,,自动规则接受；抽样诊断；非专家全量验收
M379.module,M379,电池包与模组结构装置,电池模组与电池包装配结构,581,True,581,M379.module,研究对象须匹配“电池模组与电池包装配结构”对应对象，且满足所列任务；多任务冲突保留复核。,T0551|T0379|T0252|T0612|T0565|T0836|T0077|T0461|T0759|T0000,sample_object_task_supported,battery.module|battery.pack|电池模组|电池包,structure|assembly|housing|frame|结构|装配|壳体|框架,clamp|fixture|工装|夹具,,disassembl|拆解|拆卸,拆解任务不是电池包装配结构,自动规则接受；抽样诊断；非专家全量验收
M380.pmsm_control,M380,永磁同步电机设计与控制,永磁同步电机控制,4373,True,4368,M380.pmsm_control,研究对象须匹配“永磁同步电机控制”对应对象，且满足所列任务；多任务冲突保留复核。,T0276|T0380|T0797|T0577|T0559|T0558|T0337,sample_object_task_supported,permanent.magnet.synchronous|\bPMSM\b|永磁同步,control|drive|控制|驱动,,,,,自动规则接受；抽样诊断；非专家全量验收
M381.air_cooling,M381,电气设备散热冷却结构,电气设备风冷散热,42,True,42,M381.air_cooling,研究对象须匹配“电气设备风冷散热”对应对象，且满足所列任务；多任务冲突保留复核。,T0381|T0615,sample_object_task_supported,electrical.equipment|power.electronic|motor|电气设备|电力电子|电机|配电柜,air.cooling|fan.cooling|风冷|风扇散热,,,,,自动规则接受；抽样诊断；非专家全量验收
M381.liquid_cooling,M381,电气设备散热冷却结构,电气设备液冷散热,18,True,18,M381.liquid_cooling,研究对象须匹配“电气设备液冷散热”对应对象，且满足所列任务；多任务冲突保留复核。,T0476|T0381|T0994,descriptor_retrieval_only_not_sample_approved,electrical.equipment|power.electronic|motor|电气设备|电力电子|电机,liquid.cooling|液冷,battery|电池,,,,自动规则接受；抽样诊断；非专家全量验收
M385.boiler,M385,锅炉蒸汽系统与汽轮机运行,电站锅炉运行与燃烧,84,True,84,M385.boiler,研究对象须匹配“电站锅炉运行与燃烧”对应对象，且满足所列任务；多任务冲突保留复核。,T0726|T0330|T0597,descriptor_retrieval_only_not_sample_approved,power.plant.boiler|utility.boiler|电站锅炉,operation|combustion|运行|燃烧,,,,,自动规则接受；抽样诊断；非专家全量验收
M385.steam_turbine,M385,锅炉蒸汽系统与汽轮机运行,汽轮机运行与热力性能,318,True,318,M385.steam_turbine,研究对象须匹配“汽轮机运行与热力性能”对应对象，且满足所列任务；多任务冲突保留复核。,T0462|T0385,sample_object_task_supported,steam.turbine|汽轮机,operation|performance|运行|性能,,,,,自动规则接受；抽样诊断；非专家全量验收
M386.gas_network,M386,天然气管网供给与市场治理,天然气管网优化运行,121,True,121,M386.gas_network,研究对象须匹配“天然气管网优化运行”对应对象，且满足所列任务；多任务冲突保留复核。,T0299|T0165|T0386,descriptor_retrieval_only_not_sample_approved,natural.gas.network|gas.pipeline|天然气管网|输气管道,optimization|operation|优化|运行,,,leakage|leak.locat|fault.detect|corrosion|泄漏|检漏|腐蚀|故障检测,管网检测算法的优化不是管网运行优化,自动规则接受；抽样诊断；非专家全量验收
M389.rail,M389,交通运输车辆与燃料效率,轨道交通能耗与牵引优化,14,True,14,M389.rail,研究对象须匹配“轨道交通能耗与牵引优化”对应对象，且满足所列任务；多任务冲突保留复核。,T0468|T0602|T0771|T0900,sample_object_task_supported,railway|rail.transit|铁路|轨道交通,energy.consumption|traction|能耗|牵引,,,,,自动规则接受；抽样诊断；非专家全量验收
M389.shipping,M389,交通运输车辆与燃料效率,船舶燃料与能效,159,True,159,M389.shipping,研究对象须匹配“船舶燃料与能效”对应对象，且满足所列任务；多任务冲突保留复核。,T0765|T0190,sample_object_task_supported,ship|maritime|船舶|航运,fuel|energy.efficiency|燃料|能效,,\bships?\b|\bshipping\b|\bmaritime\b|船舶|航运,,shipping必须是船舶词，不能命中relationship等词内片段,自动规则接受；抽样诊断；非专家全量验收
M390.cable_support,M390,电缆桥架支撑与线束安装,电缆桥架与线束支撑,763,True,763,M390.cable_support,研究对象须匹配“电缆桥架与线束支撑”对应对象，且满足所列任务；多任务冲突保留复核。,T0583|T0277|T0231|T0611|T0604|T0024|T0795|T0110|T0098|T0450,sample_object_task_supported,cable|wiring.harness|电缆|线束,tray|support|fasten|桥架|支撑|固定,,,cableway|suspension.bridge|索道|缆道|斜拉桥,机械钢索支撑不是电缆桥架或线束,自动规则接受；抽样诊断；非专家全量验收
M391.irradiation,M391,辐照材料损伤与稳定性,核结构材料辐照损伤,155,True,155,M391.irradiation,研究对象须匹配“核结构材料辐照损伤”对应对象，且满足所列任务；多任务冲突保留复核。,T0965|T0391|T0290,descriptor_retrieval_only_not_sample_approved,steel|tungsten|structural.material|钢|钨|结构材料,irradiation.damage|radiation.damage|辐照损伤,,,,,自动规则接受；抽样诊断；非专家全量验收
M397.hydropower_dispatch,M397,水力发电与水轮机系统,水电站运行调度,451,True,451,M397.hydropower_dispatch,研究对象须匹配“水电站运行调度”对应对象，且满足所列任务；多任务冲突保留复核。,T0904|T0887|T0082|T0497|T0905|T0364|T0309|T0157,sample_object_task_supported,hydropower|hydroelectric|水电站|水力发电,dispatch|scheduling|operation|调度|运行,,dispatch|schedul|调度,,一般设备运行维护不是水电调度,自动规则接受；抽样诊断；非专家全量验收
M397.turbines,M397,水力发电与水轮机系统,水轮机性能与设计,475,True,475,M397.turbines,研究对象须匹配“水轮机性能与设计”对应对象，且满足所列任务；多任务冲突保留复核。,T0120|T0596|T0878|T0633|T0111|T0809|T0925|T0921,sample_object_task_supported,hydraulic.turbine|hydro.turbine|water.turbine|水轮机,performance|design|性能|设计,,,,,自动规则接受；抽样诊断；非专家全量验收
M400.load,M400,电力负荷需求与电价预测,电力负荷预测,2962,True,2957,M400.load,研究对象须匹配“电力负荷预测”对应对象，且满足所列任务；多任务冲突保留复核。,T0816|T0738|T0953|T0722,sample_object_task_supported,"electric.{0,8}load|power.load|electricity.demand|电力负荷|用电负荷|电力需求",forecast|predict|预测,electricity.price|电价,,,,自动规则接受；抽样诊断；非专家全量验收
M400.price,M400,电力负荷需求与电价预测,电价预测,1040,True,1036,M400.price,研究对象须匹配“电价预测”对应对象，且满足所列任务；多任务冲突保留复核。,T0816|T0135,sample_object_task_supported,electricity.price|power.price|电价,forecast|predict|预测,,,,,自动规则接受；抽样诊断；非专家全量验收
M421.layered,M421,二次电池正极活性材料,层状及富镍锂电正极材料,3603,True,3603,M421.layered,研究对象须匹配“层状及富镍锂电正极材料”对应对象，且满足所列任务；多任务冲突保留复核。,T0174|T0447|T0659|T0442|T0951|T0631|T0976|T0257|T0868|T0979,sample_object_task_supported,nickel.rich|Ni.rich|layered.oxide|NCM|NMC|富镍|高镍|层状氧化物,cathod|positive.electrode|正极,sodium|钠,,,,自动规则接受；抽样诊断；非专家全量验收
M421.lfp,M421,二次电池正极活性材料,锂电磷酸盐正极材料,2235,True,2234,M421.lfp,研究对象须匹配“锂电磷酸盐正极材料”对应对象，且满足所列任务；多任务冲突保留复核。,T0318|T0174|T0734|T0029|T0687|T0943|T0345|T0440,sample_object_task_supported,lithium.iron.phosphate|LiFePO4|LiMnPO4|磷酸铁锂|磷酸锰铁锂,cathod|positive.electrode|正极|batter|电池,,,,,自动规则接受；抽样诊断；非专家全量验收
M430.diesel,M430,柴油机及多燃料内燃机性能,柴油机燃烧与排放,593,True,586,M430.diesel,研究对象须匹配“柴油机燃烧与排放”对应对象，且满足所列任务；多任务冲突保留复核。,T0430|T0783,sample_object_task_supported,diesel.engine|柴油机,combustion|emission|燃烧|排放,,,,,自动规则接受；抽样诊断；非专家全量验收
M430.dual_fuel,M430,柴油机及多燃料内燃机性能,双燃料发动机,105,True,105,M430.dual_fuel,研究对象须匹配“双燃料发动机”对应对象，且满足所列任务；多任务冲突保留复核。,T0430|T0462|T0103,descriptor_retrieval_only_not_sample_approved,dual.fuel.engine|双燃料发动机,,,,,,自动规则接受；抽样诊断；非专家全量验收
M431.planning,M431,配电网规划运行与配置方法,配电网规划与容量配置,1751,True,1751,M431.planning,研究对象须匹配“配电网规划与容量配置”对应对象，且满足所列任务；多任务冲突保留复核。,T0961|T0055|T0191|T0163|T0545|T0834|T0664|T0248|T0175|T0862,sample_object_task_supported,distribution.network|distribution.system|配电网,planning|capacity.allocation|规划|容量配置,,,,,自动规则接受；抽样诊断；非专家全量验收
M432.adaptation,M432,气候变化适应与社会经济政策,气候变化适应与风险,1074,True,1074,M432.adaptation,研究对象须匹配“气候变化适应与风险”对应对象，且满足所列任务；多任务冲突保留复核。,T0594,sample_object_task_supported,climate.change|气候变化,adaptation|vulnerability|climate.risk|适应|脆弱性|气候风险,,,,,自动规则接受；抽样诊断；非专家全量验收
M432.mitigation,M432,气候变化适应与社会经济政策,气候变化减缓政策,1129,True,1127,M432.mitigation,研究对象须匹配“气候变化减缓政策”对应对象，且满足所列任务；多任务冲突保留复核。,T0594|T0219|T0490,sample_object_task_supported,climate.change|climate.policy|气候变化|气候政策,mitigation|减缓|减排,adaptation|适应,,,,自动规则接受；抽样诊断；非专家全量验收
M434.pv_cleaning,M434,巡检机器人与自主移动装置,光伏清扫机器人,204,True,204,M434.pv_cleaning,研究对象须匹配“光伏清扫机器人”对应对象，且满足所列任务；多任务冲突保留复核。,T0668|T0744|T0418,descriptor_retrieval_only_not_sample_approved,robot|机器人,photovoltaic|solar.panel|光伏|太阳能板,inspection|巡检,,,,自动规则接受；抽样诊断；非专家全量验收
M434.substation_robot,M434,巡检机器人与自主移动装置,变电站巡检机器人,133,True,131,M434.substation_robot,研究对象须匹配“变电站巡检机器人”对应对象，且满足所列任务；多任务冲突保留复核。,T0668|T0744|T0763,sample_object_task_supported,robot|机器人,substation|变电站,,,,,自动规则接受；抽样诊断；非专家全量验收
M435.pvt,M435,太阳能光热及光伏光热系统,光伏光热联合系统,3173,True,3172,M435.pvt,研究对象须匹配“光伏光热联合系统”对应对象，且满足所列任务；多任务冲突保留复核。,T0034,sample_object_task_supported,photovoltaic.thermal|photovoltaic/thermal|光伏光热|PV/T,,,,,,自动规则接受；抽样诊断；非专家全量验收
M439.ewaste,M439,固废电子废物回收与处置,电子废物回收,545,True,545,M439.ewaste,研究对象须匹配“电子废物回收”对应对象，且满足所列任务；多任务冲突保留复核。,T0541|T0752|T0042|T0984,sample_object_task_supported,electronic.waste|e.waste|电子废物|电子垃圾,recycl|recover|回收,,\belectronic.waste\b|\be.waste\b|\bWEEE\b|电子废物|电子垃圾,,电子废物须有完整对象，不能命中temperature waste等词尾,自动规则接受；抽样诊断；非专家全量验收
M439.plastic,M439,固废电子废物回收与处置,废塑料回收与转化,895,True,895,M439.plastic,研究对象须匹配“废塑料回收与转化”对应对象，且满足所列任务；多任务冲突保留复核。,T0245,sample_object_task_supported,waste.plastic|plastic.waste|废塑料,recycl|pyroly|conversion|回收|热解|转化,,,,,自动规则接受；抽样诊断；非专家全量验收
M444.wind_condition,M444,风电功率预测与状态监测混合,风机状态监测与预测性维护,559,True,558,M444.wind_condition,研究对象须匹配“风机状态监测与预测性维护”对应对象，且满足所列任务；多任务冲突保留复核。,T0444|T0527,sample_object_task_supported,wind.turbine|wind.farm|wind.power|wind.energy|风电|风力机|风力发电,condition.monitor|predictive.maintenance|fault.diagnos|状态监测|预测性维护|故障诊断,,,,,自动规则接受；抽样诊断；非专家全量验收
M447.anode,M447,钠离子电池电极材料,钠离子电池负极材料,5474,True,5474,M447.anode,研究对象须匹配“钠离子电池负极材料”对应对象，且满足所列任务；多任务冲突保留复核。,T0453|T0374|T0063|T0591|T0414|T0924|T0828|T0983|T0029|T0943,sample_object_task_supported,sodium.ion|sodium.metal|na.ion|钠离子|钠电池,anod|负极,"cathod.{0,20}anod|正负极",,,,自动规则接受；抽样诊断；非专家全量验收
M447.cathode,M447,钠离子电池电极材料,钠离子电池正极材料,4959,True,4954,M447.cathode,研究对象须匹配“钠离子电池正极材料”对应对象，且满足所列任务；多任务冲突保留复核。,T0453|T0021|T0374|T0063|T0591|T0447|T0249|T0442|T0983|T0990,sample_object_task_supported,sodium.ion|sodium.metal|na.ion|钠离子|钠电池,cathod|positive.electrode|正极,"cathod.{0,20}anod|正负极",,,,自动规则接受；抽样诊断；非专家全量验收
M455.hvac,M455,建筑能效与居民供热用能,建筑暖通空调能耗,282,True,281,M455.hvac,研究对象须匹配“建筑暖通空调能耗”对应对象，且满足所列任务；多任务冲突保留复核。,T0331|T0538|T0155,sample_object_task_supported,building|建筑,HVAC|heating.ventilation|暖通空调|空调能耗,,,,,自动规则接受；抽样诊断；非专家全量验收
M455.retrofit,M455,建筑能效与居民供热用能,建筑节能改造,9,True,9,M455.retrofit,研究对象须匹配“建筑节能改造”对应对象，且满足所列任务；多任务冲突保留复核。,T0413,sample_object_task_supported,building|建筑,energy.retrofit|energy.renovation|节能改造,,,,,自动规则接受；抽样诊断；非专家全量验收
M457.astrophysics,M457,雷电电磁场与天体物理混合,天体等离子体与磁重联,163,True,163,M457.astrophysics,研究对象须匹配“天体等离子体与磁重联”对应对象，且满足所列任务；多任务冲突保留复核。,T0457|T0564,sample_object_task_supported,astrophysic|solar.wind|magnetosphere|天体|太阳风|磁层,plasma|reconnection|等离子体|磁重联,,,,,自动规则接受；抽样诊断；非专家全量验收
M459.risk_warning,M459,电力安全风险与故障预警系统,电力设备风险预警,6,True,6,M459.risk_warning,研究对象须匹配“电力设备风险预警”对应对象，且满足所列任务；多任务冲突保留复核。,T0896|T0129|T0902|T0175|T0358,sample_object_task_supported,电力|电网|power.system,risk.warning|risk.assessment|风险预警|风险评估,,power.equipment|electrical.equipment|transformer|switchgear|circuit.breaker|power.line|电力设备|电气设备|配电设备|输电设备|变压器|开关柜|输电线路,,须明确被评估电力设备；专利的“方法系统设备介质”尾缀不构成设备对象,自动规则接受；抽样诊断；非专家全量验收
M460.irrigation,M460,水资源调度灌溉与水能利用,灌溉水资源优化调度,58,True,58,M460.irrigation,研究对象须匹配“灌溉水资源优化调度”对应对象，且满足所列任务；多任务冲突保留复核。,T0460|T0905,keyword_candidate_only,irrigation|灌溉,water.resource|scheduling|optimization|水资源|调度|优化,,,,,自动规则接受；抽样诊断；非专家全量验收
M462.hydraulic_pump,M462,液压泵阀与流体传动,液压泵性能与控制,22,True,22,M462.hydraulic_pump,研究对象须匹配“液压泵性能与控制”对应对象，且满足所列任务；多任务冲突保留复核。,T0111,sample_object_task_supported,hydraulic.pump|液压泵,performance|control|性能|控制,,,,,自动规则接受；抽样诊断；非专家全量验收
M462.hydraulic_valve,M462,液压泵阀与流体传动,液压阀设计与控制,17,True,17,M462.hydraulic_valve,研究对象须匹配“液压阀设计与控制”对应对象，且满足所列任务；多任务冲突保留复核。,T0809|T0271|T0637,descriptor_retrieval_only_not_sample_approved,hydraulic.valve|液压阀,design|control|设计|控制,,,,,自动规则接受；抽样诊断；非专家全量验收
M463.transient,M463,电力系统暂态电压与稳定性分析,电力系统暂态稳定,1165,True,1165,M463.transient,研究对象须匹配“电力系统暂态稳定”对应对象，且满足所列任务；多任务冲突保留复核。,T0663|T0523|T0278|T0916|T0861,sample_object_task_supported,"power.system|power.grid|electric.{0,12}grid|电网|电力系统|配电",transient.stability|暂态稳定,,,,,自动规则接受；抽样诊断；非专家全量验收
M463.voltage,M463,电力系统暂态电压与稳定性分析,电力系统电压稳定,930,True,930,M463.voltage,研究对象须匹配“电力系统电压稳定”对应对象，且满足所列任务；多任务冲突保留复核。,T0398|T0663|T0523|T0830|T0533,sample_object_task_supported,"power.system|power.grid|electric.{0,12}grid|电网|电力系统|配电",voltage.stability|voltage.collapse|电压稳定|电压崩溃,,,,,自动规则接受；抽样诊断；非专家全量验收
M467.wood_processing,M467,木材加工与木质资源利用,木材加工与干燥,326,True,326,M467.wood_processing,研究对象须匹配“木材加工与干燥”对应对象，且满足所列任务；多任务冲突保留复核。,T0467|T0993|T0328,descriptor_retrieval_only_not_sample_approved,wood|timber|木材,processing|drying|加工|干燥,,,insurance|contractual.price|timber.price|保险|合同价格|木材价格,木材加工产业的经济研究不是加工工艺,自动规则接受；抽样诊断；非专家全量验收
M468.adsorption,M468,污染物吸附氧化与分离,水污染物吸附去除,1391,True,1390,M468.adsorption,研究对象须匹配“水污染物吸附去除”对应对象，且满足所列任务；多任务冲突保留复核。,T0566|T0521|T0584|T0946|T0522,sample_object_task_supported,wastewater|water.pollut|aqueous.solution|废水|水污染|水溶液,adsorp|吸附,photocatal|光催化,,,,自动规则接受；抽样诊断；非专家全量验收
M468.electro_oxidation,M468,污染物吸附氧化与分离,水污染物电化学氧化,179,True,179,M468.electro_oxidation,研究对象须匹配“水污染物电化学氧化”对应对象，且满足所列任务；多任务冲突保留复核。,T0042,sample_object_task_supported,wastewater|water.pollut|废水|水污染,electrochemical.oxid|electro.oxid|电化学氧化|电氧化,,,,,自动规则接受；抽样诊断；非专家全量验收
M470.state_estimation,M470,电网状态估计相量测量与系统分析,电网状态估计与相量测量,697,True,695,M470.state_estimation,研究对象须匹配“电网状态估计与相量测量”对应对象，且满足所列任务；多任务冲突保留复核。,T0663|T0861|T0871,sample_object_task_supported,"power.system|power.grid|electric.{0,12}grid|电网|电力系统|配电",state.estimation|phasor.measurement|状态估计|相量测量,,,,,自动规则接受；抽样诊断；非专家全量验收
M474.n2_reduction,M474,电催化制氨与氮循环反应,氮气电还原制氨,714,True,714,M474.n2_reduction,研究对象须匹配“氮气电还原制氨”对应对象，且满足所列任务；多任务冲突保留复核。,T0474|T0228,sample_object_task_supported,nitrogen.reduction|N2.reduction|氮气还原,electrocatal|electrochemical|电催化|电化学,,,,,自动规则接受；抽样诊断；非专家全量验收
M474.nitrate_reduction,M474,电催化制氨与氮循环反应,硝酸盐电还原制氨,695,True,695,M474.nitrate_reduction,研究对象须匹配“硝酸盐电还原制氨”对应对象，且满足所列任务；多任务冲突保留复核。,T0474|T0228,sample_object_task_supported,nitrate.reduction|硝酸盐还原,ammonia|氨,,,,,自动规则接受；抽样诊断；非专家全量验收
M477.latent,M477,潜热及热化学储热系统,潜热储热系统,5237,True,5235,M477.latent,研究对象须匹配“潜热储热系统”对应对象，且满足所列任务；多任务冲突保留复核。,T0050|T0477|T0435|T0116|T0254|T0267|T0333|T0371,sample_object_task_supported,thermal.energy.storage|heat.storage|储热,latent.heat|phase.change|潜热|相变,,,,,自动规则接受；抽样诊断；非专家全量验收
M477.thermochemical,M477,潜热及热化学储热系统,热化学储热系统,695,True,695,M477.thermochemical,研究对象须匹配“热化学储热系统”对应对象，且满足所列任务；多任务冲突保留复核。,T0979|T0050|T0267,descriptor_retrieval_only_not_sample_approved,thermochemical.heat.storage|thermochemical.energy.storage|热化学储热,,,,,,自动规则接受；抽样诊断；非专家全量验收
M478.pfc,M478,功率因数校正与变流器电流控制,功率因数校正电路与控制,3022,True,3019,M478.pfc,研究对象须匹配“功率因数校正电路与控制”对应对象，且满足所列任务；多任务冲突保留复核。,T0478|T0012|T0938|T0945|T0664|T0589|T0184|T0312,sample_object_task_supported,power.factor.correction|功率因数校正|\bPFC\b,,,,,,自动规则接受；抽样诊断；非专家全量验收
M481.intrusion,M481,网络攻击检测与信息安全,网络入侵检测,1750,True,1739,M481.intrusion,研究对象须匹配“网络入侵检测”对应对象，且满足所列任务；多任务冲突保留复核。,T0129|T0728,sample_object_task_supported,network.intrusion|intrusion.detection|网络入侵|入侵检测,,,,,,自动规则接受；抽样诊断；非专家全量验收
M483.integration,M483,电力储能系统集成与运行装置,储能系统集成与安全装置,107,True,107,M483.integration,研究对象须匹配“储能系统集成与安全装置”对应对象，且满足所列任务；多任务冲突保留复核。,T0483|T0533|T0300|T0961|T0760|T0900|T0962|T0194|T0684|T0923,sample_object_task_supported,energy.storage.system|energy.storage.cabinet|储能系统|储能柜,integrat|fire.protect|safety|集成|消防|安全,,system.integrat|integrated.design|hybrid.energy.storage|energy.storage.cabinet|battery.system.integrat|储能系统集成|储能柜|集成装置|集成系统|消防|\bsafety\b|fire.prot,,储能参与市场或可再生能源接入不能仅凭integration认作储能设备集成,自动规则接受；抽样诊断；非专家全量验收
M492.winding,M492,电机绕组线圈与电磁部件,电机绕组与线圈制造,17,True,17,M492.winding,研究对象须匹配“电机绕组与线圈制造”对应对象，且满足所列任务；多任务冲突保留复核。,T0246|T0141|T0770|T0390|T0396|T0577|T0559|T0475|T0848|T0492,sample_object_task_supported,motor|电机,winding|coil|绕组|线圈,,manufactur|fabricat|winding.machine|coil.winding|winding.design|绕线|绕组制造|绕组设计|线圈制造|线圈加工,,仅使用电机绕组不是绕组制造研究,自动规则接受；抽样诊断；非专家全量验收
M499.energy_poverty,M499,能源发展可及性与能源贫困,能源贫困与能源可及性,1076,True,1073,M499.energy_poverty,研究对象须匹配“能源贫困与能源可及性”对应对象，且满足所列任务；多任务冲突保留复核。,T0622,keyword_candidate_only,energy.poverty|energy.access|能源贫困|能源可及,,,,,,自动规则接受；抽样诊断；非专家全量验收
