rule_id,initial_topic_id,topic_id,parent_id,name,is_child,definition,seed_status,object_pattern,task_pattern,exclude_title_pattern,required_text_pattern,accepted_documents,candidate_seed_clusters1000,additional_precision_guards
M000.cooling,M000.cooling,M000.cooling,M000,电池冷却与散热,True,研究对象须匹配“电池冷却与散热”对应对象，且满足所列任务；多任务冲突保留复核。,sample_object_task_supported,\bbatter(?:y|ies)\b|电池|电芯,cooling|heat.dissipation|thermal.management|冷却|散热|热管理,fuel.cell|燃料电池|solar.cell|太阳能电池|退火|TOPCon,,5409,T0616|T0948|T0252|T0000|T0671|T0194|T0013|T0077|T0181|T0994,src/decision_guards.py
M000.preheating,M000.preheating,M000.preheating,M000,电池低温预热,True,研究对象须匹配“电池低温预热”对应对象，且满足所列任务；多任务冲突保留复核。,sample_object_task_supported,\bbatter(?:y|ies)\b|电池|电芯,preheat|low.temperature.heating|self.heating|预热|低温加热,fuel.cell|燃料电池,,175,T0616|T0948|T0027,src/decision_guards.py
M027.charger_thermal,M027.charger_thermal,M027.charger_thermal,M027,充电设施散热,True,研究对象须匹配“充电设施散热”对应对象，且满足所列任务；多任务冲突保留复核。,sample_object_task_supported,charging.station|charging.pile|充电桩|充电站,cooling|thermal.management|heat.dissipation|散热|冷却|热管理,,,34,T0000|T0533|T0094,src/decision_guards.py
M348.runaway,M348.runaway,M348.runaway,M348,电池热失控与传播,True,研究对象须匹配“电池热失控与传播”对应对象，且满足所列任务；多任务冲突保留复核。,sample_object_task_supported,\bbatter(?:y|ies)\b|电池|电芯,thermal.runaway|thermal.propagation|热失控|热蔓延,,,1850,T0616|T0948|T0461|T0671|T0169|T0000|T0760|T0040|T0374|T0199,src/decision_guards.py
M348.fire,M348.fire,M348.fire,M348,电池火灾抑制与灭火,True,研究对象须匹配“电池火灾抑制与灭火”对应对象，且满足所列任务；多任务冲突保留复核。,sample_object_task_supported,\bbatter(?:y|ies)\b|电池|电芯,fire.suppress|fire.extinguish|fire.safety|灭火|火灾抑制|阻燃,,,238,T0461|T0291|T0296|T0437|T0671|T0506,src/decision_guards.py
M169.soc,M169.soc,M169.soc,M169,电池荷电状态估计,True,研究对象须匹配“电池荷电状态估计”对应对象，且满足所列任务；多任务冲突保留复核。,sample_object_task_supported,\bbatter(?:y|ies)\b|电池|电芯,state.of.charge|\bSOC\b|荷电状态,state.of.health|\bSOH\b|remaining.useful.life|健康状态|剩余寿命,,3713,T0973|T0169|T0375|T0710|T0297|T0027|T0612|T0348|T0893|T0720,src/decision_guards.py
M169.soh_rul,M169.soh_rul,M169.soh_rul,M169,电池健康状态与寿命预测,True,研究对象须匹配“电池健康状态与寿命预测”对应对象，且满足所列任务；多任务冲突保留复核。,sample_object_task_supported,\bbatter(?:y|ies)\b|电池|电芯,state.of.health|\bSOH\b|remaining.useful.life|battery.lifetime|健康状态|剩余寿命|寿命预测,,,3714,T0375|T0893|T0296|T0297|T0169|T0710|T0107,src/decision_guards.py
M169.ecm,M169.ecm,M169.ecm,M169,电池等效电路与参数辨识,True,研究对象须匹配“电池等效电路与参数辨识”对应对象，且满足所列任务；多任务冲突保留复核。,sample_object_task_supported,\bbatter(?:y|ies)\b|电池|电芯,equivalent.circuit|parameter.identification|parameter.estimation|等效电路|参数辨识,state.of.charge|state.of.health|荷电状态|健康状态,,306,T0375|T0760|T0616,src/decision_guards.py
M296.second_life,M296.second_life,M296.second_life,M296,动力电池梯次利用,True,研究对象须匹配“动力电池梯次利用”对应对象，且满足所列任务；多任务冲突保留复核。,sample_object_task_supported,\bbatter(?:y|ies)\b|电池|电芯,second.life|repurpos|梯次利用|梯次使用,,,385,T0296|T0526|T0107|T0301,src/decision_guards.py
M297.balancing,M297.balancing,M297.balancing,M297,电池单体均衡控制,True,研究对象须匹配“电池单体均衡控制”对应对象，且满足所列任务；多任务冲突保留复核。,sample_object_task_supported,\bbatter(?:y|ies)\b|电池|电芯,cell.balanc|charge.balanc|equaliz|均衡,,,921,T0297|T0206|T0760|T0291|T0612|T0296|T0040|T0348,src/decision_guards.py
M206.impedance,M206.impedance,M206.impedance,M206,电池阻抗表征,True,研究对象须匹配“电池阻抗表征”对应对象，且满足所列任务；多任务冲突保留复核。,sample_object_task_supported,\bbatter(?:y|ies)\b|电池|电芯,impedance.spectroscop|electrochemical.impedance|阻抗谱|阻抗表征,,,424,T0776|T0710|T0351|T0782,src/decision_guards.py
M206.aging,M206.aging,M206.aging,M206,电池老化实验与循环寿命,True,研究对象须匹配“电池老化实验与循环寿命”对应对象，且满足所列任务；多任务冲突保留复核。,sample_object_task_supported,\bbatter(?:y|ies)\b|电池|电芯,aging|ageing|cycle.life|calendar.life|老化|循环寿命,prediction|forecast|estimat|预测|估计,,1180,T0701|T0169|T0776|T0374|T0720|T0063|T0735|T0506|T0077|T0824,src/decision_guards.py
M049.solid,M049.solid,M049.solid,M049,固态聚合物锂电解质,True,研究对象须匹配“固态聚合物锂电解质”对应对象，且满足所列任务；多任务冲突保留复核。,sample_object_task_supported,polymer.electrolyte|聚合物电解质|聚合物固态电解质,solid|固态|固体,gel.polymer|凝胶|proton|质子|sodium|钠|zinc|锌,lithium|\bLiClO4\b|\bLiTFSI\b|\bLiFSI\b|锂,1868,T0940|T0586|T0126|T0646|T0049|T0121|T0650,src/decision_guards.py
M049.gel,M049.gel,M049.gel,M049,凝胶聚合物锂电解质,True,研究对象须匹配“凝胶聚合物锂电解质”对应对象，且满足所列任务；多任务冲突保留复核。,sample_object_task_supported,polymer.electrolyte|聚合物电解质|聚合物凝胶电解质,gel|凝胶,proton|质子|sodium|钠|zinc|锌|supercapacitor|超级电容,lithium|\bLiClO4\b|\bLiTFSI\b|\bLiFSI\b|锂,1044,T0940|T0586|T0126|T0049|T0121|T0466,src/decision_guards.py
M048.separator,M048.separator,M048.separator,M048,电池隔膜制备与改性,True,研究对象须匹配“电池隔膜制备与改性”对应对象，且满足所列任务；多任务冲突保留复核。,sample_object_task_supported,\bbatter(?:y|ies)\b|电池|电芯,separator|separating.membrane|隔膜,fuel.cell|燃料电池|membrane.reactor,,1406,T0291|T0824|T0063|T0836|T0461|T0147|T0506|T0723|T0565|T0646,src/decision_guards.py
M048.binder,M048.binder,M048.binder,M048,电池电极粘结剂,True,研究对象须匹配“电池电极粘结剂”对应对象，且满足所列任务；多任务冲突保留复核。,sample_object_task_supported,\bbatter(?:y|ies)\b|电池|电芯,\bbinder|binding.agent|粘结剂|黏结剂,,,1440,T0723|T0063|T0506|T0646|T0711|T0782|T0687|T0279|T0126|T0257,src/decision_guards.py
M453.electrolyte,M453,M453,M453,二次电池电解液添加剂与配方,False,研究对象须匹配“液态电池电解液与添加剂”对应对象，且满足所列任务；多任务冲突保留复核。,sample_object_task_supported,\bbatter(?:y|ies)\b|电池|电芯,electrolyte.additive|electrolyte.formulat|solvation.structure|电解液添加剂|电解液配方|溶剂化结构,lithium.metal|li.metal|锂金属|solid.polymer|固态聚合物,,525,T0453|T0327|T0824|T0374|T0049,src/decision_guards.py
M223.interface,M223.interface,M223.interface,M223,锂金属负极界面稳定与枝晶抑制,True,研究对象须匹配“锂金属负极界面稳定与枝晶抑制”对应对象，且满足所列任务；多任务冲突保留复核。,sample_object_task_supported,lithium.metal|li.metal|锂金属|金属锂,dendrit|interphase|interface|anode.protect|artificial.SEI|枝晶|界面|负极保护|\bSEI\b,,,2474,T0659|T0782|T0006|T0646|T0414|T0817,src/decision_guards.py
M447.anode,M447.anode,M447.anode,M447,钠离子电池负极材料,True,研究对象须匹配“钠离子电池负极材料”对应对象，且满足所列任务；多任务冲突保留复核。,sample_object_task_supported,sodium.ion|sodium.metal|na.ion|钠离子|钠电池,anod|负极,"cathod.{0,20}anod|正负极",,5474,T0453|T0374|T0063|T0591|T0414|T0924|T0828|T0983|T0029|T0943,src/decision_guards.py
M447.cathode,M447.cathode,M447.cathode,M447,钠离子电池正极材料,True,研究对象须匹配“钠离子电池正极材料”对应对象，且满足所列任务；多任务冲突保留复核。,sample_object_task_supported,sodium.ion|sodium.metal|na.ion|钠离子|钠电池,cathod|positive.electrode|正极,"cathod.{0,20}anod|正负极",,4959,T0453|T0021|T0374|T0063|T0591|T0447|T0249|T0442|T0983|T0990,src/decision_guards.py
M021.electrolyte,M021.electrolyte,M021.electrolyte,M021,钠电池电解液与界面,True,研究对象须匹配“钠电池电解液与界面”对应对象，且满足所列任务；多任务冲突保留复核。,sample_object_task_supported,sodium.ion|sodium.metal|na.ion|钠离子|钠电池,electrolyte|interphase|电解液|电解质|界面,,,1714,T0453|T0021|T0108|T0374|T0591|T0327|T0447|T0414|T0978|T0451,src/decision_guards.py
M108.zinc_ion,M108.zinc_ion,M108.zinc_ion,M108,水系锌离子电池,True,研究对象须匹配“水系锌离子电池”对应对象，且满足所列任务；多任务冲突保留复核。,sample_object_task_supported,zinc.ion.batter|aqueous.zinc.batter|锌离子电池|水系锌电池,,,,5994,T0815|T0607|T0169|T0704|T0990|T0941|T0020,src/decision_guards.py
M108.zinc_air,M108.zinc_air,M108.zinc_air,M108,锌空气电池,True,研究对象须匹配“锌空气电池”对应对象，且满足所列任务；多任务冲突保留复核。,sample_object_task_supported,zinc.air.batter|锌空气电池|锌空电池,,,,1964,T0815|T0265|T0004,src/decision_guards.py
M414.zinc_anode,M414,M414,M414,水系锌电池负极及界面稳定,False,研究对象须匹配“水系锌电池负极界面稳定”对应对象，且满足所列任务；多任务冲突保留复核。,sample_object_task_supported,zinc|\bZn\b|锌,"anode.{0,35}(dendrit|interface|stabil)|dendrit.{0,30}anode|锌负极|负极界面|抑制锌枝晶",,,626,T0815|T0607|T0704|T0127,src/decision_guards.py
M261.lithium_sulfur,M261,M261,M261,锂硫电池正极与多硫化物调控,False,研究对象须匹配“锂硫电池与多硫化物调控”对应对象，且满足所列任务；多任务冲突保留复核。,sample_object_task_supported,lithium.sulfur.batter|li.s.batter|锂硫电池|polysulfide.shuttl|多硫化物穿梭,,,,7659,T0958|T0959|T0257|T0279|T0701|T0983|T0924|T0729,src/decision_guards.py
M421.lfp,M421.lfp,M421.lfp,M421,锂电磷酸盐正极材料,True,研究对象须匹配“锂电磷酸盐正极材料”对应对象，且满足所列任务；多任务冲突保留复核。,sample_object_task_supported,lithium.iron.phosphate|LiFePO4|LiMnPO4|磷酸铁锂|磷酸锰铁锂,cathod|positive.electrode|正极|batter|电池,,,2235,T0318|T0174|T0734|T0029|T0687|T0943|T0345|T0440,src/decision_guards.py
M421.layered,M421.layered,M421.layered,M421,层状及富镍锂电正极材料,True,研究对象须匹配“层状及富镍锂电正极材料”对应对象，且满足所列任务；多任务冲突保留复核。,sample_object_task_supported,nickel.rich|Ni.rich|layered.oxide|NCM|NMC|富镍|高镍|层状氧化物,cathod|positive.electrode|正极,sodium|钠,,3603,T0174|T0447|T0659|T0442|T0951|T0631|T0976|T0257|T0868|T0979,src/decision_guards.py
M341.silicon,M341,M341,M341,硅碳负极材料与制备,False,研究对象须匹配“锂电硅基负极”对应对象，且满足所列任务；多任务冲突保留复核。,sample_object_task_supported,silicon|硅|Si/C|SiOx,anode|负极,solar|光伏|cathode|正极,,2088,T0693|T0305|T0658|T0365|T0717|T0433|T0601|T0243|T0152|T0666,src/decision_guards.py
M279.graphite,M279.graphite,M279.graphite,M279,锂电石墨负极,True,研究对象须匹配“锂电石墨负极”对应对象，且满足所列任务；多任务冲突保留复核。,sample_object_task_supported,graphite|石墨,anode|负极,sodium|钠|graphene|石墨烯,,253,T0685|T0341|T0693|T0365|T0788|T0666|T0999|T0472|T0840|T0045,src/decision_guards.py
M374.multivalent,M374.multivalent,M374.multivalent,M374,镁铝钙多价离子电池,True,研究对象须匹配“镁铝钙多价离子电池”对应对象，且满足所列任务；多任务冲突保留复核。,descriptor_retrieval_only_not_sample_approved,magnesium.ion.batter|aluminum.ion.batter|aluminium.ion.batter|calcium.ion.batter|镁离子电池|铝离子电池|钙离子电池,,,,460,T0453|T0021|T0108,src/decision_guards.py
M374.potassium,M374.potassium,M374.potassium,M374,钾离子电池,True,研究对象须匹配“钾离子电池”对应对象，且满足所列任务；多任务冲突保留复核。,sample_object_task_supported,potassium.ion.batter|钾离子电池,,,,583,T0223,src/decision_guards.py
M327.sulfide_electrolyte,M327.sulfide_electrolyte,M327.sulfide_electrolyte,M327,硫化物固态电解质,True,研究对象须匹配“硫化物固态电解质”对应对象，且满足所列任务；多任务冲突保留复核。,sample_object_task_supported,sulfide|sulphide|硫化物|argyrodite|硫银锗矿,solid.electrolyte|solid.state.electrolyte|固态电解质|固体电解质,lithium.sulfur|锂硫,,457,T0958|T0979|T0447|T0374,src/decision_guards.py
M301.hydrometallurgy,M301.hydrometallurgy,M301.hydrometallurgy,M301,废旧电池湿法回收,True,研究对象须匹配“废旧电池湿法回收”对应对象，且满足所列任务；多任务冲突保留复核。,sample_object_task_supported,"spent.batter|battery.recycl|废旧.{0,8}电池|电池回收",leach|hydrometall|浸出|湿法,,,106,T0687|T0301|T0695,src/decision_guards.py
M301.direct_recycling,M301.direct_recycling,M301.direct_recycling,M301,废旧电池材料直接再生,True,研究对象须匹配“废旧电池材料直接再生”对应对象，且满足所列任务；多任务冲突保留复核。,descriptor_retrieval_only_not_sample_approved,"spent.batter|battery.recycl|废旧.{0,8}电池|电池回收",direct.recycl|direct.regener|relithiat|直接再生|补锂|直接回收,,,5,T0687|T0973|T0063,src/decision_guards.py
M301.disassembly,M301.disassembly,M301.disassembly,M301,废旧电池拆解与物理分离,True,研究对象须匹配“废旧电池拆解与物理分离”对应对象，且满足所列任务；多任务冲突保留复核。,sample_object_task_supported,"spent.batter|battery.recycl|废旧.{0,8}电池|电池回收",disassembl|dismantl|physical.separat|拆解|破碎|物理分离,,,31,T0687,src/decision_guards.py
M055.sizing,M055.sizing,M055.sizing,M055,储能容量配置与选址,True,研究对象须匹配“储能容量配置与选址”对应对象，且满足所列任务；多任务冲突保留复核。,sample_object_task_supported,energy.storage|储能,sizing|capacity.allocation|optimal.placement|容量配置|容量优化|选址,"batter.{0,15}material|电极材料",,590,T0300|T0047|T0172|T0720|T0807|T0862,src/decision_guards.py
M055.dispatch,M055.dispatch,M055.dispatch,M055,储能运行调度与收益,True,研究对象须匹配“储能运行调度与收益”对应对象，且满足所列任务；多任务冲突保留复核。,sample_object_task_supported,energy.storage|储能,dispatch|scheduling|arbitrage|运行调度|套利,microgrid|微电网|integrated.energy|综合能源,,684,T0961|T0300|T0191|T0814|T0897,src/decision_guards.py
M483.integration,M483.integration,M483.integration,M483,储能系统集成与安全装置,True,研究对象须匹配“储能系统集成与安全装置”对应对象，且满足所列任务；多任务冲突保留复核。,sample_object_task_supported,energy.storage.system|energy.storage.cabinet|储能系统|储能柜,integrat|fire.protect|safety|集成|消防|安全,,,107,T0483|T0533|T0300|T0961|T0760|T0900|T0962|T0194|T0684|T0923,src/decision_guards.py
M066.tandem,M066.tandem,M066.tandem,M066,钙钛矿叠层太阳能电池,True,研究对象须匹配“钙钛矿叠层太阳能电池”对应对象，且满足所列任务；多任务冲突保留复核。,keyword_candidate_only,"perovskite.{0,35}(solar|cell)|钙钛矿.{0,15}(太阳能|光伏|电池)",tandem|multijunction|multi.junction|叠层|多结,,,1746,T0939|T0220|T0066,src/decision_guards.py
M066.interfaces,M066.interfaces,M066.interfaces,M066,钙钛矿电池界面、钝化与传输层,True,研究对象须匹配“钙钛矿电池界面、钝化与传输层”对应对象，且满足所列任务；多任务冲突保留复核。,sample_object_task_supported,"perovskite.{0,35}(solar|cell)|钙钛矿.{0,15}(太阳能|光伏|电池)",passivat|interface|transport.layer|transport.material|钝化|界面|传输层|传输材料,tandem|叠层|multi.junction|多结,,6900,T0939|T0787|T0243|T0360|T0889|T0158|T0066|T0384|T0220|T0275,src/decision_guards.py
M066.crystallization,M066.crystallization,M066.crystallization,M066,钙钛矿吸收层结晶与成膜,True,研究对象须匹配“钙钛矿吸收层结晶与成膜”对应对象，且满足所列任务；多任务冲突保留复核。,sample_object_task_supported,"perovskite.{0,35}(solar|cell)|钙钛矿.{0,15}(太阳能|光伏|电池)",crystalliz|crystallis|grain.growth|film.formation|结晶|晶粒|成膜,tandem|叠层|transport.layer|传输层,,501,T0787,src/decision_guards.py
M066.stability,M066.stability,M066.stability,M066,钙钛矿电池稳定性与衰减,True,研究对象须匹配“钙钛矿电池稳定性与衰减”对应对象，且满足所列任务；多任务冲突保留复核。,sample_object_task_supported,"perovskite.{0,35}(solar|cell)|钙钛矿.{0,15}(太阳能|光伏|电池)",degradation|moisture.stability|thermal.stability|operational.stability|衰减|湿度稳定|热稳定|运行稳定,tandem|叠层|passivat|钝化|interface|界面,,282,T0939,src/decision_guards.py
M158.polymer,M158.polymer,M158.polymer,M158,聚合物有机太阳能电池,True,研究对象须匹配“聚合物有机太阳能电池”对应对象，且满足所列任务；多任务冲突保留复核。,sample_object_task_supported,polymer.solar.cell|polymer.photovoltaic|聚合物太阳能电池|聚合物光伏,,,,5826,T0158|T0140|T0703,src/decision_guards.py
M158.small_molecule,M158.small_molecule,M158.small_molecule,M158,小分子有机太阳能电池,True,研究对象须匹配“小分子有机太阳能电池”对应对象，且满足所列任务；多任务冲突保留复核。,descriptor_retrieval_only_not_sample_approved,organic.solar.cell|organic.photovoltaic|有机太阳能|有机光伏,small.molecul|小分子,polymer.solar|聚合物太阳能,,1163,T0158|T0974|T0843,src/decision_guards.py
M158.printing,M158.printing,M158.printing,M158,有机光伏印刷与规模制造,True,研究对象须匹配“有机光伏印刷与规模制造”对应对象，且满足所列任务；多任务冲突保留复核。,descriptor_retrieval_only_not_sample_approved,organic.solar.cell|organic.photovoltaic|有机太阳能|有机光伏,roll.to.roll|gravure|slot.die|printing|卷对卷|印刷|狭缝涂布,,,130,T0974|T0912|T0646,src/decision_guards.py
M360.photoanode,M360.photoanode,M360.photoanode,M360,染料敏化电池光阳极,True,研究对象须匹配“染料敏化电池光阳极”对应对象，且满足所列任务；多任务冲突保留复核。,sample_object_task_supported,dye.sensiti[sz]ed|\bDSSC|染料敏化,photoanode|photoelectrode|光阳极|光电极,counter.electrode|对电极,,1665,T0360,src/decision_guards.py
M360.counterelectrode,M360.counterelectrode,M360.counterelectrode,M360,染料敏化电池对电极,True,研究对象须匹配“染料敏化电池对电极”对应对象，且满足所列任务；多任务冲突保留复核。,sample_object_task_supported,dye.sensiti[sz]ed|\bDSSC|染料敏化,counter.electrode|对电极,,,2137,T0534|T0360,src/decision_guards.py
M360.sensitizer,M360.sensitizer,M360.sensitizer,M360,染料敏化电池敏化剂,True,研究对象须匹配“染料敏化电池敏化剂”对应对象，且满足所列任务；多任务冲突保留复核。,sample_object_task_supported,dye.sensiti[sz]ed|\bDSSC|染料敏化,sensitizer|sensitiser|organic.dye|natural.dye|extracted.dye|co.sensiti|敏化剂|有机染料|天然染料|共敏化,counter.electrode|对电极,,2887,T0608|T0326|T0036,src/decision_guards.py
M085.fault,M085.fault,M085.fault,M085,光伏组件故障与缺陷检测,True,研究对象须匹配“光伏组件故障与缺陷检测”对应对象，且满足所列任务；多任务冲突保留复核。,sample_object_task_supported,photovoltaic|solar.cell|solar.module|光伏|太阳能电池,fault|defect|diagnos|故障|缺陷|诊断,,,1478,T0458|T0157|T0085|T0177|T0513|T0789|T0163|T0639|T0167|T0787,src/decision_guards.py
M085.degradation,M085.degradation,M085.degradation,M085,光伏组件退化与寿命,True,研究对象须匹配“光伏组件退化与寿命”对应对象，且满足所列任务；多任务冲突保留复核。,sample_object_task_supported,photovoltaic|solar.cell|solar.module|光伏|太阳能电池,degradation|aging|ageing|lifetime|退化|老化|寿命,perovskite|钙钛矿,,400,T0085|T0464|T0672|T0034|T0823|T0961|T0693|T0158|T0140|T0635,src/decision_guards.py
M137.parameters,M137.parameters,M137.parameters,M137,光伏电池与组件模型参数辨识,True,光伏电池或组件电学模型的参数辨识、估计或提取。,sample_object_task_supported,photovoltaic|solar.cell|solar.module|光伏|太阳能电池,parameter.identification|parameter.estimation|parameter.extraction|参数辨识|参数估计|参数提取,,,515,T0644|T0248,src/decision_guards.py
M387.power_forecast,M387,M387,M387,光伏发电功率预测方法与装置,False,研究对象须匹配“光伏发电功率预测”对应对象，且满足所列任务；多任务冲突保留复核。,sample_object_task_supported,photovoltaic|solar.cell|solar.module|光伏|太阳能电池,power.forecast|power.prediction|generation.forecast|generation.prediction|功率预测|发电量预测,,,1470,T0644|T0563|T0177,src/decision_guards.py
M159.irradiance,M159.irradiance,M159.irradiance,M159,太阳辐照度预测估算,True,研究对象须匹配“太阳辐照度预测估算”对应对象，且满足所列任务；多任务冲突保留复核。,sample_object_task_supported,solar.irradian|solar.radiation|太阳辐射|太阳辐照,forecast|predict|estimat|预测|估算|估计,,,3121,T0376|T0159,src/decision_guards.py
M376.measurement,M376.measurement,M376.measurement,M376,太阳辐射测量与仪器,True,研究对象须匹配“太阳辐射测量与仪器”对应对象，且满足所列任务；多任务冲突保留复核。,sample_object_task_supported,solar.irradian|solar.radiation|太阳辐射|太阳辐照,measurement|pyranometer|radiometer|测量|辐射表|辐射计,,,161,T0954,src/decision_guards.py
M239.rooftop,M239.rooftop,M239.rooftop,M239,屋顶与分布式光伏部署,True,研究对象须匹配“屋顶与分布式光伏部署”对应对象，且满足所列任务；多任务冲突保留复核。,sample_object_task_supported,photovoltaic|solar.cell|solar.module|光伏|太阳能电池,rooftop|distributed|屋顶|分布式,,,579,T0137|T0239|T0672|T0177|T0085|T0961|T0545|T0513|T0445|T0275,src/decision_guards.py
M239.economics,M239.economics,M239.economics,M239,光伏技术经济与投资,True,研究对象须匹配“光伏技术经济与投资”对应对象，且满足所列任务；多任务冲突保留复核。,sample_object_task_supported,photovoltaic|solar.cell|solar.module|光伏|太阳能电池,techno.economic|levelized.cost|investment|payback|技术经济|平准化|投资回收,rooftop|distributed|屋顶|分布式,,434,T0085|T0974,src/decision_guards.py
M239.agrivoltaics,M239.agrivoltaics,M239.agrivoltaics,M239,农光互补与农光协同,True,研究对象须匹配“农光互补与农光协同”对应对象，且满足所列任务；多任务冲突保留复核。,keyword_candidate_only,agrivoltaic|agro.photovoltaic|农光互补|农光协同,,,,557,T0862|T0239,src/decision_guards.py
M435.pvt,M435.pvt,M435.pvt,M435,光伏光热联合系统,True,研究对象须匹配“光伏光热联合系统”对应对象，且满足所列任务；多任务冲突保留复核。,sample_object_task_supported,photovoltaic.thermal|photovoltaic/thermal|光伏光热|PV/T,,,,3173,T0034,src/decision_guards.py
M333.collector,M333.collector,M333.collector,M333,太阳能集热器传热设计,True,研究对象须匹配“太阳能集热器传热设计”对应对象，且满足所列任务；多任务冲突保留复核。,sample_object_task_supported,solar.collector|太阳能集热器,heat.transfer|thermal.performance|design|传热|热性能|设计,,,971,T0679|T0333,src/decision_guards.py
M333.csp,M333.csp,M333.csp,M333,聚光太阳能热发电,True,研究对象须匹配“聚光太阳能热发电”对应对象，且满足所列任务；多任务冲突保留复核。,sample_object_task_supported,concentrated.solar.power|concentrating.solar.power|solar.tower|solar.thermal.power|聚光太阳能|塔式光热|太阳能热发电,,,,2426,T0913|T0435,src/decision_guards.py
M034.water_heating,M034.water_heating,M034.water_heating,M034,太阳能热水与供热装置,True,研究对象须匹配“太阳能热水与供热装置”对应对象，且满足所列任务；多任务冲突保留复核。,sample_object_task_supported,solar|太阳能,water.heat|space.heat|热水|供热|采暖,photovoltaic|光伏,,2447,T0679|T0435|T0546|T0333|T0863|T0239,src/decision_guards.py
M130.manufacturing,M130.manufacturing,M130.manufacturing,M130,光伏电池与组件制造工艺,True,研究对象须匹配“光伏电池与组件制造工艺”对应对象，且满足所列任务；多任务冲突保留复核。,sample_object_task_supported,photovoltaic|solar.cell|solar.module|光伏|太阳能电池,manufactur|fabrication|laminat|encapsulat|制造|层压|封装,organic|polymer|perovskite|dye.sensiti|有机|聚合物|钙钛矿|染料敏化,,814,T0642|T0147|T0672|T0166|T0085|T0282|T0167|T0534|T0742|T0912,src/decision_guards.py
M166.multijunction,M166.multijunction,M166.multijunction,M166,非钙钛矿多结太阳能电池,True,研究对象须匹配“非钙钛矿多结太阳能电池”对应对象，且满足所列任务；多任务冲突保留复核。,sample_object_task_supported,solar.cell|太阳能电池,multi.junction|multijunction|tandem|多结|叠层,perovskite|钙钛矿,,2129,T0939|T0843|T0742|T0130|T0158,src/decision_guards.py
M010.photocatalytic_h2,M010.photocatalytic_h2,M010.photocatalytic_h2,M010,光催化制氢,True,研究对象须匹配“光催化制氢”对应对象，且满足所列任务；多任务冲突保留复核。,sample_object_task_supported,photo(?:electro)?catal|photo.catal|光(?:电)?催化|photodegrad|光降解,hydrogen.evolution|hydrogen.production|hydrogen.generation|\bH2.production|析氢|制氢,carbon.dioxide.reduc|CO2.reduc|二氧化碳还原,,11711,T0561|T0087|T0010|T0289|T0474|T0235|T0204|T0920|T0941|T0131,src/decision_guards.py
M010.biophotolysis,M010.biophotolysis,M010.biophotolysis,M010,光生物制氢,True,研究对象须匹配“光生物制氢”对应对象，且满足所列任务；多任务冲突保留复核。,descriptor_retrieval_only_not_sample_approved,photoferment|biophotolysis|photobiological|光发酵|光生物,hydrogen|氢,,,45,T0136|T0677|T0416,src/decision_guards.py
M036.co2_photo,M036.co2_photo,M036.co2_photo,M036,光催化二氧化碳还原,True,研究对象须匹配“光催化二氧化碳还原”对应对象，且满足所列任务；多任务冲突保留复核。,sample_object_task_supported,photo(?:electro)?catal|photo.catal|光(?:电)?催化|photodegrad|光降解,CO2|carbon.dioxide|二氧化碳,,,4770,T0932|T0125,src/decision_guards.py
M112.pollutants,M112.pollutants,M112.pollutants,M112,TiO₂光催化污染物降解,True,研究对象须匹配“TiO₂光催化污染物降解”对应对象，且满足所列任务；多任务冲突保留复核。,sample_object_task_supported,TiO\s*2|titanium.dioxide|二氧化钛,photodegrad|photocatalytic.degrad|photocatalytic.oxid|光催化降解|光降解|pollutant|dye.degrad|污染物|染料降解,,,8762,T0866|T0438|T0308|T0112|T0936|T0584|T0542,src/decision_guards.py
M203.pollutants,M203.pollutants,M203.pollutants,M203,ZnO光催化污染物降解,True,研究对象须匹配“ZnO光催化污染物降解”对应对象，且满足所列任务；多任务冲突保留复核。,sample_object_task_supported,\bZnO\b|zinc.oxide|氧化锌,photodegrad|photocatalytic.degrad|光催化降解|光降解|dye.degrad|染料降解,,,2695,T0203|T0950|T0933|T0704,src/decision_guards.py
M079.other_pollutants,M079.other_pollutants,M079.other_pollutants,M079,其他材料光催化污染物降解,True,研究对象须匹配“其他材料光催化污染物降解”对应对象，且满足所列任务；多任务冲突保留复核。,sample_object_task_supported,photo(?:electro)?catal|photo.catal|光(?:电)?催化|photodegrad|光降解,degrad|pollutant|污染物|降解,TiO\s*2|titanium.dioxide|二氧化钛|\bZnO\b|zinc.oxide|氧化锌,,24294,T0584|T0849|T0235|T0074|T0203|T0438|T0933|T0079|T0087|T0609,src/decision_guards.py
M235.pec_water,M235,M235,M235,半导体光电化学水分解,False,研究对象须匹配“光电化学水分解”对应对象，且满足所列任务；多任务冲突保留复核。,sample_object_task_supported,photoelectrochemical|光电化学,water.splitting|hydrogen|水分解|制氢,,,2686,T0406|T0326|T0010|T0203|T0920,src/decision_guards.py
M256.her,M256,M256,M256,电催化析氢与界面调控,False,研究对象须匹配“电催化析氢”对应对象，且满足所列任务；多任务冲突保留复核。,sample_object_task_supported,electrocatal|electrochemical|电催化|电化学,hydrogen.evolution|析氢|\bHER\b,overall.water.splitting|整体水分解|photocatal|光催化,,4982,T0561|T0145|T0154|T0327|T0426|T0363|T0021|T0829|T0289|T0574,src/decision_guards.py
M154.oer,M154,M154,M154,电解水析氧催化,False,研究对象须匹配“电催化析氧”对应对象，且满足所列任务；多任务冲突保留复核。,sample_object_task_supported,electrocatal|electrochemical|电催化|电化学,oxygen.evolution|析氧|\bOER\b,overall.water.splitting|整体水分解|oxygen.reduction|氧还原,,4699,T0697|T0682|T0145|T0281|T0154|T0761|T0557|T0829|T0889|T0363,src/decision_guards.py
M363.orr,M363,M363,M363,非贵金属氧还原电催化材料,False,研究对象须匹配“氧还原电催化”对应对象，且满足所列任务；多任务冲突保留复核。,sample_object_task_supported,electrocatal|electrochemical|电催化|电化学,oxygen.reduction|氧还原|\bORR\b,oxygen.evolution|析氧,,1349,T0682|T0697|T0689|T0598|T0494|T0154|T0042|T0739|T0289|T0855,src/decision_guards.py
M281.overall_water,M281,M281,M281,整体电催化水分解,False,研究对象须匹配“整体电催化水分解”对应对象，且满足所列任务；多任务冲突保留复核。,sample_object_task_supported,electrocatal|electroly|电催化|电解,overall.water.splitting|overall.water.electrolysis|整体水分解|全解水,,,1590,T0145|T0673|T0406|T0154,src/decision_guards.py
M008.co2_electro,M008,M008,M008,二氧化碳电还原催化,False,研究对象须匹配“二氧化碳电还原”对应对象，且满足所列任务；多任务冲突保留复核。,sample_object_task_supported,electroreduc|electrocatal|electrochemical|电还原|电催化|电化学,CO2|carbon.dioxide|二氧化碳,,,6924,T0426|T0557|T0796|T0932|T0255|T0265|T0627|T0338|T0739|T0889,src/decision_guards.py
M255.co2_hydrogenation,M255.co2_hydrogenation,M255.co2_hydrogenation,M255,二氧化碳催化加氢与甲烷化,True,CO2催化加氢或甲烷化；产物可以是燃料或化学品，不仅凭名称推断用途。,sample_object_task_supported,CO2|carbon.dioxide|二氧化碳,hydrogenation|methanation|加氢|甲烷化,,,2539,T0150|T0321|T0238|T0796|T0417|T0981|T0075|T0515|T0228,src/decision_guards.py
M474.n2_reduction,M474.n2_reduction,M474.n2_reduction,M474,氮气电还原制氨,True,研究对象须匹配“氮气电还原制氨”对应对象，且满足所列任务；多任务冲突保留复核。,sample_object_task_supported,nitrogen.reduction|N2.reduction|氮气还原,electrocatal|electrochemical|电催化|电化学,,,714,T0474|T0228,src/decision_guards.py
M474.nitrate_reduction,M474.nitrate_reduction,M474.nitrate_reduction,M474,硝酸盐电还原制氨,True,研究对象须匹配“硝酸盐电还原制氨”对应对象，且满足所列任务；多任务冲突保留复核。,sample_object_task_supported,nitrate.reduction|硝酸盐还原,ammonia|氨,,,695,T0474|T0228,src/decision_guards.py
M136.alkaline_electrolysis,M136.alkaline_electrolysis,M136.alkaline_electrolysis,M136,碱性水电解制氢,True,研究对象须匹配“碱性水电解制氢”对应对象，且满足所列任务；多任务冲突保留复核。,sample_object_task_supported,water.electroly|electrolyzer|electrolyser|水电解|电解槽,alkaline|碱性,,,1480,T0136|T0145|T0179|T0154|T0673|T0648|T0552,src/decision_guards.py
M136.pem_electrolysis,M136.pem_electrolysis,M136.pem_electrolysis,M136,质子交换膜水电解制氢,True,研究对象须匹配“质子交换膜水电解制氢”对应对象，且满足所列任务；多任务冲突保留复核。,sample_object_task_supported,water.electroly|electrolyzer|electrolyser|水电解|电解槽,proton.exchange.membrane|\bPEM\b|质子交换膜,,,1556,T0145|T0179|T0697|T0570|T0762,src/decision_guards.py
M124.steam_reforming,M124.steam_reforming,M124.steam_reforming,M124,蒸汽重整制氢与合成气,True,研究对象须匹配“蒸汽重整制氢与合成气”对应对象，且满足所列任务；多任务冲突保留复核。,sample_object_task_supported,steam.reform|蒸汽重整|水蒸气重整,hydrogen|syngas|制氢|合成气,,,881,T0654|T0981|T0075,src/decision_guards.py
M124.dry_reforming,M124.dry_reforming,M124.dry_reforming,M124,二氧化碳干重整制合成气,True,研究对象须匹配“二氧化碳干重整制合成气”对应对象，且满足所列任务；多任务冲突保留复核。,keyword_candidate_only,dry.reform|干重整|二氧化碳重整,,,,416,T0139,src/decision_guards.py
M071.economics,M071.economics,M071.economics,M071,氢能技术经济与生命周期,True,研究对象须匹配“氢能技术经济与生命周期”对应对象，且满足所列任务；多任务冲突保留复核。,sample_object_task_supported,hydrogen|氢能|制氢,techno.economic|life.cycle|levelized.cost|技术经济|生命周期|平准化,,,1447,T0071|T0087|T0464,src/decision_guards.py
M238.supply_chain,M238.supply_chain,M238.supply_chain,M238,氢能供应链与基础设施规划,True,研究对象须匹配“氢能供应链与基础设施规划”对应对象，且满足所列任务；多任务冲突保留复核。,sample_object_task_supported,hydrogen|氢能,supply.chain|infrastructure|network.planning|供应链|基础设施|网络规划,,,782,T0071|T0765|T0192,src/decision_guards.py
M086.refueling,M086.refueling,M086.refueling,M086,加氢站与氢气加注,True,研究对象须匹配“加氢站与氢气加注”对应对象，且满足所列任务；多任务冲突保留复核。,sample_object_task_supported,hydrogen.refuel|hydrogen.filling|加氢站|氢气加注,,,,517,T0677|T0765,src/decision_guards.py
M192.solid_storage,M192,M192,M192,固态储氢材料与反应器,False,研究对象须匹配“固态储氢材料”对应对象，且满足所列任务；多任务冲突保留复核。,sample_object_task_supported,hydrogen.storage|储氢,hydride|solid.state|metal.alloy|氢化物|固态|合金,,,2265,T0192|T0416|T0875|T0136|T0677|T0086|T0969|T0515|T0955|T0008,src/decision_guards.py
M482.pemfc,M419,M419,M419,质子交换膜燃料电池运行与建模,False,研究对象须匹配“质子交换膜燃料电池系统”对应对象，且满足所列任务；多任务冲突保留复核。,sample_object_task_supported,proton.exchange.membrane.fuel.cell|polymer.electrolyte.fuel.cell|\bPEMFC\b|质子交换膜燃料电池,,,,1494,T0750|T0043|T0259|T0674|T0762|T0480|T0387|T0648|T0013|T0716,src/decision_guards.py
M259.sofc,M259,M259,M259,固体氧化物燃料电池,False,研究对象须匹配“固体氧化物燃料电池”对应对象，且满足所列任务；多任务冲突保留复核。,sample_object_task_supported,solid.oxide.fuel.cell|\bSOFC\b|固体氧化物燃料电池,,,,12414,T0627|T0482|T0437|T0942|T0480|T0964|T0124|T0494|T0762|T0761,src/decision_guards.py
M426.soec,M426,M426,M426,固体氧化物电解池与可逆电化学单元,False,研究对象须匹配“固体氧化物电解池”对应对象，且满足所列任务；多任务冲突保留复核。,sample_object_task_supported,solid.oxide.electrolysis|solid.oxide.electrolyzer|\bSOEC\b|固体氧化物电解池,,,,711,T0494|T0199|T0674,src/decision_guards.py
M078.water,M078.water,M078.water,M078,燃料电池水管理,True,研究对象须匹配“燃料电池水管理”对应对象，且满足所列任务；多任务冲突保留复核。,sample_object_task_supported,fuel.cell|燃料电池,water.management|flooding|water.transport|水管理|水淹|水传输,,,361,T0674,src/decision_guards.py
M078.air,M078.air,M078.air,M078,燃料电池供气与空压控制,True,研究对象须匹配“燃料电池供气与空压控制”对应对象，且满足所列任务；多任务冲突保留复核。,sample_object_task_supported,fuel.cell|燃料电池,air.supply|air.compressor|oxygen.excess|供气|空压机|氧过量,,,151,T0334|T0078|T0907|T0762,src/decision_guards.py
M268.proton_membrane,M268,M268,M268,燃料电池质子交换膜,False,研究对象须匹配“燃料电池质子交换膜材料”对应对象，且满足所列任务；多任务冲突保留复核。,sample_object_task_supported,proton.exchange.membrane|proton.conducting.membrane|质子交换膜|质子传导膜,fuel.cell|燃料电池,electrolyzer|electrolyser|电解槽,,346,T0259|T0750|T0480|T0043|T0674|T0648|T0992|T0008|T0387,src/decision_guards.py
M228.persulfate,M228,M228,M228,过硫酸盐活化与高级氧化,False,研究对象须匹配“过硫酸盐活化高级氧化”对应对象，且满足所列任务；多任务冲突保留复核。,sample_object_task_supported,persulfate|peroxymonosulfate|peroxydisulfate|过硫酸盐|过一硫酸盐,activat|oxidation|活化|氧化,,,3673,T0624|T0079|T0293,src/decision_guards.py
M324.absorption,M324.absorption,M324.absorption,M324,二氧化碳溶剂吸收捕集,True,研究对象须匹配“二氧化碳溶剂吸收捕集”对应对象，且满足所列任务；多任务冲突保留复核。,sample_object_task_supported,CO2|carbon.dioxide|二氧化碳,amine|solvent.absorp|chemical.absorp|胺|溶剂吸收|化学吸收,,,1509,T0150|T0826|T0196|T0529|T0692|T0347|T0796|T0486|T0508|T0844,src/decision_guards.py
M324.adsorption,M324.adsorption,M324.adsorption,M324,二氧化碳固体吸附捕集,True,研究对象须匹配“二氧化碳固体吸附捕集”对应对象，且满足所列任务；多任务冲突保留复核。,sample_object_task_supported,CO2|carbon.dioxide|二氧化碳,adsorp|sorbent|吸附,carbon.aerogel|activated.carbon|活性炭|碳气凝胶,,4655,T0150|T0826|T0321|T0713|T0529|T0796|T0426|T0347|T0844|T0932,src/decision_guards.py
M150.carbon_capture,M150,M150,M150,多孔碳吸附二氧化碳,False,研究对象须匹配“多孔碳二氧化碳吸附”对应对象，且满足所列任务；多任务冲突保留复核。,sample_object_task_supported,carbon|炭|碳,CO2.adsorp|CO2.capture|carbon.dioxide.adsorp|carbon.dioxide.capture|二氧化碳吸附|二氧化碳捕集,,,756,T0324|T0150|T0713|T0692|T0826|T0347|T0529|T0426|T0417|T0338,src/decision_guards.py
M196.dac,M196.dac,M196.dac,M196,直接空气捕碳,True,研究对象须匹配“直接空气捕碳”对应对象，且满足所列任务；多任务冲突保留复核。,sample_object_task_supported,direct.air.capture|直接空气捕|空气直接捕,,,,553,T0713|T0826,src/decision_guards.py
M486.geological,M486,M486,M486,二氧化碳地质封存与驱油,False,研究对象须匹配“二氧化碳地质封存”对应对象，且满足所列任务；多任务冲突保留复核。,sample_object_task_supported,CO2|carbon.dioxide|二氧化碳,geological.storage|geologic.storage|geological.sequestration|地质封存|地质储存,,,1009,T0987|T0486|T0571|T0590,src/decision_guards.py
M114.hydrate,M114.hydrate,M114.hydrate,M114,二氧化碳水合物形成与分离,True,二氧化碳水合物的形成、性质及基于水合物的分离；允许CO2混合气体系。,sample_object_task_supported,CO2|carbon.dioxide|二氧化碳,hydrate|水合物,,,1950,T0571|T0713|T0114|T0665|T0487,src/decision_guards.py
M046.fouling,M046.fouling,M046.fouling,M046,分离膜污染与清洗,True,研究对象须匹配“分离膜污染与清洗”对应对象，且满足所列任务；多任务冲突保留复核。,sample_object_task_supported,membrane|膜,fouling|antifouling|cleaning|膜污染|抗污染|膜清洗,,,2417,T0489|T0552|T0521|T0975,src/decision_guards.py
M046.desalination,M046.desalination,M046.desalination,M046,膜法海水淡化,True,研究对象须匹配“膜法海水淡化”对应对象，且满足所列任务；多任务冲突保留复核。,sample_object_task_supported,membrane|reverse.osmosis|膜|反渗透,desalin|海水淡化,,,1645,T0996,src/decision_guards.py
M468.adsorption,M468.adsorption,M468.adsorption,M468,水污染物吸附去除,True,研究对象须匹配“水污染物吸附去除”对应对象，且满足所列任务；多任务冲突保留复核。,sample_object_task_supported,wastewater|water.pollut|aqueous.solution|废水|水污染|水溶液,adsorp|吸附,photocatal|光催化,,1391,T0566|T0521|T0584|T0946|T0522,src/decision_guards.py
M468.electro_oxidation,M468.electro_oxidation,M468.electro_oxidation,M468,水污染物电化学氧化,True,研究对象须匹配“水污染物电化学氧化”对应对象，且满足所列任务；多任务冲突保留复核。,sample_object_task_supported,wastewater|water.pollut|废水|水污染,electrochemical.oxid|electro.oxid|电化学氧化|电氧化,,,179,T0042,src/decision_guards.py
M128.food_sludge,M128.food_sludge,M128.food_sludge,M128,餐厨垃圾或污泥厌氧消化,True,明确餐厨垃圾、厨余或污泥厌氧消化；与粪便/农业残余共同消化时保留主类并复核。,sample_object_task_supported,anaerobic.digestion|anaerobic.co.digestion|厌氧消化|厌氧共消化,food.waste|sludge|餐厨|厨余|污泥,,,2902,T0785|T0772|T0901|T0274|T0623|T0224,src/decision_guards.py
M128.manure,M128.manure,M128.manure,M128,畜禽粪便与农业残余厌氧消化,True,研究对象须匹配“畜禽粪便与农业残余厌氧消化”对应对象，且满足所列任务；多任务冲突保留复核。,sample_object_task_supported,anaerobic.digestion|anaerobic.co.digestion|厌氧消化|厌氧共消化,manure|dung|agricultural.residue|粪便|粪污|秸秆,food.waste|sludge|餐厨|厨余|污泥,,1040,T0785|T0772|T0702,src/decision_guards.py
M274.biogas_upgrading,M274.biogas_upgrading,M274.biogas_upgrading,M274,沼气提纯与生物甲烷升级,True,研究对象须匹配“沼气提纯与生物甲烷升级”对应对象，且满足所列任务；多任务冲突保留复核。,sample_object_task_supported,biogas|biomethane|沼气|生物甲烷,upgrad|purif|CO2.removal|提纯|净化|脱碳,,,929,T0623|T0702|T0274|T0489|T0614|T0156,src/decision_guards.py
M274.biogas_process,M274.biogas_process,M128,M128,生物质与污泥厌氧消化产气,False,研究对象须匹配“厌氧产沼气工艺与建模”对应对象，且满足所列任务；多任务冲突保留复核。,sample_object_task_supported,biogas.production|methane.yield|biomethane.production|沼气生产|沼气产量|产甲烷,digest|ferment|model|消化|发酵|建模,gasification|热解|气化,,2155,T0772|T0033|T0901|T0805|T0623|T0274|T0785|T0702|T0471,src/decision_guards.py
M058.fermentative_h2,M058.fermentative_h2,M058.fermentative_h2,M058,厌氧发酵生物制氢,True,研究对象须匹配“厌氧发酵生物制氢”对应对象，且满足所列任务；多任务冲突保留复核。,sample_object_task_supported,dark.ferment|anaerobic.ferment|暗发酵|厌氧发酵,hydrogen|氢,,,808,T0988|T0087|T0238|T0772,src/decision_guards.py
M087.anaerobic_wastewater,M087.anaerobic_wastewater,M087.anaerobic_wastewater,M087,厌氧污水处理反应器,True,研究对象须匹配“厌氧污水处理反应器”对应对象，且满足所列任务；多任务冲突保留复核。,descriptor_retrieval_only_not_sample_approved,anaerobic|厌氧|\bUASB\b|\bAnMBR\b,wastewater.treatment|污水处理|废水处理,,,280,T0489|T0614|T0238,src/decision_guards.py
M033.sludge_dewatering,M033.sludge_dewatering,M033.sludge_dewatering,M033,污泥脱水与调理,True,研究对象须匹配“污泥脱水与调理”对应对象，且满足所列任务；多任务冲突保留复核。,sample_object_task_supported,sludge|污泥,dewater|condition|脱水|调理,,,160,T0901|T0033|T0320,src/decision_guards.py
M033.nutrient_recovery,M033.nutrient_recovery,M033.nutrient_recovery,M033,污水污泥营养元素回收,True,研究对象须匹配“污水污泥营养元素回收”对应对象，且满足所列任务；多任务冲突保留复核。,sample_object_task_supported,sludge|wastewater|污泥|废水|污水,phosphorus.recover|nitrogen.recover|struvite|磷回收|氮回收|鸟粪石,,,22,T0614,src/decision_guards.py
M347.gasification,M347.gasification,M347.gasification,M347,生物质气化制合成气,True,研究对象须匹配“生物质气化制合成气”对应对象，且满足所列任务；多任务冲突保留复核。,sample_object_task_supported,biomass|wood|生物质|木质,gasification|gasifier|气化,,,5175,T0033|T0124|T0238|T0783|T0087|T0805|T0726|T0471|T0597|T0579,src/decision_guards.py
M347.htl,M347.htl,M347.htl,M347,生物质水热液化,True,研究对象须匹配“生物质水热液化”对应对象，且满足所列任务；多任务冲突保留复核。,descriptor_retrieval_only_not_sample_approved,biomass|alga|生物质|藻,hydrothermal.liquefaction|水热液化,,,106,T0113|T0625|T0810,src/decision_guards.py
M347.htc,M347.htc,M347.htc,M347,生物质水热炭化,True,研究对象须匹配“生物质水热炭化”对应对象，且满足所列任务；多任务冲突保留复核。,sample_object_task_supported,biomass|生物质|sludge|污泥,hydrothermal.carbonization|hydrothermal.carbonisation|水热炭化|水热碳化,,,306,T0347|T0471|T0901,src/decision_guards.py
M062.pyrolysis,M062,M062,M062,生物质热解与炭化,False,研究对象须匹配“生物质热解与炭化”对应对象，且满足所列任务；多任务冲突保留复核。,sample_object_task_supported,biomass|wood|生物质|木质,pyroly|carbonization|carbonisation|热解|炭化,coal|煤,,4887,T0062|T0124|T0347|T0471|T0033|T0544|T0810|T0087|T0579|T0501,src/decision_guards.py
M226.soil,M226.soil,M226.soil,M226,生物炭土壤改良,True,研究对象须匹配“生物炭土壤改良”对应对象，且满足所列任务；多任务冲突保留复核。,descriptor_retrieval_only_not_sample_approved,biochar|生物炭,soil|土壤,,,527,T0009|T0143|T0015,src/decision_guards.py
M226.water,M226.water,M226.water,M226,生物炭水污染物去除,True,研究对象须匹配“生物炭水污染物去除”对应对象，且满足所列任务；多任务冲突保留复核。,sample_object_task_supported,biochar|生物炭,wastewater|aqueous|pollutant|废水|水污染|污染物,soil|土壤,,7,T0033,src/decision_guards.py
M365.activated_carbon,M365.activated_carbon,M365.activated_carbon,M365,活性炭制备与孔结构,True,研究对象须匹配“活性炭制备与孔结构”对应对象，且满足所列任务；多任务冲突保留复核。,sample_object_task_supported,activated.carbon|活性炭,synthesis|prepar|activation|pore.structure|制备|活化|孔结构,supercapacitor|battery|超级电容|电池|CO2.capture|二氧化碳捕集,,1463,T0397|T0045|T0729|T0150|T0983|T0347|T0946|T0781,src/decision_guards.py
M224.pretreatment,M224.pretreatment,M224.pretreatment,M224,木质纤维素预处理,True,研究对象须匹配“木质纤维素预处理”对应对象，且满足所列任务；多任务冲突保留复核。,sample_object_task_supported,lignocellulos|cellulosic.biomass|木质纤维素,pretreat|delignif|预处理|脱木质素,,,171,T0781|T0245,src/decision_guards.py
M224.ethanol,M224.ethanol,M224.ethanol,M224,木质纤维素生物乙醇,True,研究对象须匹配“木质纤维素生物乙醇”对应对象，且满足所列任务；多任务冲突保留复核。,sample_object_task_supported,lignocellulos|cellulosic.biomass|木质纤维素,ethanol|乙醇,,,122,T0781|T0128|T0245,src/decision_guards.py
M015.algal_biofuel,M015.algal_biofuel,M015.algal_biofuel,M015,藻类生物燃料,True,研究对象须匹配“藻类生物燃料”对应对象，且满足所列任务；多任务冲突保留复核。,sample_object_task_supported,alga|藻,biofuel|biodiesel|生物燃料|生物柴油,,,154,T0525|T0226,src/decision_guards.py
M015.sustainability,M015.sustainability,M015.sustainability,M015,生物能源生命周期与可持续性,True,研究对象须匹配“生物能源生命周期与可持续性”对应对象，且满足所列任务；多任务冲突保留复核。,sample_object_task_supported,bioenergy|biomass|biofuel|生物能源|生物质|生物燃料,life.cycle|sustainab|生命周期|可持续,,,2257,T0226|T0015|T0124|T0853|T0347|T0128|T0781,src/decision_guards.py
M439.ewaste,M439.ewaste,M439.ewaste,M439,电子废物回收,True,研究对象须匹配“电子废物回收”对应对象，且满足所列任务；多任务冲突保留复核。,sample_object_task_supported,electronic.waste|e.waste|电子废物|电子垃圾,recycl|recover|回收,,,545,T0541|T0752|T0042|T0984,src/decision_guards.py
M439.plastic,M439.plastic,M439.plastic,M439,废塑料回收与转化,True,研究对象须匹配“废塑料回收与转化”对应对象，且满足所列任务；多任务冲突保留复核。,sample_object_task_supported,waste.plastic|plastic.waste|废塑料,recycl|pyroly|conversion|回收|热解|转化,,,895,T0245,src/decision_guards.py
M400.load,M400.load,M400.load,M400,电力负荷预测,True,研究对象须匹配“电力负荷预测”对应对象，且满足所列任务；多任务冲突保留复核。,sample_object_task_supported,"electric.{0,8}load|power.load|electricity.demand|电力负荷|用电负荷|电力需求",forecast|predict|预测,electricity.price|电价,,2962,T0816|T0738|T0953|T0722,src/decision_guards.py
M400.price,M400.price,M400.price,M400,电价预测,True,研究对象须匹配“电价预测”对应对象，且满足所列任务；多任务冲突保留复核。,sample_object_task_supported,electricity.price|power.price|电价,forecast|predict|预测,,,1040,T0816|T0135,src/decision_guards.py
M175.short_circuit,M175.short_circuit,M175.short_circuit,M175,电网短路电流计算,True,研究对象须匹配“电网短路电流计算”对应对象，且满足所列任务；多任务冲突保留复核。,descriptor_retrieval_only_not_sample_approved,"power.system|power.grid|electric.{0,12}grid|电网|电力系统|配电",short.circuit.current|fault.current.calcul|短路电流|短路计算,,,17,T0398|T0055|T0664,src/decision_guards.py
M332.wind_speed,M332.wind_speed,M332.wind_speed,M332,风速预测,True,研究对象须匹配“风速预测”对应对象，且满足所列任务；多任务冲突保留复核。,sample_object_task_supported,wind.speed|风速,forecast|predict|预测,,,2515,T0753|T0444,src/decision_guards.py
M332.wind_power,M332.wind_power,M332.wind_power,M332,风电出力预测,True,研究对象须匹配“风电出力预测”对应对象，且满足所列任务；多任务冲突保留复核。,sample_object_task_supported,wind.turbine|wind.farm|wind.power|wind.energy|风电|风力机|风力发电,power.forecast|power.prediction|generation.forecast|功率预测|出力预测|发电量预测,wind.speed.forecast|风速预测,,2803,T0753|T0444|T0387|T0531,src/decision_guards.py
M444.wind_condition,M444.wind_condition,M444.wind_condition,M444,风机状态监测与预测性维护,True,研究对象须匹配“风机状态监测与预测性维护”对应对象，且满足所列任务；多任务冲突保留复核。,sample_object_task_supported,wind.turbine|wind.farm|wind.power|wind.energy|风电|风力机|风力发电,condition.monitor|predictive.maintenance|fault.diagnos|状态监测|预测性维护|故障诊断,,,559,T0444|T0527,src/decision_guards.py
M253.location,M253.location,M253.location,M253,电动汽车充电站选址规划,True,研究对象须匹配“电动汽车充电站选址规划”对应对象，且满足所列任务；多任务冲突保留复核。,sample_object_task_supported,electric.vehicle|EV.charg|charging.station|电动汽车|充电站,location|siting|placement|选址|站点规划,routing|路径,,684,T0879|T0253,src/decision_guards.py
M253.routing,M253.routing,M253.routing,M253,电动汽车路径与补能规划,True,研究对象须匹配“电动汽车路径与补能规划”对应对象，且满足所列任务；多任务冲突保留复核。,sample_object_task_supported,electric.vehicle|电动汽车|electric.bus|电动公交,routing|route.planning|路径|行驶路线,,,442,T0253|T0756|T0879,src/decision_guards.py
M089.scheduling,M089.scheduling,M089.scheduling,M089,电动汽车有序充放电调度,True,研究对象须匹配“电动汽车有序充放电调度”对应对象，且满足所列任务；多任务冲突保留复核。,sample_object_task_supported,electric.vehicle|EV.charg|电动汽车|电动公交,charging.schedul|charging.strateg|smart.charging|coordinated.charging|orderly.charging|充电调度|有序充电|充电策略|充放电调度,,,839,T0526|T0253|T0763|T0879,src/decision_guards.py
M027.grid_impact,M027.grid_impact,M027.grid_impact,M027,电动汽车充电并网影响,True,研究对象须匹配“电动汽车充电并网影响”对应对象，且满足所列任务；多任务冲突保留复核。,sample_object_task_supported,electric.vehicle|电动汽车|charging.station|充电站,grid.impact|grid.integration|distribution.network|并网影响|电网影响|配电网,,,587,T0526|T0253|T0540|T0961|T0684,src/decision_guards.py
M191.charging_forecast,M191.charging_forecast,M191.charging_forecast,M191,电动汽车充电负荷预测,True,研究对象须匹配“电动汽车充电负荷预测”对应对象，且满足所列任务；多任务冲突保留复核。,sample_object_task_supported,charging.load|charging.demand|充电负荷|充电需求,forecast|predict|预测,,,357,T0879,src/decision_guards.py
M105.adoption,M105.adoption,M105.adoption,M105,电动汽车推广与购买行为,True,研究对象须匹配“电动汽车推广与购买行为”对应对象，且满足所列任务；多任务冲突保留复核。,sample_object_task_supported,electric.vehicle|电动汽车,adoption|purchase|consumer|acceptance|推广|购买|消费者|接受度,,,2028,T0105|T0756|T0253|T0526|T0027|T0197|T0961|T0306,src/decision_guards.py
M105.consumption,M105.consumption,M105.consumption,M105,电动汽车整车能耗与续航,True,研究对象须匹配“电动汽车整车能耗与续航”对应对象，且满足所列任务；多任务冲突保留复核。,sample_object_task_supported,electric.vehicle|电动汽车,energy.consumption|driving.range|能耗|续航,,,456,T0540,src/decision_guards.py
M104.ems,M104.ems,M104.ems,M104,微电网能量管理与经济调度,True,研究对象须匹配“微电网能量管理与经济调度”对应对象，且满足所列任务；多任务冲突保留复核。,sample_object_task_supported,microgrid|micro.grid|微电网,energy.management|economic.dispatch|optimal.schedul|能量管理|经济调度|优化调度,,,2969,T0104|T0684|T0791|T0463,src/decision_guards.py
M142.droop,M142.droop,M142.droop,M142,微电网下垂控制与功率分配,True,研究对象须匹配“微电网下垂控制与功率分配”对应对象，且满足所列任务；多任务冲突保留复核。,sample_object_task_supported,microgrid|micro.grid|微电网,droop.control|power.sharing|下垂控制|功率分配,,,1001,T0791|T0463|T0923,src/decision_guards.py
M142.islanding,M142.islanding,M142.islanding,M142,微电网孤岛切换与动态控制,True,研究对象须匹配“微电网孤岛切换与动态控制”对应对象，且满足所列任务；多任务冲突保留复核。,sample_object_task_supported,microgrid|micro.grid|微电网,islanding|islanded|transition|secondary.control|孤岛|并离网切换|二次控制,droop.control|下垂控制,,1570,T0791|T0104|T0923|T0129,src/decision_guards.py
M260.scheduling,M260.scheduling,M260.scheduling,M260,综合能源系统优化调度,True,研究对象须匹配“综合能源系统优化调度”对应对象，且满足所列任务；多任务冲突保留复核。,sample_object_task_supported,integrated.energy.system|multi.energy.system|energy.hub|综合能源系统|多能源系统|能源枢纽,dispatch|schedul|调度,,,1149,T0306|T0260|T0172|T0531|T0387,src/decision_guards.py
M260.planning,M260.planning,M260.planning,M260,综合能源系统规划配置,True,研究对象须匹配“综合能源系统规划配置”对应对象，且满足所列任务；多任务冲突保留复核。,sample_object_task_supported,integrated.energy.system|multi.energy.system|energy.hub|综合能源系统|多能源系统|能源枢纽,planning|sizing|capacity.allocation|规划|容量配置,dispatch|schedul|调度,,398,T0961|T0531,src/decision_guards.py
M248.vpp,M248,M248,M248,虚拟电厂资源聚合与调度,False,研究对象须匹配“虚拟电厂资源聚合与调度”对应对象，且满足所列任务；多任务冲突保留复核。,sample_object_task_supported,virtual.power.plant|虚拟电厂,,,,1828,T0814,src/decision_guards.py
M047.demand_response,M047.demand_response,M047.demand_response,M047,配电网需求响应与柔性调度,True,研究对象须匹配“配电网需求响应与柔性调度”对应对象，且满足所列任务；多任务冲突保留复核。,sample_object_task_supported,distribution.network|distribution.system|配电网,demand.response|flexib|需求响应|柔性,,,676,T0163|T0047|T0523|T0834|T0073,src/decision_guards.py
M431.planning,M431.planning,M431.planning,M431,配电网规划与容量配置,True,研究对象须匹配“配电网规划与容量配置”对应对象，且满足所列任务；多任务冲突保留复核。,sample_object_task_supported,distribution.network|distribution.system|配电网,planning|capacity.allocation|规划|容量配置,,,1751,T0961|T0055|T0191|T0163|T0545|T0834|T0664|T0248|T0175|T0862,src/decision_guards.py
M415.reconfiguration,M415,M415,M415,配电网重构与优化运行,False,研究对象须匹配“配电网重构”对应对象，且满足所列任务；多任务冲突保留复核。,sample_object_task_supported,distribution.network|distribution.system|配电网,reconfigur|重构,,,1380,T0191|T0248|T0664|T0217|T0791|T0834|T0017|T0215,src/decision_guards.py
M082.voltage_var,M082.voltage_var,M082.voltage_var,M082,配电网电压无功优化,True,研究对象须匹配“配电网电压无功优化”对应对象，且满足所列任务；多任务冲突保留复核。,sample_object_task_supported,distribution.network|distribution.system|配电网,volt.var|reactive.power|voltage.regulation|电压无功|无功优化|电压调节,,,1149,T0398|T0378|T0163|T0743|T0047,src/decision_guards.py
M082.harmonics,M082.harmonics,M082.harmonics,M082,配电网谐波与电能质量治理,True,研究对象须匹配“配电网谐波与电能质量治理”对应对象，且满足所列任务；多任务冲突保留复核。,sample_object_task_supported,distribution.network|distribution.system|配电网,harmonic|power.quality|谐波|电能质量,,,1173,T0163|T0549|T0263|T0732|T0664|T0678|T0656|T0201|T0415,src/decision_guards.py
M470.state_estimation,M470.state_estimation,M470.state_estimation,M470,电网状态估计与相量测量,True,研究对象须匹配“电网状态估计与相量测量”对应对象，且满足所列任务；多任务冲突保留复核。,sample_object_task_supported,"power.system|power.grid|electric.{0,12}grid|电网|电力系统|配电",state.estimation|phasor.measurement|状态估计|相量测量,,,697,T0663|T0861|T0871,src/decision_guards.py
M463.transient,M463.transient,M463.transient,M463,电力系统暂态稳定,True,研究对象须匹配“电力系统暂态稳定”对应对象，且满足所列任务；多任务冲突保留复核。,sample_object_task_supported,"power.system|power.grid|electric.{0,12}grid|电网|电力系统|配电",transient.stability|暂态稳定,,,1165,T0663|T0523|T0278|T0916|T0861,src/decision_guards.py
M463.voltage,M463.voltage,M463.voltage,M463,电力系统电压稳定,True,研究对象须匹配“电力系统电压稳定”对应对象，且满足所列任务；多任务冲突保留复核。,sample_object_task_supported,"power.system|power.grid|electric.{0,12}grid|电网|电力系统|配电",voltage.stability|voltage.collapse|电压稳定|电压崩溃,,,930,T0398|T0663|T0523|T0830|T0533,src/decision_guards.py
M317.frequency,M317.frequency,M317.frequency,M317,电网频率控制,True,研究对象须匹配“电网频率控制”对应对象，且满足所列任务；多任务冲突保留复核。,sample_object_task_supported,"power.system|power.grid|electric.{0,12}grid|电网|电力系统|配电",frequency.control|frequency.regulation|load.frequency|频率控制|调频|负荷频率,,,1975,T0278|T0378|T0322|T0916|T0463|T0743|T0640|T0533|T0971|T0720,src/decision_guards.py
M221.reliability,M221.reliability,M221.reliability,M221,电力系统可靠性评估,True,研究对象须匹配“电力系统可靠性评估”对应对象，且满足所列任务；多任务冲突保留复核。,sample_object_task_supported,"power.system|power.grid|electric.{0,12}grid|电网|电力系统|配电",reliability.assessment|reliability.evaluation|可靠性评估|可靠性评价,,,429,T0523|T0481,src/decision_guards.py
M101.transformer,M101.transformer,M101.transformer,M101,变压器故障诊断,True,研究对象须匹配“变压器故障诊断”对应对象，且满足所列任务；多任务冲突保留复核。,sample_object_task_supported,transformer|变压器,fault|diagnos|故障|诊断,power.electronic.transformer|电力电子变压器,,2108,T0778|T0157|T0995|T0094|T0458|T0527|T0101|T0470|T0262|T0309,src/decision_guards.py
M101.line_fault,M101.line_fault,M101.line_fault,M101,输配电线路故障检测与定位,True,输配电线路的故障检测或定位；不包含电缆材料研究或雷电回击的抽象传输线模型。,sample_object_task_supported,transmission.line|distribution.line|power.line|输电线路|配电线路|电力线路,fault.locat|fault.detect|故障定位|故障检测,,,1392,T0164|T0214|T0771,src/decision_guards.py
M101.switchgear,M101.switchgear,M101.switchgear,M101,开关设备故障检测,True,研究对象须匹配“开关设备故障检测”对应对象，且满足所列任务；多任务冲突保留复核。,sample_object_task_supported,switchgear|circuit.breaker|开关柜|断路器,fault|diagnos|condition.monitor|故障|诊断|状态监测,,,372,T0420|T0778|T0995|T0263|T0242|T0164|T0960|T0617|T0537,src/decision_guards.py
M164.lightning,M164.lightning,M164.lightning,M164,输电线路雷击与防雷,True,研究对象须匹配“输电线路雷击与防雷”对应对象，且满足所列任务；多任务冲突保留复核。,sample_object_task_supported,transmission.line|power.line|输电线路|电力线路,lightning|雷击|防雷,,,760,T0436|T0064|T0896|T0191,src/decision_guards.py
M164.grounding,M164.grounding,M164.grounding,M164,电网接地与地网安全,True,研究对象须匹配“电网接地与地网安全”对应对象，且满足所列任务；多任务冲突保留复核。,sample_object_task_supported,grounding.grid|earthing.grid|grounding.system|接地网|接地系统,design|resistance|safety|设计|电阻|安全,,,207,T0764,src/decision_guards.py
M222.partial_discharge,M222.partial_discharge,M222.partial_discharge,M222,电气绝缘局部放电,True,研究对象须匹配“电气绝缘局部放电”对应对象，且满足所列任务；多任务冲突保留复核。,sample_object_task_supported,partial.discharge|局部放电,insulat|cable|transformer|绝缘|电缆|变压器,,,1808,T0475|T0051|T0262|T0222|T0592|T0698,src/decision_guards.py
M222.corona,M222.corona,M222.corona,M222,电晕放电与电晕损耗,True,研究对象须匹配“电晕放电与电晕损耗”对应对象，且满足所列任务；多任务冲突保留复核。,sample_object_task_supported,corona.discharge|corona.loss|电晕放电|电晕损耗,,,,846,T0222|T0626,src/decision_guards.py
M353.cyber,M353.cyber,M353.cyber,M353,智能电网网络攻击与安全,True,研究对象须匹配“智能电网网络攻击与安全”对应对象，且满足所列任务；多任务冲突保留复核。,sample_object_task_supported,smart.grid|power.grid|电网,cyber.attack|cyber.security|false.data.injection|网络攻击|网络安全|虚假数据注入,,,497,T0129|T0353|T0419|T0728|T0081,src/decision_guards.py
M353.resilience,M353.resilience,M353.resilience,M353,电网灾害韧性与恢复,True,研究对象须匹配“电网灾害韧性与恢复”对应对象，且满足所列任务；多任务冲突保留复核。,sample_object_task_supported,"power.system|power.grid|electric.{0,12}grid|电网|电力系统|配电",resilien|disaster|restoration|韧性|灾害|恢复供电,,,1055,T0073|T0523|T0896|T0806|T0191|T0157|T0640,src/decision_guards.py
M081.communication,M081.communication,M081.communication,M081,智能电网通信架构,True,研究对象须匹配“智能电网通信架构”对应对象，且满足所列任务；多任务冲突保留复核。,sample_object_task_supported,smart.grid|智能电网,communication|network.architecture|通信|网络架构,cyber|网络安全,,803,T0353|T0081|T0047|T0419,src/decision_guards.py
M119.plc,M119.plc,M119.plc,M119,电力线载波通信,True,研究对象须匹配“电力线载波通信”对应对象，且满足所列任务；多任务冲突保留复核。,sample_object_task_supported,power.line.communication|power.line.carrier|电力线载波|电力载波,,,,750,T0214|T0617|T0215,src/decision_guards.py
M446.metering,M446.metering,M446,M446,智能电表物联网与用能监测,False,研究对象须匹配“智能电表与用能监测”对应对象，且满足所列任务；多任务冲突保留复核。,sample_object_task_supported,smart.meter|energy.monitor|智能电表|用能监测,electric|energy|电|能,,,662,T0813,src/decision_guards.py
M123.carbon_dispatch,M123.carbon_dispatch,M123,M123,电力系统碳计量与低碳调度,False,研究对象须匹配“电力系统碳排放计量与调度”对应对象，且满足所列任务；多任务冲突保留复核。,sample_object_task_supported,"power.system|power.grid|electric.{0,12}grid|电网|电力系统|配电",carbon.emission|carbon.flow|low.carbon.dispatch|碳排放|碳流|低碳调度,,,220,T0839|T0531|T0359|T0397|T0306|T0248,src/decision_guards.py
M135.market_design,M135.market_design,M135.market_design,M135,电力市场机制与制度设计,True,研究对象须匹配“电力市场机制与制度设计”对应对象，且满足所列任务；多任务冲突保留复核。,sample_object_task_supported,electricity.market|power.market|电力市场,market.design|mechanism|market.reform|机制|制度|改革,,,515,T0135|T0175|T0080,src/decision_guards.py
M135.prosumer,M135.prosumer,M135.prosumer,M135,产消者能源交易,True,研究对象须匹配“产消者能源交易”对应对象，且满足所列任务；多任务冲突保留复核。,sample_object_task_supported,prosumer|产消者|peer.to.peer.energy|点对点能源交易,,,,967,T0684|T0669,src/decision_guards.py
M155.bidding,M155,M155,M155,电力交易竞价与市场优化,False,研究对象须匹配“电力交易竞价与报价”对应对象，且满足所列任务；多任务冲突保留复核。,sample_object_task_supported,electricity.market|power.market|电力市场|electricity.trad|电力交易,bidding|offer.strateg|竞价|报价,,,427,T0135|T0175|T0816,src/decision_guards.py
M212.isolated,M212.isolated,M212.isolated,M212,隔离型DC-DC变换器,True,研究对象须匹配“隔离型DC-DC变换器”对应对象，且满足所列任务；多任务冲突保留复核。,sample_object_task_supported,DC.DC|直流.直流|直流变换器,\bisolated\b|隔离,non.isolated|非隔离,,667,T0212|T0923|T0751,src/decision_guards.py
M212.nonisolated,M212.nonisolated,M212.nonisolated,M212,非隔离DC-DC变换器,True,研究对象须匹配“非隔离DC-DC变换器”对应对象，且满足所列任务；多任务冲突保留复核。,sample_object_task_supported,DC.DC|直流.直流|直流变换器,non.isolated|非隔离,,,423,T0212,src/decision_guards.py
M236.resonant,M236.resonant,M236.resonant,M236,谐振与软开关变换器,True,研究对象须匹配“谐振与软开关变换器”对应对象，且满足所列任务；多任务冲突保留复核。,sample_object_task_supported,converter|变换器|转换器,resonant|soft.switch|zero.voltage.switch|谐振|软开关|零电压开关,,,4795,T0507|T0945|T0310|T0589|T0026|T0537|T0751|T0315|T0683|T0184,src/decision_guards.py
M478.pfc,M478.pfc,M478.pfc,M478,功率因数校正电路与控制,True,研究对象须匹配“功率因数校正电路与控制”对应对象，且满足所列任务；多任务冲突保留复核。,sample_object_task_supported,power.factor.correction|功率因数校正|\bPFC\b,,,,3022,T0478|T0012|T0938|T0945|T0664|T0589|T0184|T0312,src/decision_guards.py
M485.multilevel,M485,M485,M485,多电平逆变器拓扑与调制,False,研究对象须匹配“多电平逆变器”对应对象，且满足所列任务；多任务冲突保留复核。,sample_object_task_supported,multilevel.inverter|multi.level.inverter|多电平逆变器,,,,3225,T0485|T0558|T0830|T0025|T0755|T0656|T0420,src/decision_guards.py
M315.power_semiconductor,M315.power_semiconductor,M315.power_semiconductor,M315,功率半导体器件,True,研究对象须匹配“功率半导体器件”对应对象，且满足所列任务；多任务冲突保留复核。,sample_object_task_supported,power.MOSFET|\bIGBT\b|power.semiconductor|功率半导体|功率MOSFET,device|switch|器件|开关,,,570,T0770|T0617|T0315|T0051|T0369|T0777|T0885|T0601,src/decision_guards.py
M012.packaging,M012.packaging,M012.packaging,M012,集成电路与功率模块封装,True,研究对象须匹配“集成电路与功率模块封装”对应对象，且满足所列任务；多任务冲突保留复核。,sample_object_task_supported,integrated.circuit|chip|power.module|集成电路|芯片|功率模块,packaging|encapsulat|封装,,,99,T0808|T0315|T0740,src/decision_guards.py
M302.fet,M302.fet,M302,M302,场效应晶体管结构与建模,False,研究对象须匹配“场效应晶体管结构与建模”对应对象，且满足所列任务；多任务冲突保留复核。,sample_object_task_supported,field.effect.transistor|场效应晶体管|MOSFET,model|structure|建模|结构,power.MOSFET|功率MOSFET,,1961,T0562|T0243|T0182|T0998|T0715|T0369|T0068,src/decision_guards.py
M337.fpga,M337.fpga,M337.fpga,M337,FPGA实时控制与硬件实现,True,研究对象须匹配“FPGA实时控制与硬件实现”对应对象，且满足所列任务；多任务冲突保留复核。,sample_object_task_supported,\bFPGA\b|现场可编程,control|implement|real.time|控制|实现|实时,,,546,T0337|T0303|T0716|T0025,src/decision_guards.py
M096.magnet_design,M096.magnet_design,M096.magnet_design,M096,永磁电机磁路与结构设计,True,研究对象须匹配“永磁电机磁路与结构设计”对应对象，且满足所列任务；多任务冲突保留复核。,sample_object_task_supported,permanent.magnet.motor|永磁电机|永磁同步电机,design|magnetic.circuit|rotor|设计|磁路|转子,,,233,T0577|T0016|T0559|T0276|T0337,src/decision_guards.py
M380.pmsm_control,M380.pmsm_control,M380.pmsm_control,M380,永磁同步电机控制,True,研究对象须匹配“永磁同步电机控制”对应对象，且满足所列任务；多任务冲突保留复核。,sample_object_task_supported,permanent.magnet.synchronous|\bPMSM\b|永磁同步,control|drive|控制|驱动,,,4373,T0276|T0380|T0797|T0577|T0559|T0558|T0337,src/decision_guards.py
M392.induction_control,M392,M392,M392,感应电机运行控制与性能,False,研究对象须匹配“感应与异步电机驱动控制”对应对象，且满足所列任务；多任务冲突保留复核。,sample_object_task_supported,induction.motor|asynchronous.motor|感应电机|异步电机,control|drive|控制|驱动,,,3592,T0030|T0076|T0392|T0963|T0558|T0909|T0200,src/decision_guards.py
M276.torque,M276.torque,M276.torque,M276,电机转矩脉动抑制,True,研究对象须匹配“电机转矩脉动抑制”对应对象，且满足所列任务；多任务冲突保留复核。,sample_object_task_supported,motor|电机,torque.ripple|cogging.torque|转矩脉动|齿槽转矩,,,448,T0392|T0016|T0380|T0848|T0322|T0548,src/decision_guards.py
M276.modulation,M276.modulation,M276.modulation,M276,电机驱动PWM与谐波控制,True,研究对象须匹配“电机驱动PWM与谐波控制”对应对象，且满足所列任务；多任务冲突保留复核。,sample_object_task_supported,motor|电机,PWM|pulse.width.modulation|harmonic|脉宽调制|谐波,,,851,T0200|T0558|T0392|T0051|T0797|T0396|T0276|T0312|T0016|T0420,src/decision_guards.py
M141.rotor,M141.rotor,M141.rotor,M141,电机转子结构与制造,True,研究对象须匹配“电机转子结构与制造”对应对象，且满足所列任务；多任务冲突保留复核。,sample_object_task_supported,motor|电机,rotor|转子,stator|定子,,350,T0724|T0963|T0559|T0492|T0610|T0982|T0484|T0284|T0848|T0615,src/decision_guards.py
M141.stator,M141.stator,M141.stator,M141,电机定子结构与制造,True,研究对象须匹配“电机定子结构与制造”对应对象，且满足所列任务；多任务冲突保留复核。,sample_object_task_supported,motor|电机,stator|定子,rotor|转子,,301,T0991|T0770|T0724|T0141|T0963|T0390|T0637|T0559|T0558|T0615,src/decision_guards.py
M492.winding,M492.winding,M492.winding,M492,电机绕组与线圈制造,True,研究对象须匹配“电机绕组与线圈制造”对应对象，且满足所列任务；多任务冲突保留复核。,sample_object_task_supported,motor|电机,winding|coil|绕组|线圈,,,17,T0246|T0141|T0770|T0390|T0396|T0577|T0559|T0475|T0848|T0492,src/decision_guards.py
M264.cover,M264.cover,M264.cover,M264,电池盖板、端子与密封结构,True,研究对象须匹配“电池盖板、端子与密封结构”对应对象，且满足所列任务；多任务冲突保留复核。,sample_object_task_supported,\bbatter(?:y|ies)\b|电池|电芯,cover.plate|terminal|cap.assembly|盖板|顶盖|极柱|端盖|密封,assembling.device|assembly.equipment|manufacturing.equipment|组装装置|制造设备|生产设备,,1230,T0264|T0551|T0379|T0836|T0864|T0077|T0759|T0565|T0252|T0612,src/decision_guards.py
M379.module,M379.module,M379.module,M379,电池模组与电池包装配结构,True,研究对象须匹配“电池模组与电池包装配结构”对应对象，且满足所列任务；多任务冲突保留复核。,sample_object_task_supported,battery.module|battery.pack|电池模组|电池包,structure|assembly|housing|frame|结构|装配|壳体|框架,clamp|fixture|工装|夹具,,581,T0551|T0379|T0252|T0612|T0565|T0836|T0077|T0461|T0759|T0000,src/decision_guards.py
M040.manufacturing,M040.manufacturing,M040.manufacturing,M040,电池装配工装与制造设备,True,研究对象须匹配“电池装配工装与制造设备”对应对象，且满足所列任务；多任务冲突保留复核。,sample_object_task_supported,\bbatter(?:y|ies)\b|电池|电芯,fixture|clamping|pressing.device|manufacturing.equipment|工装|夹具|压紧装置|加压装置|制造设备|组装装置,,,498,T0379|T0147|T0759|T0216,src/decision_guards.py
M007.coating,M007.coating,M007.coating,M007,电池电极涂布与辊压,True,研究对象须匹配“电池电极涂布与辊压”对应对象，且满足所列任务；多任务冲突保留复核。,sample_object_task_supported,\belectrodes?\b|\bbatter(?:y|ies)\b|电极|电池,coating|calender|涂布|辊压,electrodeposited|electrodeposition|电沉积,\bbatter(?:y|ies)\b|电池|电芯,187,T0147|T0723|T0776|T0760|T0646|T0850|T0473|T0341|T0414|T0658,src/decision_guards.py
M216.tab_welding,M216.tab_welding,M216.tab_welding,M216,电池极耳焊接,True,研究对象须匹配“电池极耳焊接”对应对象，且满足所列任务；多任务冲突保留复核。,sample_object_task_supported,\bbatter(?:y|ies)\b|电池|电芯,tab.weld|极耳焊接,earphone|耳机,,9,T0216,src/decision_guards.py
M277.cable_material,M277.cable_material,M277.cable_material,M277,电缆绝缘护套与导体结构,True,研究对象须匹配“电缆绝缘护套与导体结构”对应对象，且满足所列任务；多任务冲突保留复核。,sample_object_task_supported,cable|电缆,insulation|sheath|conductor|绝缘|护套|导体,,,2265,T0277|T0985|T0134|T0604|T0214|T0262|T0690|T0535|T0686,src/decision_guards.py
M390.cable_support,M390.cable_support,M390.cable_support,M390,电缆桥架与线束支撑,True,研究对象须匹配“电缆桥架与线束支撑”对应对象，且满足所列任务；多任务冲突保留复核。,sample_object_task_supported,cable|wiring.harness|电缆|线束,tray|support|fasten|桥架|支撑|固定,,,763,T0583|T0277|T0231|T0611|T0604|T0024|T0795|T0110|T0098|T0450,src/decision_guards.py
M134.connector,M134.connector,M134.connector,M134,电连接器与接线端子,True,研究对象须匹配“电连接器与接线端子”对应对象，且满足所列任务；多任务冲突保留复核。,descriptor_retrieval_only_not_sample_approved,electrical.connector|electric.connector|terminal.block|电连接器|接线端子,,,,84,T0134|T0808|T0811,src/decision_guards.py
M381.air_cooling,M381.air_cooling,M381.air_cooling,M381,电气设备风冷散热,True,研究对象须匹配“电气设备风冷散热”对应对象，且满足所列任务；多任务冲突保留复核。,sample_object_task_supported,electrical.equipment|power.electronic|motor|电气设备|电力电子|电机|配电柜,air.cooling|fan.cooling|风冷|风扇散热,,,42,T0381|T0615,src/decision_guards.py
M381.liquid_cooling,M381.liquid_cooling,M381.liquid_cooling,M381,电气设备液冷散热,True,研究对象须匹配“电气设备液冷散热”对应对象，且满足所列任务；多任务冲突保留复核。,descriptor_retrieval_only_not_sample_approved,electrical.equipment|power.electronic|motor|电气设备|电力电子|电机,liquid.cooling|液冷,battery|电池,,18,T0476|T0381|T0994,src/decision_guards.py
M194.temperature_control,M194.temperature_control,M194.temperature_control,M194,电气设备温度监测与控制,True,研究对象须匹配“电气设备温度监测与控制”对应对象，且满足所列任务；多任务冲突保留复核。,sample_object_task_supported,electrical.equipment|power.electronic|电气设备|电力电子|配电柜,temperature.control|temperature.monitor|温度控制|温度监测,,,11,T0989,src/decision_guards.py
M303.temperature_sensing,M303.temperature_sensing,M303.temperature_sensing,M303,温度传感与测量装置,True,研究对象须匹配“温度传感与测量装置”对应对象，且满足所列任务；多任务冲突保留复核。,sample_object_task_supported,temperature.sensor|temperature.measurement|温度传感|测温装置|温度测量,,,,427,T0989|T0369|T0994|T0948,src/decision_guards.py
M262.current,M262.current,M262.current,M262,电流检测与测量电路,True,研究对象须匹配“电流检测与测量电路”对应对象，且满足所列任务；多任务冲突保留复核。,sample_object_task_supported,current.sens|current.measurement|current.detection|电流检测|电流测量|电流传感,,,,426,T0802|T0309|T0370|T0415,src/decision_guards.py
M262.voltage,M262.voltage,M262.voltage,M262,电压检测与测量电路,True,研究对象须匹配“电压检测与测量电路”对应对象，且满足所列任务；多任务冲突保留复核。,sample_object_task_supported,voltage.sens|voltage.measurement|voltage.detection|电压检测|电压测量|电压传感,,,,393,T0262|T0285|T0037|T0895|T0415,src/decision_guards.py
M263.surge,M263.surge,M263.surge,M263,浪涌与过压保护电路,True,研究对象须匹配“浪涌与过压保护电路”对应对象，且满足所列任务；多任务冲突保留复核。,sample_object_task_supported,protection.circuit|protective.circuit|保护电路,surge|overvoltage|浪涌|过压,,,63,T0077,src/decision_guards.py
M263.leakage,M263.leakage,M263.leakage,M263,漏电与剩余电流保护,True,研究对象须匹配“漏电与剩余电流保护”对应对象，且满足所列任务；多任务冲突保留复核。,sample_object_task_supported,leakage.current|residual.current|漏电|剩余电流,protect|保护,,,166,T0707|T0613|T0262,src/decision_guards.py
M434.pv_cleaning,M434.pv_cleaning,M434.pv_cleaning,M434,光伏清扫机器人,True,研究对象须匹配“光伏清扫机器人”对应对象，且满足所列任务；多任务冲突保留复核。,descriptor_retrieval_only_not_sample_approved,robot|机器人,photovoltaic|solar.panel|光伏|太阳能板,inspection|巡检,,204,T0668|T0744|T0418,src/decision_guards.py
M434.substation_robot,M434.substation_robot,M434.substation_robot,M434,变电站巡检机器人,True,研究对象须匹配“变电站巡检机器人”对应对象，且满足所列任务；多任务冲突保留复核。,sample_object_task_supported,robot|机器人,substation|变电站,,,133,T0668|T0744|T0763,src/decision_guards.py
M003.offshore_economics,M003.offshore_economics,M003.offshore_economics,M003,海上风电开发与技术经济,True,研究对象须匹配“海上风电开发与技术经济”对应对象，且满足所列任务；多任务冲突保留复核。,sample_object_task_supported,offshore.wind|海上风电,econom|cost|development|经济|成本|开发,,,337,T0003|T0100|T0645|T0444,src/decision_guards.py
M003.wind_resources,M003.wind_resources,M003.wind_resources,M003,风能资源评估与选址,True,研究对象须匹配“风能资源评估与选址”对应对象，且满足所列任务；多任务冲突保留复核。,sample_object_task_supported,wind.resource|wind.energy|风能资源|风能,assessment|potential|site.selection|评估|潜力|选址,,,1906,T0003,src/decision_guards.py
M325.floating_wind,M325.floating_wind,M325.floating_wind,M325,漂浮式海上风电平台,True,研究对象须匹配“漂浮式海上风电平台”对应对象，且满足所列任务；多任务冲突保留复核。,sample_object_task_supported,floating.offshore.wind|floating.wind.turbine|漂浮式海上风电|浮式风机|浮式风电,,,,2496,T0190|T0404|T0120,src/decision_guards.py
M120.wave_energy,M120.wave_energy,M120.wave_energy,M120,波浪能转换装置,True,研究对象须匹配“波浪能转换装置”对应对象，且满足所列任务；多任务冲突保留复核。,sample_object_task_supported,wave.energy.converter|wave.energy.device|波浪能转换|波浪能装置,,,,3151,T0831|T0325,src/decision_guards.py
M397.hydropower_dispatch,M397.hydropower_dispatch,M397.hydropower_dispatch,M397,水电站运行调度,True,研究对象须匹配“水电站运行调度”对应对象，且满足所列任务；多任务冲突保留复核。,sample_object_task_supported,hydropower|hydroelectric|水电站|水力发电,dispatch|scheduling|operation|调度|运行,,,451,T0904|T0887|T0082|T0497|T0905|T0364|T0309|T0157,src/decision_guards.py
M397.turbines,M397.turbines,M397.turbines,M397,水轮机性能与设计,True,研究对象须匹配“水轮机性能与设计”对应对象，且满足所列任务；多任务冲突保留复核。,sample_object_task_supported,hydraulic.turbine|hydro.turbine|water.turbine|水轮机,performance|design|性能|设计,,,475,T0120|T0596|T0878|T0633|T0111|T0809|T0925|T0921,src/decision_guards.py
M116.refrigerants,M116.refrigerants,M116.refrigerants,M116,制冷工质及其热物性,True,研究对象须匹配“制冷工质及其热物性”对应对象，且满足所列任务；多任务冲突保留复核。,descriptor_retrieval_only_not_sample_approved,refrigerant|制冷剂|制冷工质,propert|mixture|物性|混合|替代,,,49,T0288|T0194|T0097,src/decision_guards.py
M116.compression,M116.compression,M116.compression,M116,蒸汽压缩制冷循环,True,研究对象须匹配“蒸汽压缩制冷循环”对应对象，且满足所列任务；多任务冲突保留复核。,keyword_candidate_only,vapor.compression|vapour.compression|蒸汽压缩,refrigerat|heat.pump|制冷|热泵,,,439,T0518|T0343,src/decision_guards.py
M306.absorption,M306.absorption,M306.absorption,M306,吸收式制冷循环,True,研究对象须匹配“吸收式制冷循环”对应对象，且满足所列任务；多任务冲突保留复核。,keyword_candidate_only,absorption.refrigerat|absorption.chill|吸收式制冷|吸收式冷,,,,1098,T0518|T0343,src/decision_guards.py
M306.adsorption,M306.adsorption,M306.adsorption,M306,吸附式制冷循环,True,研究对象须匹配“吸附式制冷循环”对应对象，且满足所列任务；多任务冲突保留复核。,sample_object_task_supported,adsorption.refrigerat|adsorption.chill|吸附式制冷|吸附式冷,,,,209,T0343,src/decision_guards.py
M254.district,M254.district,M254.district,M254,区域供热供冷系统,True,研究对象须匹配“区域供热供冷系统”对应对象，且满足所列任务；多任务冲突保留复核。,sample_object_task_supported,district.heat|district.cool|区域供热|区域供冷|集中供热,,,,3336,T0211|T0171|T0538|T0922|T0254|T0679,src/decision_guards.py
M288.ground_heat_pump,M288.ground_heat_pump,M288.ground_heat_pump,M288,地源热泵与地埋换热器,True,研究对象须匹配“地源热泵与地埋换热器”对应对象，且满足所列任务；多任务冲突保留复核。,sample_object_task_supported,ground.source.heat.pump|ground.heat.exchanger|borehole.heat.exchanger|地源热泵|地埋换热器,,,,3555,T0211|T0647|T0712|T0511|T0061,src/decision_guards.py
M288.air_heat_pump,M288.air_heat_pump,M288.air_heat_pump,M288,空气源热泵,True,研究对象须匹配“空气源热泵”对应对象，且满足所列任务；多任务冲突保留复核。,sample_object_task_supported,air.source.heat.pump|空气源热泵,,,,653,T0712|T0546,src/decision_guards.py
M252.orc,M252.orc,M252.orc,M252,有机朗肯循环发电,True,有机朗肯循环发电及其热力过程；热源不限定为余热。,sample_object_task_supported,organic.rankine|有机朗肯,,,,2359,T0984|T0647|T0881,src/decision_guards.py
M252.brayton,M252.brayton,M252.brayton,M252,超临界二氧化碳布雷顿循环,True,研究对象须匹配“超临界二氧化碳布雷顿循环”对应对象，且满足所列任务；多任务冲突保留复核。,sample_object_task_supported,supercritical.CO2|supercritical.carbon.dioxide|超临界二氧化碳,brayton|cycle|布雷顿|循环,,,413,T0984|T0165,src/decision_guards.py
M477.latent,M477.latent,M477.latent,M477,潜热储热系统,True,研究对象须匹配“潜热储热系统”对应对象，且满足所列任务；多任务冲突保留复核。,sample_object_task_supported,thermal.energy.storage|heat.storage|储热,latent.heat|phase.change|潜热|相变,,,5237,T0050|T0477|T0435|T0116|T0254|T0267|T0333|T0371,src/decision_guards.py
M477.thermochemical,M477.thermochemical,M477.thermochemical,M477,热化学储热系统,True,研究对象须匹配“热化学储热系统”对应对象，且满足所列任务；多任务冲突保留复核。,descriptor_retrieval_only_not_sample_approved,thermochemical.heat.storage|thermochemical.energy.storage|热化学储热,,,,695,T0979|T0050|T0267,src/decision_guards.py
M311.heat_exchanger,M311.heat_exchanger,M311.heat_exchanger,M311,换热器结构与传热强化,True,研究对象须匹配“换热器结构与传热强化”对应对象，且满足所列任务；多任务冲突保留复核。,sample_object_task_supported,heat.exchanger|换热器,heat.transfer|enhanc|design|传热|强化|设计,ground|地埋|borehole|钻孔,,1386,T0050|T0511|T0311,src/decision_guards.py
M097.building_cooling,M097.building_cooling,M097.building_cooling,M097,建筑冷却与被动降温,True,研究对象须匹配“建筑冷却与被动降温”对应对象，且满足所列任务；多任务冲突保留复核。,descriptor_retrieval_only_not_sample_approved,building|建筑,passive.cooling|radiative.cooling|被动冷却|辐射降温|被动降温,,,106,T0635|T0749|T0097,src/decision_guards.py
M455.retrofit,M455.retrofit,M455.retrofit,M455,建筑节能改造,True,研究对象须匹配“建筑节能改造”对应对象，且满足所列任务；多任务冲突保留复核。,sample_object_task_supported,building|建筑,energy.retrofit|energy.renovation|节能改造,,,9,T0413,src/decision_guards.py
M455.hvac,M455.hvac,M455.hvac,M455,建筑暖通空调能耗,True,研究对象须匹配“建筑暖通空调能耗”对应对象，且满足所列任务；多任务冲突保留复核。,sample_object_task_supported,building|建筑,HVAC|heating.ventilation|暖通空调|空调能耗,,,282,T0331|T0538|T0155,src/decision_guards.py
M230.industrial_audit,M230.industrial_audit,M230.industrial_audit,M230,工业能源审计与节能评估,True,研究对象须匹配“工业能源审计与节能评估”对应对象，且满足所列任务；多任务冲突保留复核。,sample_object_task_supported,industrial|industry|工厂|工业,energy.audit|energy.efficiency.assessment|energy.saving|能源审计|能效评估|节能,,,274,T0230|T0155|T0287|T0320|T0490|T0748|T0454|T0980,src/decision_guards.py
M211.exploration,M211.exploration,M211.exploration,M211,地热资源勘探与储层建模,True,研究对象须匹配“地热资源勘探与储层建模”对应对象，且满足所列任务；多任务冲突保留复核。,sample_object_task_supported,geothermal|地热,explorat|reservoir|geophysical|geochem|勘探|储层|地球物理|地球化学,,,1522,T0641|T0187|T0538|T0188,src/decision_guards.py
M211.utilization,M211.utilization,M211.utilization,M211,地热供热与发电利用,True,研究对象须匹配“地热供热与发电利用”对应对象，且满足所列任务；多任务冲突保留复核。,sample_object_task_supported,geothermal|地热,power.plant|district.heat|energy.utili|发电|供热|能源利用,,,645,T0538|T0211|T0435|T0188,src/decision_guards.py
M103.gas_turbine,M103.gas_turbine,M103.gas_turbine,M103,燃气轮机热力性能,True,研究对象须匹配“燃气轮机热力性能”对应对象，且满足所列任务；多任务冲突保留复核。,sample_object_task_supported,gas.turbine|燃气轮机,thermal|performance|cycle|热力|性能|循环,,,1773,T0430|T0103|T0067|T0597|T0165|T0907|T0621,src/decision_guards.py
M430.diesel,M430.diesel,M430.diesel,M430,柴油机燃烧与排放,True,研究对象须匹配“柴油机燃烧与排放”对应对象，且满足所列任务；多任务冲突保留复核。,sample_object_task_supported,diesel.engine|柴油机,combustion|emission|燃烧|排放,,,593,T0430|T0783,src/decision_guards.py
M430.dual_fuel,M430.dual_fuel,M430.dual_fuel,M430,双燃料发动机,True,研究对象须匹配“双燃料发动机”对应对象，且满足所列任务；多任务冲突保留复核。,descriptor_retrieval_only_not_sample_approved,dual.fuel.engine|双燃料发动机,,,,105,T0430|T0462|T0103,src/decision_guards.py
M385.boiler,M385.boiler,M385.boiler,M385,电站锅炉运行与燃烧,True,研究对象须匹配“电站锅炉运行与燃烧”对应对象，且满足所列任务；多任务冲突保留复核。,descriptor_retrieval_only_not_sample_approved,power.plant.boiler|utility.boiler|电站锅炉,operation|combustion|运行|燃烧,,,84,T0726|T0330|T0597,src/decision_guards.py
M385.steam_turbine,M385.steam_turbine,M385.steam_turbine,M385,汽轮机运行与热力性能,True,研究对象须匹配“汽轮机运行与热力性能”对应对象，且满足所列任务；多任务冲突保留复核。,sample_object_task_supported,steam.turbine|汽轮机,operation|performance|运行|性能,,,318,T0462|T0385,src/decision_guards.py
M045.coal_gasification,M045.coal_gasification,M045.coal_gasification,M045,煤气化工艺与反应,True,研究对象须匹配“煤气化工艺与反应”对应对象，且满足所列任务；多任务冲突保留复核。,sample_object_task_supported,coal.gasification|coal.gasifier|煤气化,,,,1126,T0590|T0045|T0397|T0854,src/decision_guards.py
M042.gas_hydrate,M042.gas_hydrate,M042.gas_hydrate,M042,天然气水合物生成与分解,True,研究对象须匹配“天然气水合物生成与分解”对应对象，且满足所列任务；多任务冲突保留复核。,sample_object_task_supported,gas.hydrate|methane.hydrate|天然气水合物|甲烷水合物,formation|dissociation|生成|分解,,,607,T0114|T0571|T0665|T0713,src/decision_guards.py
M386.gas_network,M386.gas_network,M386.gas_network,M386,天然气管网优化运行,True,研究对象须匹配“天然气管网优化运行”对应对象，且满足所列任务；多任务冲突保留复核。,descriptor_retrieval_only_not_sample_approved,natural.gas.network|gas.pipeline|天然气管网|输气管道,optimization|operation|优化|运行,,,121,T0299|T0165|T0386,src/decision_guards.py
M032.oil_price,M032.oil_price,M032.oil_price,M032,石油价格与市场经济,True,研究对象须匹配“石油价格与市场经济”对应对象，且满足所列任务；多任务冲突保留复核。,keyword_candidate_only,oil.price|petroleum.price|油价|石油价格,,,,2430,T0032,src/decision_guards.py
M032.oil_industry,M032.oil_industry,M032.oil_industry,M032,石油产业投资与经营,True,研究对象须匹配“石油产业投资与经营”对应对象，且满足所列任务；多任务冲突保留复核。,descriptor_retrieval_only_not_sample_approved,oil.industry|petroleum.industry|石油产业|石油行业,investment|management|投资|经营,,,23,T0065|T0032|T0840,src/decision_guards.py
M290.fission,M290.fission,M290.fission,M290,核裂变反应堆工程,True,研究对象须匹配“核裂变反应堆工程”对应对象，且满足所列任务；多任务冲突保留复核。,sample_object_task_supported,fission.reactor|nuclear.fission|light.water.reactor|核裂变|轻水堆|压水堆,,,,71,T0694|T0261|T0168,src/decision_guards.py
M290.fusion,M290.fusion,M290.fusion,M290,核聚变装置工程,True,研究对象须匹配“核聚变装置工程”对应对象，且满足所列任务；多任务冲突保留复核。,sample_object_task_supported,fusion.reactor|fusion.device|tokamak|聚变堆|聚变装置|托卡马克,,diagnos|imaging|lost.alpha|诊断|成像,,1050,T0694|T0504|T0937|T0028|T0122|T0205|T0064|T0416|T0323|T0302,src/decision_guards.py
M182.beam,M182.beam,M182.beam,M182,聚变加热与中性束注入,True,研究对象须匹配“聚变加热与中性束注入”对应对象，且满足所列任务；多任务冲突保留复核。,sample_object_task_supported,fusion|tokamak|聚变|托卡马克,neutral.beam|heating|中性束|加热,,,202,T0288|T0213|T0090|T0028|T0564,src/decision_guards.py
M323.mhd,M323.mhd,M323.mhd,M323,磁约束等离子体MHD稳定性,True,研究对象须匹配“磁约束等离子体MHD稳定性”对应对象，且满足所列任务；多任务冲突保留复核。,sample_object_task_supported,plasma|等离子体,magnetohydrodynamic|MHD.stability|磁流体|MHD稳定,,,91,T0099|T0457|T0016|T0122,src/decision_guards.py
M391.irradiation,M391.irradiation,M391.irradiation,M391,核结构材料辐照损伤,True,研究对象须匹配“核结构材料辐照损伤”对应对象，且满足所列任务；多任务冲突保留复核。,descriptor_retrieval_only_not_sample_approved,steel|tungsten|structural.material|钢|钨|结构材料,irradiation.damage|radiation.damage|辐照损伤,,,155,T0965|T0391|T0290,src/decision_guards.py
M457.astrophysics,M457.astrophysics,M457.astrophysics,M457,天体等离子体与磁重联,True,研究对象须匹配“天体等离子体与磁重联”对应对象，且满足所列任务；多任务冲突保留复核。,sample_object_task_supported,astrophysic|solar.wind|magnetosphere|天体|太阳风|磁层,plasma|reconnection|等离子体|磁重联,,,163,T0457|T0564,src/decision_guards.py
M267.deicing,M267.deicing,M267.deicing,M267,电力设施覆冰与除冰,True,研究对象须匹配“电力设施覆冰与除冰”对应对象，且满足所列任务；多任务冲突保留复核。,sample_object_task_supported,power.line|wind.turbine|电力线路|输电线路|风机,icing|de.icing|覆冰|除冰,,,147,T0874|T0639|T0972|T0599,src/decision_guards.py
M460.irrigation,M460.irrigation,M460.irrigation,M460,灌溉水资源优化调度,True,研究对象须匹配“灌溉水资源优化调度”对应对象，且满足所列任务；多任务冲突保留复核。,keyword_candidate_only,irrigation|灌溉,water.resource|scheduling|optimization|水资源|调度|优化,,,58,T0460|T0905,src/decision_guards.py
M328.forest_management,M328.forest_management,M328.forest_management,M328,森林资源经营与碳汇,True,研究对象须匹配“森林资源经营与碳汇”对应对象，且满足所列任务；多任务冲突保留复核。,sample_object_task_supported,forest|森林,management|carbon.sequestration|经营|碳汇,,,1373,T0328|T0143,src/decision_guards.py
M467.wood_processing,M467.wood_processing,M467.wood_processing,M467,木材加工与干燥,True,研究对象须匹配“木材加工与干燥”对应对象，且满足所列任务；多任务冲突保留复核。,descriptor_retrieval_only_not_sample_approved,wood|timber|木材,processing|drying|加工|干燥,,,326,T0467|T0993|T0328,src/decision_guards.py
M432.adaptation,M432.adaptation,M432.adaptation,M432,气候变化适应与风险,True,研究对象须匹配“气候变化适应与风险”对应对象，且满足所列任务；多任务冲突保留复核。,sample_object_task_supported,climate.change|气候变化,adaptation|vulnerability|climate.risk|适应|脆弱性|气候风险,,,1074,T0594,src/decision_guards.py
M432.mitigation,M432.mitigation,M432.mitigation,M432,气候变化减缓政策,True,研究对象须匹配“气候变化减缓政策”对应对象，且满足所列任务；多任务冲突保留复核。,sample_object_task_supported,climate.change|climate.policy|气候变化|气候政策,mitigation|减缓|减排,adaptation|适应,,1129,T0594|T0219|T0490,src/decision_guards.py
M219.international,M219.international,M219.international,M219,国际气候协定与治理,True,研究对象须匹配“国际气候协定与治理”对应对象，且满足所列任务；多任务冲突保留复核。,keyword_candidate_only,climate|气候,Paris.agreement|UNFCCC|international.negotiation|巴黎协定|国际谈判|国际治理,,,371,T0908,src/decision_guards.py
M266.green_finance,M266.green_finance,M266.green_finance,M266,绿色金融与能源投资,True,研究对象须匹配“绿色金融与能源投资”对应对象，且满足所列任务；多任务冲突保留复核。,sample_object_task_supported,green.finance|green.bond|绿色金融|绿色债券,,,,968,T0240|T0555,src/decision_guards.py
M499.energy_poverty,M499.energy_poverty,M499.energy_poverty,M499,能源贫困与能源可及性,True,研究对象须匹配“能源贫困与能源可及性”对应对象，且满足所列任务；多任务冲突保留复核。,keyword_candidate_only,energy.poverty|energy.access|能源贫困|能源可及,,,,1076,T0622,src/decision_guards.py
M171.energy_security,M171.energy_security,M171.energy_security,M171,能源安全与转型战略,True,研究对象须匹配“能源安全与转型战略”对应对象，且满足所列任务；多任务冲突保留复核。,sample_object_task_supported,energy.security|能源安全,transition|strateg|转型|战略,,,323,T0149|T0499|T0319|T0209,src/decision_guards.py
M319.regional_carbon,M319.regional_carbon,M319.regional_carbon,M319,中国区域低碳经济与碳效率,True,研究对象须匹配“中国区域低碳经济与碳效率”对应对象，且满足所列任务；多任务冲突保留复核。,descriptor_retrieval_only_not_sample_approved,China|Chinese|中国|省域|城市群,carbon.efficiency|low.carbon.econom|碳效率|低碳经济,,,148,T0539|T0555|T0319,src/decision_guards.py
M132.emissions_trading,M132.emissions_trading,M132.emissions_trading,M132,碳排放交易机制,True,研究对象须匹配“碳排放交易机制”对应对象，且满足所列任务；多任务冲突保留复核。,sample_object_task_supported,emissions.trading|carbon.trading|碳排放交易|碳交易,,,,2766,T0039|T0539|T0928|T0123|T0531|T0132|T0555,src/decision_guards.py
M065.carbon_tax,M065.carbon_tax,M065.carbon_tax,M065,碳税与环境税费,True,研究对象须匹配“碳税与环境税费”对应对象，且满足所列任务；多任务冲突保留复核。,sample_object_task_supported,carbon.tax|environmental.tax|碳税|环境税,,,,2666,T0039|T0928|T0539|T0240,src/decision_guards.py
M065.subsidy,M065.subsidy,M065.subsidy,M065,可再生能源补贴机制,True,研究对象须匹配“可再生能源补贴机制”对应对象，且满足所列任务；多任务冲突保留复核。,sample_object_task_supported,renewable.energy|solar|wind|可再生能源|光伏|风电,subsid|补贴,,,120,T0867|T0445|T0275,src/decision_guards.py
M053.transmission_tariff,M053.transmission_tariff,M053.transmission_tariff,M053,输配电价监管政策,True,研究对象须匹配“输配电价监管政策”对应对象，且满足所列任务；多任务冲突保留复核。,sample_object_task_supported,输配电价|transmission.tariff|distribution.tariff,通知|监管|regulat|policy,,,55,T0053|T0619|T0651,src/decision_guards.py
M053.retail_tariff,M053.retail_tariff,M053.retail_tariff,M053,销售电价与用户电费政策,True,研究对象须匹配“销售电价与用户电费政策”对应对象，且满足所列任务；多任务冲突保留复核。,sample_object_task_supported,销售电价|工商业电价|居民电价|retail.electricity.tariff,通知|政策|policy|regulat,,,83,T0053|T0619|T0651|T0856,src/decision_guards.py
M364.charging_policy,M364.charging_policy,M364.charging_policy,M364,充电基础设施建设政策,True,研究对象须匹配“充电基础设施建设政策”对应对象，且满足所列任务；多任务冲突保留复核。,sample_object_task_supported,充电基础设施|充电桩|充电站,通知|意见|办法|规划|政策,,,60,T0719|T0253,src/decision_guards.py
M364.utility_connection,M364.utility_connection,M364.utility_connection,M364,公用事业接入与收费政策,True,研究对象须匹配“公用事业接入与收费政策”对应对象，且满足所列任务；多任务冲突保留复核。,sample_object_task_supported,供水|供电|供气|公用事业,接入|接网|报装|收费,充电,,40,T0053|T0364|T0005,src/decision_guards.py
M336.energy_label,M336.energy_label,M336.energy_label,M336,能效标识与产品能效政策,True,研究对象须匹配“能效标识与产品能效政策”对应对象，且满足所列任务；多任务冲突保留复核。,descriptor_retrieval_only_not_sample_approved,能效标识|能效标准|energy.label,通知|办法|标准|regulat,,,0,T0767|T0756|T0852,src/decision_guards.py
M005.grid_construction,M005.grid_construction,M005,M005,电网建设与供电服务政策,False,研究对象须匹配“电网建设与供电服务政策”对应对象，且满足所列任务；多任务冲突保留复核。,descriptor_retrieval_only_not_sample_approved,电网建设|供电服务|农网改造,通知|意见|办法|规划,,,12,T0005|T0970|T0055,src/decision_guards.py
M287.standards,M287.standards,M287.standards,M287,能源电力标准化政策,True,研究对象须匹配“能源电力标准化政策”对应对象，且满足所列任务；多任务冲突保留复核。,sample_object_task_supported,能源|电力,标准化|行业标准|国家标准,,,71,T0287|T0155|T0080|T0606|T0358|T0857|T0600|T0387|T0117|T0446,src/decision_guards.py
M217.electrical_safety,M217.electrical_safety,M217.electrical_safety,M217,电气安全与触电风险,True,研究对象须匹配“电气安全与触电风险”对应对象，且满足所列任务；多任务冲突保留复核。,sample_object_task_supported,electrical.safety|electric.shock|电气安全|触电,,,,441,T0217|T0721|T0807|T0896|T0853,src/decision_guards.py
M459.risk_warning,M459.risk_warning,M459.risk_warning,M459,电力设备风险预警,True,研究对象须匹配“电力设备风险预警”对应对象，且满足所列任务；多任务冲突保留复核。,sample_object_task_supported,电力|电网|power.system,risk.warning|risk.assessment|风险预警|风险评估,,,6,T0896|T0129|T0902|T0175|T0358,src/decision_guards.py
M011.dielectric_storage,M011.dielectric_storage,M011.dielectric_storage,M011,聚合物介电储能,True,研究对象须匹配“聚合物介电储能”对应对象，且满足所列任务；多任务冲突保留复核。,descriptor_retrieval_only_not_sample_approved,polymer|聚合物,dielectric.energy.storage|energy.storage.density|介电储能|储能密度,,,4,T0586|T0121|T0646,src/decision_guards.py
M011.electrical_insulation,M011.electrical_insulation,M011.electrical_insulation,M011,聚合物电气绝缘,True,研究对象须匹配“聚合物电气绝缘”对应对象，且满足所列任务；多任务冲突保留复核。,descriptor_retrieval_only_not_sample_approved,polymer|聚合物,electrical.insulation|dielectric.breakdown|电气绝缘|介电击穿,,,49,T0586|T0703|T0121,src/decision_guards.py
M068.gan,M068.gan,M068.gan,M068,氮化镓功率与结器件,True,研究对象须匹配“氮化镓功率与结器件”对应对象，且满足所列任务；多任务冲突保留复核。,sample_object_task_supported,gallium.nitride|\bGaN\b|氮化镓,transistor|HEMT|power.device|晶体管|功率器件,,,3162,T0182|T0236|T0369,src/decision_guards.py
M429.sic,M429,M429,M429,碳化硅功率半导体器件,False,研究对象须匹配“碳化硅功率器件”对应对象，且满足所列任务；多任务冲突保留复核。,sample_object_task_supported,silicon.carbide|\bSiC\b|碳化硅,MOSFET|power.device|Schottky.diode|功率器件|肖特基,,,3368,T0429|T0315|T0895|T0369|T0715|T0998,src/decision_guards.py
M152.sic_ceramic,M152.sic_ceramic,M152.sic_ceramic,M152,碳化硅陶瓷结构材料,True,研究对象须匹配“碳化硅陶瓷结构材料”对应对象，且满足所列任务；多任务冲突保留复核。,sample_object_task_supported,silicon.carbide|\bSiC\b|碳化硅,ceramic|sinter|陶瓷|烧结,MOSFET|power.device|功率器件,,1245,T0911|T0885|T0472|T0729|T0241,src/decision_guards.py
M198.copper_thermoelectric,M198.copper_thermoelectric,M198.copper_thermoelectric,M198,铜基热电材料,True,研究对象须匹配“铜基热电材料”对应对象，且满足所列任务；多任务冲突保留复核。,sample_object_task_supported,copper|Cu2Se|Cu2S|铜基|硒化铜|硫化铜,thermoelectric|热电,,,536,T0102,src/decision_guards.py
M121.thermoelectric,M121,M121,M121,热电材料与热电性能优化,False,研究对象须匹配“热电材料性能调控”对应对象，且满足所列任务；多任务冲突保留复核。,sample_object_task_supported,thermoelectric.material|thermoelectric.propert|热电材料|热电性能,Seebeck|ZT|figure.of.merit|掺杂|doping|塞贝克,,,860,T0747|T0845|T0102|T0198|T0170|T0241,src/decision_guards.py
M251.permanent_magnet,M251.permanent_magnet,M251.permanent_magnet,M251,永磁材料与磁性设计,True,研究对象须匹配“永磁材料与磁性设计”对应对象，且满足所列任务；多任务冲突保留复核。,descriptor_retrieval_only_not_sample_approved,permanent.magnet.material|NdFeB|Nd.Fe.B|永磁材料|钕铁硼,,,,397,T0634|T0180|T0096,src/decision_guards.py
M251.soft_magnetic,M251.soft_magnetic,M251.soft_magnetic,M251,软磁材料与磁损耗,True,研究对象须匹配“软磁材料与磁损耗”对应对象，且满足所列任务；多任务冲突保留复核。,sample_object_task_supported,soft.magnetic|软磁,loss|propert|损耗|性能,,,57,T0892|T0660|T0293|T0425,src/decision_guards.py
M202.triboelectric,M202.triboelectric,M202.triboelectric,M202,摩擦纳米发电机,True,研究对象须匹配“摩擦纳米发电机”对应对象，且满足所列任务；多任务冲突保留复核。,sample_object_task_supported,triboelectric.nanogenerator|摩擦纳米发电机,,,,2009,T0084|T0741,src/decision_guards.py
M016.piezoelectric,M016.piezoelectric,M016.piezoelectric,M016,压电能量采集,True,研究对象须匹配“压电能量采集”对应对象，且满足所列任务；多任务冲突保留复核。,sample_object_task_supported,piezoelectric|压电,energy.harvest|能量采集,,,657,T0317|T0084,src/decision_guards.py
M016.electromagnetic,M016.electromagnetic,M016.electromagnetic,M016,电磁能量采集,True,研究对象须匹配“电磁能量采集”对应对象，且满足所列任务；多任务冲突保留复核。,sample_object_task_supported,electromagnetic|电磁,energy.harvest|能量采集,,,481,T0317|T0026,src/decision_guards.py
M113.water_harvesting,M113.water_harvesting,M113.water_harvesting,M113,大气集水与雾水采集,True,研究对象须匹配“大气集水与雾水采集”对应对象，且满足所列任务；多任务冲突保留复核。,sample_object_task_supported,atmospheric.water.harvest|fog.harvest|大气集水|空气取水|雾水采集,,,,62,T0863,src/decision_guards.py
M113.oil_water,M113.oil_water,M113.oil_water,M113,油水分离界面与膜材料,True,研究对象须匹配“油水分离界面与膜材料”对应对象，且满足所列任务；多任务冲突保留复核。,keyword_candidate_only,oil.water.separat|油水分离,,,,460,T0113,src/decision_guards.py
M193.lithium_extraction,M193.lithium_extraction,M193.lithium_extraction,M193,锂资源提取与分离,True,研究对象须匹配“锂资源提取与分离”对应对象，且满足所列任务；多任务冲突保留复核。,sample_object_task_supported,lithium|锂,extraction|extracting|separation|提取|提锂|分离,spent.batter|废旧电池|recycl|回收,,2185,T0301|T0782|T0793|T0006|T0646|T0695|T0893|T0508|T0632|T0375,src/decision_guards.py
M373.uranium,M373.uranium,M373.uranium,M373,铀钍提取与分离,True,研究对象须匹配“铀钍提取与分离”对应对象，且满足所列任务；多任务冲突保留复核。,sample_object_task_supported,uranium|thorium|铀|钍,extraction|separation|adsorption|提取|分离|吸附,,,1156,T0261,src/decision_guards.py
M373.rare_earth,M373.rare_earth,M373.rare_earth,M373,稀土元素提取分离,True,研究对象须匹配“稀土元素提取分离”对应对象，且满足所列任务；多任务冲突保留复核。,sample_object_task_supported,rare.earth|稀土,extraction|separation|提取|分离,,,1335,T0344|T0448|T0261|T0880|T0956|T0892,src/decision_guards.py
M339.cobalt_oer,M154,M154,M154,电解水析氧催化,False,研究对象须匹配“钴基材料析氧催化”对应对象，且满足所列任务；多任务冲突保留复核。,sample_object_task_supported,cobalt|Co3O4|钴,oxygen.evolution|析氧,oxygen.reduction|氧还原,,686,T0697|T0682|T0281|T0761|T0036,src/decision_guards.py
M145.iron_orr,M363,M363,M363,非贵金属氧还原电催化材料,False,研究对象须匹配“铁基材料氧还原催化”对应对象，且满足所列任务；多任务冲突保留复核。,sample_object_task_supported,iron|Fe.N.C|铁基|铁氮碳,oxygen.reduction|氧还原,,,829,T0739|T0978,src/decision_guards.py
M265.single_atom_orr,M363,M363,M363,非贵金属氧还原电催化材料,False,研究对象须匹配“单原子氧还原催化剂”对应对象，且满足所列任务；多任务冲突保留复核。,sample_object_task_supported,single.atom|单原子,oxygen.reduction|氧还原,,,44,T0739|T0289|T0574,src/decision_guards.py
M125.gcn_h2,M010.photocatalytic_h2,M010.photocatalytic_h2,M010,光催化制氢,True,研究对象须匹配“光催化制氢”对应对象，且满足所列任务；多任务冲突保留复核。,sample_object_task_supported,carbon.nitride|g.C3N4|氮化碳,photocatalytic.hydrogen|光催化制氢|光催化析氢,,,418,T0474|T0920|T0933|T0542,src/decision_guards.py
M127.graphene_membrane,M127.graphene_membrane,M127.graphene_membrane,M127,石墨烯分离膜,True,研究对象须匹配“石墨烯分离膜”对应对象，且满足所列任务；多任务冲突保留复核。,sample_object_task_supported,graphene|石墨烯,separation.membrane|desalination|分离膜|海水淡化,,,2,T0986,src/decision_guards.py
M127.graphene_composite,M127.graphene_composite,M127.graphene_composite,M127,石墨烯结构复合材料,True,研究对象须匹配“石墨烯结构复合材料”对应对象，且满足所列任务；多任务冲突保留复核。,sample_object_task_supported,graphene|石墨烯,mechanical.propert|reinforcement|力学性能|增强,electrode|battery|supercapacitor|电极|电池|超级电容,,98,T0666|T0536,src/decision_guards.py
M462.hydraulic_pump,M462.hydraulic_pump,M462.hydraulic_pump,M462,液压泵性能与控制,True,研究对象须匹配“液压泵性能与控制”对应对象，且满足所列任务；多任务冲突保留复核。,sample_object_task_supported,hydraulic.pump|液压泵,performance|control|性能|控制,,,22,T0111,src/decision_guards.py
M462.hydraulic_valve,M462.hydraulic_valve,M462.hydraulic_valve,M462,液压阀设计与控制,True,研究对象须匹配“液压阀设计与控制”对应对象，且满足所列任务；多任务冲突保留复核。,descriptor_retrieval_only_not_sample_approved,hydraulic.valve|液压阀,design|control|设计|控制,,,17,T0809|T0271|T0637,src/decision_guards.py
M295.hil,M295.hil,M295.hil,M295,电力系统硬件在环仿真,True,研究对象须匹配“电力系统硬件在环仿真”对应对象，且满足所列任务；多任务冲突保留复核。,descriptor_retrieval_only_not_sample_approved,power.system|power.electronic|电力系统|电力电子,hardware.in.the.loop|硬件在环,,,4,T0340|T0246|T0315,src/decision_guards.py
M295.education,M295.education,M295.education,M295,能源电力教学实验平台,True,研究对象须匹配“能源电力教学实验平台”对应对象，且满足所列任务；多任务冲突保留复核。,sample_object_task_supported,energy|electrical|power|能源|电气|电力,teaching|education|laboratory.platform|教学|实验平台,,,184,T0721|T0730|T0816|T0670|T0418,src/decision_guards.py
M481.intrusion,M481.intrusion,M481.intrusion,M481,网络入侵检测,True,研究对象须匹配“网络入侵检测”对应对象，且满足所列任务；多任务冲突保留复核。,sample_object_task_supported,network.intrusion|intrusion.detection|网络入侵|入侵检测,,,,1750,T0129|T0728,src/decision_guards.py
M361.knowledge_graph,M361.knowledge_graph,M361.knowledge_graph,M361,电力知识图谱,True,研究对象须匹配“电力知识图谱”对应对象，且满足所列任务；多任务冲突保留复核。,sample_object_task_supported,power|electric|电力|电网,knowledge.graph|知识图谱,,,145,T0585|T0554,src/decision_guards.py
M393.oled,M393,M393,M393,有机发光二极管与发光材料,False,研究对象须匹配“有机发光二极管与发光材料”对应对象，且满足所列任务；多任务冲突保留复核。,sample_object_task_supported,organic.light.emitting.diode|organic.light.emitting.device|\bOLEDs?\b|有机发光二极管,,,,8130,T0966|T0393|T0272|T0886|T0498,src/decision_guards.py
M059.supercapacitor,M059,M059,M059,超级电容器电极与器件,False,研究对象须匹配“超级电容器电极与器件”对应对象，且满足所列任务；多任务冲突保留复核。,sample_object_task_supported,supercapacitor|超级电容器,,,,26943,T0794|T0900|T0773|T0737|T0642|T0650|T0268|T0379|T0760|T0059,src/decision_guards.py
M360.dssc,M360,M360,M360,染料敏化太阳能电池材料与器件,False,研究对象须匹配“染料敏化太阳能电池材料与器件”对应对象，且满足所列任务；多任务冲突保留复核。,sample_object_task_supported,dye.sensiti[sz]ed.solar|\bDSSCs?\b|染料敏化太阳能,,,,11738,T0534|T0608|T0360|T0307|T0326,src/decision_guards.py
M153.wireless_power,M153,M153,M153,无线电能传输电路与系统,False,研究对象须匹配“无线电能传输电路与系统”对应对象，且满足所列任务；多任务冲突保留复核。,sample_object_task_supported,wireless.power.transfer|wireless.energy.transfer|无线电能传输|无线能量传输,,,,4889,T0934|T0755|T0052,src/decision_guards.py
M041.wireless_charger,M041.wireless_charger,M041.wireless_charger,M041,无线充电器与装置,True,研究对象须匹配“无线充电器与装置”对应对象，且满足所列任务；多任务冲突保留复核。,sample_object_task_supported,wireless.charg|无线充电,charger|device|charging.system|充电器|装置|充电系统,,,1215,T0643|T0736|T0755|T0938|T0763|T0799|T0664,src/decision_guards.py
M494.microbial_fc,M494,M494,M494,微生物燃料电池与生物产电,False,研究对象须匹配“微生物燃料电池与生物产电”对应对象，且满足所列任务；多任务冲突保留复核。,sample_object_task_supported,microbial.fuel.cell|微生物燃料电池,,,,4825,T0853|T0347|T0772,src/decision_guards.py
M335.solar_evaporation,M335,M335,M335,太阳能界面蒸发与海水淡化,False,研究对象须匹配“太阳能界面蒸发与海水淡化”对应对象，且满足所列任务；多任务冲突保留复核。,sample_object_task_supported,solar|太阳能,interfacial.evaporation|steam.generation|界面蒸发|蒸汽发生,,,1028,T0335|T0435,src/decision_guards.py
M389.rail,M389.rail,M389.rail,M389,轨道交通能耗与牵引优化,True,研究对象须匹配“轨道交通能耗与牵引优化”对应对象，且满足所列任务；多任务冲突保留复核。,sample_object_task_supported,railway|rail.transit|铁路|轨道交通,energy.consumption|traction|能耗|牵引,,,14,T0468|T0602|T0771|T0900,src/decision_guards.py
M389.shipping,M389.shipping,M389.shipping,M389,船舶燃料与能效,True,研究对象须匹配“船舶燃料与能效”对应对象，且满足所列任务；多任务冲突保留复核。,sample_object_task_supported,ship|maritime|船舶|航运,fuel|energy.efficiency|燃料|能效,,,159,T0765|T0190,src/decision_guards.py
M023.tidal,M023.tidal,M023.tidal,M023,潮汐与潮流能开发,True,研究对象须匹配“潮汐与潮流能开发”对应对象，且满足所列任务；多任务冲突保留复核。,sample_object_task_supported,tidal.energy|tidal.stream|潮汐能|潮流能,,,,380,T0100|T0831,src/decision_guards.py
M307.led_lighting,M307.led_lighting,M307.led_lighting,M307,LED照明灯具与配光,True,研究对象须匹配“LED照明灯具与配光”对应对象，且满足所列任务；多任务冲突保留复核。,sample_object_task_supported,LED|light.emitting.diode|发光二极管,lighting|luminaire|light.distribution|照明|灯具|配光,organic|有机,,335,T0980|T0498|T0589,src/decision_guards.py
