topic_id,paper_documents,median_relative_contribution,median_relative_margin,margin_below_005_fraction
0,11311,0.23989930748939514,0.04257601127028465,0.5495535319600389
1,4628,0.28176239132881165,0.07932057604193687,0.3437770095073466
2,8718,0.24309790134429932,0.06123606115579605,0.4039917412250516
3,7118,0.26003044843673706,0.06139743886888027,0.4255408822703006
4,2910,0.27565737068653107,0.05755578354001045,0.45910652920962197
5,3191,0.2947414517402649,0.08644914627075195,0.33406455656534
6,5965,0.34821033477783203,0.15154694020748138,0.13344509639564123
7,10072,0.22709670662879944,0.0399076659232378,0.5780381254964257
8,10537,0.2580736577510834,0.06058962643146515,0.4333301698775743
9,4512,0.2801148295402527,0.06232285313308239,0.42907801418439717
10,5061,0.2704029679298401,0.054431572556495667,0.47658565500889155
11,4880,0.4721013307571411,0.1757776141166687,0.1930327868852459
12,11985,0.24466511607170105,0.04219479113817215,0.5589486858573216
13,13020,0.22793453931808472,0.046876225620508194,0.5233486943164363
14,6262,0.3820246607065201,0.15296398848295212,0.19019482593420634
15,12015,0.26377376914024353,0.06420376896858215,0.4119017894298793
16,5258,0.25694209337234497,0.0535899493843317,0.4769874476987448
17,6025,0.2752980887889862,0.07298146188259125,0.3800829875518672
18,37071,0.2775082588195801,0.07268170267343521,0.36602735291737476
19,5228,0.27252860367298126,0.08244630321860313,0.3157995409334354
20,8551,0.2514190673828125,0.04651854932308197,0.5206408607180447
21,30150,0.5308179259300232,0.19812559336423874,0.21223880597014924
22,6853,0.27196455001831055,0.06619077175855637,0.410477163286152
23,18700,0.5123817920684814,0.2520408183336258,0.15737967914438503
24,13285,0.2312277853488922,0.039061106741428375,0.5760632292058713
25,11522,0.2561616003513336,0.08376890793442726,0.30749869814268355
26,8036,0.29516902565956116,0.11037823557853699,0.20681931309109008
27,3117,0.29512783885002136,0.10441669821739197,0.23965351299326276
28,22697,0.26566874980926514,0.08002428710460663,0.33383266510992643
29,9633,0.3415989577770233,0.11785046756267548,0.2398006851448147
30,12210,0.2670998126268387,0.0682901181280613,0.4076986076986077
31,5487,0.28280624747276306,0.06743838638067245,0.4115181337707308
32,8696,0.29888132214546204,0.10139919072389603,0.25229990800367985
33,3543,0.28479042649269104,0.0775023028254509,0.34772791419700816
34,15514,0.3068271726369858,0.08821960911154747,0.3282841304628078
35,8654,0.25030186772346497,0.05459783785045147,0.46752946614282415
36,10108,0.3407236784696579,0.09354669600725174,0.31252473288484367
37,20111,0.2964860796928406,0.0793013945221901,0.3579633036646611
38,14478,0.24266808480024338,0.059002576395869255,0.42885757701339966
39,11547,0.257718026638031,0.05020531639456749,0.4983112496752403
40,3688,0.273093119263649,0.06571631878614426,0.40970715835141
41,18518,0.2296575829386711,0.04232622869312763,0.5602656874392483
42,9456,0.2526555508375168,0.049314334988594055,0.504653130287648
43,6194,0.2820389121770859,0.08573552966117859,0.2962544397804327
44,16159,0.2718736231327057,0.06740504503250122,0.4045423602945727
45,11058,0.32332050800323486,0.14068735390901566,0.11258817145957678
46,5508,0.30199092626571655,0.08123910799622536,0.3485838779956427
47,8388,0.3453287035226822,0.12800277024507523,0.2105388650453028
48,10286,0.20972511917352676,0.034631820395588875,0.6324129885280965
49,8464,0.2566014379262924,0.06492332741618156,0.4085538752362949
50,7200,0.23542696237564087,0.04522723890841007,0.5365277777777778
51,5052,0.29085879027843475,0.07613739743828773,0.3737133808392716
52,4867,0.2094288170337677,0.03544919192790985,0.6198890486952948
53,10169,0.28037115931510925,0.062488093972206116,0.42826236601435735
54,3546,0.3914051949977875,0.14762062579393387,0.25437112239142695
55,17013,0.2600058615207672,0.058805327862501144,0.44048668665138424
56,7064,0.26107197999954224,0.06460101902484894,0.4038788221970555
57,3963,0.2541220188140869,0.06323061138391495,0.4266969467575069
58,15262,0.26658038794994354,0.07123614102602005,0.3670554317913773
59,5160,0.2733002156019211,0.06913724169135094,0.3887596899224806
60,3175,0.29016998410224915,0.06932274997234344,0.4053543307086614
61,4122,0.2924634963274002,0.06226067245006561,0.44590004852013587
62,18241,0.3845045566558838,0.15908494591712952,0.2620470368949071
63,9481,0.292501837015152,0.08357209712266922,0.34163062968041347
64,6507,0.2689116299152374,0.06732788681983948,0.3914246196403873
65,3022,0.28102122247219086,0.06734683737158775,0.41065519523494376
66,7991,0.32928672432899475,0.12046296149492264,0.19747215617569766
67,3517,0.3125550448894501,0.06786442548036575,0.4071651976116008
68,19283,0.271598756313324,0.06372422724962234,0.41907379557122854
69,5079,0.28915464878082275,0.06426940113306046,0.4174050009844458
70,6935,0.24053220450878143,0.04873386770486832,0.5098774333093007
71,8463,0.2550397217273712,0.0722435712814331,0.35743826066406714
72,14464,0.5489127337932587,0.2221853882074356,0.25214325221238937
73,14724,0.28823041915893555,0.06689966842532158,0.40620755229557187
74,11386,0.26278313994407654,0.06064125709235668,0.43869664500263483
75,9986,0.27008384466171265,0.06688658893108368,0.40336471059483275
76,27356,0.24344366788864136,0.04438219778239727,0.5409051030852464
77,13515,0.24899955093860626,0.06639312952756882,0.3951905290418054
78,4545,0.28429821133613586,0.08664947003126144,0.3271727172717272
79,6554,0.25044146180152893,0.06547994166612625,0.39823008849557523
80,7493,0.2979733943939209,0.08688223361968994,0.31402642466301883
81,2983,0.2629622220993042,0.055574655532836914,0.4642976868923902
82,4079,0.3001832067966461,0.09576050192117691,0.2929639617553322
83,12691,0.24218806624412537,0.049335356801748276,0.5057127097943425
84,7984,0.23629116266965866,0.06189499609172344,0.4142034068136273
85,972,0.4354213774204254,0.2360094115138054,0.11419753086419752
86,32722,0.32344307005405426,0.12955467402935028,0.19430352667929834
87,7794,0.2709946632385254,0.07183638215065002,0.3582242750833975
88,3751,0.26850929856300354,0.06562679260969162,0.4022927219408158
89,4977,0.2675929367542267,0.06142183020710945,0.4293751255776572
90,10490,0.21684323996305466,0.034235039725899696,0.6298379408960915
91,3021,0.4120660424232483,0.20624452829360962,0.1277722608407812
92,17758,0.23827919363975525,0.04453412443399429,0.5424034238089875
93,3712,0.27721279859542847,0.0694381445646286,0.3849676724137931
94,31150,0.2232484370470047,0.03942916356027126,0.5912359550561798
95,8807,0.26677125692367554,0.059568531811237335,0.44453275803338255
96,3880,0.2725502699613571,0.07167063280940056,0.3847938144329897
97,6890,0.25710906088352203,0.05420220270752907,0.4714078374455733
98,4286,0.2642785757780075,0.04662696458399296,0.5195986934204386
99,1609,0.37893566489219666,0.1460328847169876,0.23865755127408328
100,3615,0.2842957377433777,0.08428783714771271,0.32143845089903184
101,11957,0.20786753296852112,0.038204774260520935,0.6148699506565192
102,11114,0.29343143105506897,0.07055853307247162,0.39796652870253735
103,13696,0.2559054344892502,0.05434642732143402,0.4727657710280374
104,8487,0.24771249294281006,0.05650315806269646,0.45528455284552843
105,10318,0.3392815887928009,0.12555477023124695,0.20750145377011048
106,5361,0.2763380706310272,0.04581041261553764,0.53180376795374
107,2987,0.2464422732591629,0.032538510859012604,0.6682289922999666
108,28604,0.254263773560524,0.0630381889641285,0.4216543140819466
109,7024,0.27431198954582214,0.0722874216735363,0.3745728929384966
110,15096,0.2569054067134857,0.05254592001438141,0.4841679915209327
111,11265,0.2469618320465088,0.05082530528306961,0.49471815357301374
112,9289,0.25222256779670715,0.06506043672561646,0.40133491226181506
113,5777,0.27593961358070374,0.07318416237831116,0.3827245975419768
114,3527,0.318220317363739,0.1033216267824173,0.29203288914091297
115,6816,0.2401975467801094,0.05463060364127159,0.46919014084507044
116,4363,0.30224114656448364,0.14395388960838318,0.1531056612422645
117,28133,0.37045422196388245,0.16351953148841858,0.1703693171720044
118,4054,0.3274931162595749,0.08578162267804146,0.33892451899358655
119,3510,0.2638271301984787,0.08346069976687431,0.3128205128205128
120,18376,0.28918081521987915,0.06151706911623478,0.42909229429690904
121,5164,0.30899153649806976,0.09486844018101692,0.29570100697134005
122,5511,0.22566188871860504,0.04021891951560974,0.5817455997096715
123,7321,0.2624129354953766,0.06590485572814941,0.4026772298866275
124,3699,0.23233163356781006,0.04341157153248787,0.5474452554744526
125,5997,0.2889757454395294,0.07393614947795868,0.3736868434217109
126,5080,0.2798461765050888,0.07567491382360458,0.3486220472440945
127,15148,0.28698672354221344,0.09100192785263062,0.305452865064695
128,18526,0.2717590928077698,0.07445859536528587,0.3676454712296232
129,11084,0.2980114668607712,0.054608989506959915,0.474197040779502
130,13480,0.23187432438135147,0.04277242347598076,0.5591246290801187
131,43460,0.5064577758312225,0.1914360597729683,0.12689829728485963
132,5432,0.2415539026260376,0.049640148878097534,0.5027614138438881
133,10192,0.2766088545322418,0.07735618203878403,0.35645604395604397
134,15178,0.24630515277385712,0.05253246799111366,0.482804058505732
135,2501,0.34122464060783386,0.1221708133816719,0.22031187524990004
136,6628,0.4282658249139786,0.19071388989686966,0.18738684369342185
137,6868,0.2589609771966934,0.05369439348578453,0.4732090856144438
138,23620,0.23757963627576828,0.04366351291537285,0.5438611346316681
139,7833,0.2543850839138031,0.07220936566591263,0.3537597344567854
140,4939,0.28886550664901733,0.09707488119602203,0.26928528042113786
141,37664,0.252310574054718,0.05975957028567791,0.43633177570093457
142,13578,0.2767806798219681,0.06329001858830452,0.42473118279569894
143,11822,0.24753989279270172,0.06030123680830002,0.42547792251734057
144,33317,0.8373494148254395,0.7496316432952881,0.15673680103250592
145,8429,0.22750544548034668,0.04653327167034149,0.5227191837703168
146,9359,0.2881467938423157,0.05909184738993645,0.4495138369483919
147,8891,0.2521541714668274,0.05437676981091499,0.47058823529411764
148,6541,0.28547215461730957,0.06898706406354904,0.38663812872649445
149,3284,0.2636520117521286,0.052419016137719154,0.4835566382460414
150,14238,0.22775743901729584,0.04242828115820885,0.5617361989043405
151,2330,0.2952422499656677,0.07299080491065979,0.37939914163090127
152,710,0.8164028525352478,0.6719640493392944,0.04929577464788732
153,8233,0.28271180391311646,0.09943635016679764,0.2493623223612292
154,6856,0.25913986563682556,0.053744543343782425,0.4768086347724621
155,11442,0.2099737599492073,0.032041870057582855,0.6608110470197518
156,9119,0.24323655664920807,0.042139455676078796,0.5591621888364953
157,3877,0.25929373502731323,0.05332668498158455,0.4836213567191127
158,12907,0.21593725681304932,0.037841975688934326,0.6213682497869373
159,13065,0.2720053195953369,0.06357364356517792,0.4208189820130119
160,3676,0.24609853327274323,0.05036752484738827,0.4970076169749728
161,11327,0.25971919298171997,0.06253092736005783,0.41423148229893175
162,7256,0.2686222493648529,0.0738566406071186,0.38519845644983464
163,3526,0.3143386095762253,0.11004403606057167,0.2504254112308565
164,2687,0.301884263753891,0.08946511149406433,0.33978414588760697
165,2020,0.3685404807329178,0.1333506479859352,0.2094059405940594
166,10391,0.2609705328941345,0.048267021775245667,0.5112116254450967
167,6252,0.23937946557998657,0.04620707221329212,0.5329494561740243
168,18424,0.22655034810304642,0.04865865223109722,0.5093899261832393
169,4247,0.2839927673339844,0.07571367174386978,0.3583706145514481
170,7470,0.23876133561134338,0.047760460525751114,0.5163319946452477
171,4711,0.2837876081466675,0.0687585324048996,0.39269794098917427
172,7733,0.29397663474082947,0.09496533125638962,0.2941937152463468
173,12152,0.24132242053747177,0.051335589960217476,0.4897959183673469
174,9176,0.5289499759674072,0.32502390444278717,0.08260680034873583
175,6670,0.27990923821926117,0.057809583842754364,0.45112443778110944
176,6830,0.3244509994983673,0.09574195742607117,0.28125915080527086
177,9671,0.311876505613327,0.07028809934854507,0.39902802192120773
178,6741,0.3180401027202606,0.08961586654186249,0.32443257676902537
179,9594,0.21618098765611649,0.032248713076114655,0.6561392537002293
180,17491,0.5252458453178406,0.22612616419792175,0.21302384083242812
181,13322,0.2831658273935318,0.07652370259165764,0.3650352799879898
182,3789,0.2690750062465668,0.049220677465200424,0.5075217735550277
183,9032,0.3275800347328186,0.13190937787294388,0.21346324180690876
184,8343,0.23145608603954315,0.04296521842479706,0.5542370849814215
185,11949,0.27479544281959534,0.08442054688930511,0.31065361118085194
186,4913,0.27501776814460754,0.08331041783094406,0.3256665988194586
187,2700,0.3353121429681778,0.10006939619779587,0.292962962962963
188,4098,0.27870285511016846,0.07605374604463577,0.35602733040507567
189,27222,0.22571860998868942,0.03686721250414848,0.595621188744398
190,6158,0.33105331659317017,0.12896549701690674,0.200552127314063
191,21468,0.8045154809951782,0.7480200231075287,0.08086454257499534
192,11540,0.3019700050354004,0.10429051890969276,0.25901213171577125
193,3789,0.303338885307312,0.07235641032457352,0.3927157561361837
194,10797,0.2725794017314911,0.0865621343255043,0.30564045568213394
195,1976,0.33576734364032745,0.11622194573283195,0.23178137651821862
196,3468,0.24876858294010162,0.06752698868513107,0.37053056516724336
197,10679,0.24165932834148407,0.053181350231170654,0.4801011330648937
198,17664,0.23731876909732819,0.044149117544293404,0.5458559782608695
199,1131,0.474134624004364,0.21599997580051422,0.1246684350132626
200,9171,0.27788543701171875,0.04913310334086418,0.5061607240213717
201,7119,0.2136147916316986,0.042592357844114304,0.5606124455681978
202,11609,0.24032191932201385,0.05880657956004143,0.4417262468774227
203,8548,0.26663413643836975,0.05699725076556206,0.4615114646700983
204,6284,0.29685187339782715,0.08173085004091263,0.3550286441756843
205,11477,0.2451006919145584,0.053852424025535583,0.4698091835845604
206,31674,0.9933702945709229,0.9875315427780151,0.11157416177306308
207,16357,0.2427084743976593,0.05969817563891411,0.4319251696521367
208,5357,0.29768314957618713,0.0686095803976059,0.40171737913011013
209,6257,0.30276578664779663,0.08716714382171631,0.31596611794789836
210,6685,0.26108282804489136,0.062081173062324524,0.42408376963350786
211,1404,0.37452229857444763,0.160551980137825,0.16168091168091167
212,6739,0.2955433428287506,0.07739108800888062,0.34367116782905477
213,11452,0.23706123977899551,0.0628291703760624,0.4110199091861684
214,2859,0.3073807954788208,0.09264273196458817,0.27177334732423925
215,8572,0.2487959861755371,0.04726915434002876,0.5193653756416239
216,6603,0.3365720212459564,0.09726286679506302,0.2872936543995154
217,5696,0.2735520750284195,0.0659283809363842,0.41731039325842695
218,4116,0.2570730298757553,0.06253218092024326,0.42881438289601553
219,12547,0.3467925190925598,0.10020681470632553,0.29218139794373155
220,17967,0.3102172911167145,0.09353586286306381,0.2978237880558802
221,5022,0.35519638657569885,0.1551755964756012,0.1521306252489048
222,6997,0.9969125390052795,0.9949598908424377,0.10833214234672002
223,11878,0.35883934795856476,0.1552589237689972,0.1552449907391817
224,4315,0.30904972553253174,0.10204066336154938,0.2679026651216686
225,13221,0.2323850840330124,0.03267531469464302,0.6376219650555933
226,8178,0.27615557610988617,0.06785422191023827,0.40401076057715823
227,5479,0.2658974826335907,0.07260923832654953,0.3681328709618544
228,9653,0.29733511805534363,0.07282882183790207,0.3800890914741531
229,30100,0.2325884774327278,0.049190936610102654,0.5053820598006644
230,5511,0.30182647705078125,0.09212170541286469,0.28524768644529125
231,9070,0.27540211379528046,0.07748870924115181,0.37023153252480706
232,6738,0.35286277532577515,0.11652279272675514,0.25140991392104484
233,9238,0.3594037890434265,0.16931241750717163,0.1881359601645378
234,8204,0.2417827472090721,0.05638078600168228,0.4520965382740127
235,2816,0.304851233959198,0.07477062940597534,0.3835227272727273
236,4155,0.2546480894088745,0.06415878236293793,0.41636582430806257
237,8557,0.2648078501224518,0.057341013103723526,0.45261189669276614
238,4808,0.27289094030857086,0.0460024569183588,0.528702163061564
239,6588,0.2622160166501999,0.06890834495425224,0.38342440801457195
240,7084,0.2565223276615143,0.05289775878190994,0.4803783173348391
241,7002,0.4071767032146454,0.1870947927236557,0.15509854327335046
242,8592,0.258905753493309,0.057575732469558716,0.4450651769087523
243,6599,0.310332715511322,0.08674400299787521,0.3524776481285043
244,14791,0.21855655312538147,0.0487455278635025,0.5130822797647218
245,11267,0.23006393015384674,0.040365975350141525,0.578592349338777
246,6272,0.2405603602528572,0.04816192761063576,0.5143494897959183
247,4340,0.3153830021619797,0.09795335307717323,0.3131336405529954
248,6264,0.25033995509147644,0.062043748795986176,0.4184227330779055
249,4050,0.28642435371875763,0.07621540874242783,0.365679012345679
250,7889,0.29246413707733154,0.07529442012310028,0.3766003295728229
251,10003,0.2546602189540863,0.05893433466553688,0.43936818954313706
252,17185,0.280703604221344,0.05949307605624199,0.44207157404713415
253,5782,0.6010529100894928,0.30562590062618256,0.04635074368730543
254,12892,0.5422622859477997,0.18511077016592026,0.21424139000930809
255,8940,0.2782382518053055,0.07535829395055771,0.3504474272930649
256,7043,0.29046502709388733,0.09594244509935379,0.291921056368025
257,7798,0.2402733862400055,0.047851063311100006,0.5135932290330854
258,18909,0.2607724666595459,0.06848373264074326,0.39124226558781533
259,14207,0.2588080167770386,0.06286643445491791,0.42338283944534383
260,32763,0.5331376791000366,0.16111785173416138,0.2532429875164057
261,3621,0.23588287830352783,0.040936429053545,0.5694559513946423
262,1694,0.32314857840538025,0.08597855269908905,0.34710743801652894
263,3718,0.3072437644004822,0.09252847358584404,0.2958579881656805
264,5270,0.23862329125404358,0.04086759313941002,0.5614800759013283
265,8785,0.2304183840751648,0.05042608827352524,0.4957313602731929
266,10466,0.22527968138456345,0.04472274146974087,0.5402254920695586
267,3181,0.2590133249759674,0.06473402678966522,0.4115058157812009
268,10581,0.23844534158706665,0.05274456366896629,0.48209053964653625
269,25767,0.3214792311191559,0.10143653303384781,0.2945240035704583
270,31004,0.23407796770334244,0.042379872873425484,0.5556702360985679
271,2114,0.36571358144283295,0.167283833026886,0.21286660359508042
272,11881,0.25452885031700134,0.061075177043676376,0.4285834525713324
273,5720,0.27641022205352783,0.0916207879781723,0.26713286713286716
274,6499,0.2605288326740265,0.05010917782783508,0.49946145560855515
275,6274,0.5648072361946106,0.2627316862344742,0.1767612368504941
276,2335,0.22391290962696075,0.033192023634910583,0.6509635974304069
277,5402,0.31152060627937317,0.10787016153335571,0.2910033320992225
278,6122,0.23561951518058777,0.04888960346579552,0.5080039202874878
279,6266,0.23992833495140076,0.06000522896647453,0.4302585381423556
280,5587,0.2623428702354431,0.050289180129766464,0.4972257025237158
281,10654,0.26805151998996735,0.06543254852294922,0.408766660409236
282,5661,0.3259435296058655,0.11250150948762894,0.23370429252782193
283,6729,0.32022714614868164,0.11829864233732224,0.21934908604547482
284,6888,0.2753733992576599,0.08458958938717842,0.30052264808362367
285,24132,0.20701994001865387,0.028422455303370953,0.7139482844356042
286,12310,0.23993121832609177,0.044947393238544464,0.536961819658814
287,4234,0.2717524468898773,0.06401476636528969,0.4163911195087388
288,4242,0.2474108636379242,0.06467339023947716,0.41112682696841113
289,7223,0.2766171991825104,0.057776592671871185,0.44967465042226223
290,8674,0.2534422129392624,0.05924377404153347,0.43762969794789025
291,1460,0.3357312083244324,0.10658944025635719,0.28013698630136985
292,7823,0.2682986259460449,0.08791787177324295,0.28722996292982234
293,3039,0.372324138879776,0.17476657032966614,0.08851595919710431
294,8808,0.2266884669661522,0.046823183074593544,0.5220254314259763
295,10471,0.2838638424873352,0.06157442927360535,0.43701652182217554
296,10821,0.24169285595417023,0.044803570955991745,0.5395989280103503
297,7164,0.34781427681446075,0.15452735126018524,0.1740647682858738
298,4397,0.22845156490802765,0.0421702042222023,0.5521946781896748
299,12406,0.24986251443624496,0.07236193865537643,0.34410768982750284
300,8593,0.2998676002025604,0.09757915139198303,0.2937274525776795
301,4968,0.25131483376026154,0.04894280061125755,0.5058373590982287
302,6015,0.25627195835113525,0.045399393886327744,0.5306733167082295
303,14377,0.22226516902446747,0.036808811128139496,0.6010294219934618
304,13876,0.25804416835308075,0.06369026005268097,0.41121360622657827
305,6705,0.2545420527458191,0.051743559539318085,0.4906785980611484
306,7998,0.25423988699913025,0.050605129450559616,0.49562390597649414
307,20380,0.25553208589553833,0.0829433873295784,0.2808635917566241
308,3766,0.29443012177944183,0.06584122776985168,0.402283590015932
309,2129,0.3140715956687927,0.11082474887371063,0.24189760450915923
310,14881,0.2723868489265442,0.07906128466129303,0.343458100934077
311,9657,0.34527626633644104,0.13703304529190063,0.21911566739152946
312,15247,0.23938623070716858,0.061928484588861465,0.4249360529940316
313,3313,0.24191619455814362,0.042840030044317245,0.5427105342589797
314,3863,0.3312688171863556,0.13884089887142181,0.1467771162309086
315,16551,0.2795444428920746,0.05930636450648308,0.4507884719956498
316,3446,0.2735682427883148,0.06408999487757683,0.4167150319210679
317,6263,0.3039804995059967,0.06703246384859085,0.4188088775347278
318,21744,0.23983347415924072,0.044623635709285736,0.5410228108903605
319,8278,0.19846581667661667,0.02550036832690239,0.7452283160183619
320,3981,0.34298935532569885,0.14862993359565735,0.1838733986435569
321,3326,0.2485669180750847,0.05406768620014191,0.46873120865904994
322,10381,0.29114407300949097,0.05863063037395477,0.4548694730758116
323,4642,0.32047519087791443,0.09703904390335083,0.26712623869021973
324,5337,0.2601656913757324,0.06291195005178452,0.4230841296608582
325,5004,0.3402535021305084,0.11893012002110481,0.21203037569944044
326,44312,0.21996266394853592,0.033689163625240326,0.6463711861346814
327,5674,0.2644200325012207,0.05679258145391941,0.4578780401832922
328,7652,0.26377764344215393,0.0657632164657116,0.4091740721380031
329,8401,0.2513257563114166,0.04646709933876991,0.5233900726104035
330,5605,0.23865602910518646,0.06264620274305344,0.4071364852809991
331,2518,0.3702777028083801,0.12560691684484482,0.2601270849880858
332,9980,0.30055686831474304,0.1005353182554245,0.2925851703406814
333,3412,0.36726294457912445,0.15457551181316376,0.20720984759671746
334,10279,0.2812115252017975,0.07836984843015671,0.3189999027142718
335,18977,0.22481726109981537,0.034418985247612,0.6370343046846182
336,6126,0.22575215250253677,0.03604588471353054,0.6176950701926216
337,9031,0.22196528315544128,0.04051901027560234,0.5742442697375706
338,7283,0.22837594151496887,0.037046995013952255,0.6034601125909652
339,6101,0.2707345485687256,0.05788790062069893,0.4504179642681528
340,17529,0.22939248383045197,0.03290744870901108,0.6338068343887272
341,8687,0.365925133228302,0.15556170046329498,0.19235639461263956
342,8307,0.2953667938709259,0.08643215149641037,0.3312868664981341
343,12526,0.23647958040237427,0.0513030793517828,0.49121826600670604
344,8643,0.2427334189414978,0.06388185173273087,0.390836515098924
345,21482,0.27360883355140686,0.06984566152095795,0.3858579275672656
346,14577,0.32657483220100403,0.09643462300300598,0.29985593743568634
347,5071,0.27920177578926086,0.07728500664234161,0.34983238020114377
348,3773,0.2477053850889206,0.048736587166786194,0.5064935064935064
349,9601,0.28457364439964294,0.09661880880594254,0.2614311009269868
350,35403,0.22453664243221283,0.03844942897558212,0.5978024461203852
351,2815,0.3306812644004822,0.11728811264038086,0.2216696269982238
352,8252,0.2224375605583191,0.03834674321115017,0.5896752302472128
353,4267,0.30018311738967896,0.08202175796031952,0.3557534567611905
354,7510,0.261922150850296,0.06745849177241325,0.3781624500665779
355,6048,0.23247606307268143,0.04065827094018459,0.5704365079365079
356,4744,0.2621130496263504,0.05040438659489155,0.49768128161888703
357,3413,0.22800171375274658,0.044686850160360336,0.5420451215939056
358,7658,0.29390618205070496,0.07110843807458878,0.38926612692609036
359,15312,0.2747189402580261,0.06356588751077652,0.41810344827586204
360,6670,0.31065574288368225,0.12662070989608765,0.20914542728635682
361,4086,0.270401731133461,0.07830476388335228,0.3453255017131669
362,8040,0.2830584794282913,0.07262333482503891,0.38296019900497513
363,13273,0.24978423118591309,0.047702983021736145,0.5180441497777443
364,8257,0.376309335231781,0.12064133584499359,0.24851641031851762
365,36206,0.3386205732822418,0.11976205185055733,0.23432580235320113
366,7772,0.26854152977466583,0.06535086780786514,0.40156973751930003
367,4628,0.2751315236091614,0.07464329153299332,0.3610630942091616
368,15414,0.2630619555711746,0.04436486214399338,0.5349682107175295
369,22542,0.247928187251091,0.049715785309672356,0.5018188270783427
370,16476,0.26115356385707855,0.0812065564095974,0.30875212430201504
371,7151,0.2501170337200165,0.050236236304044724,0.4976926304013425
372,14551,0.23468922078609467,0.04808734729886055,0.5125420933269191
373,5093,0.2818411588668823,0.0662575215101242,0.4119379540545847
374,6693,0.2258695513010025,0.040113382041454315,0.5764231286418646
375,5903,0.35738468170166016,0.14656952023506165,0.20294765373538878
376,44318,0.2718309164047241,0.07637820020318031,0.34173473532199106
377,10072,0.27256910502910614,0.05877457559108734,0.45204527402700556
378,23909,0.25065818428993225,0.042177099734544754,0.5551884227696683
379,18911,0.2840537428855896,0.06928259134292603,0.3908836127121781
380,11470,0.2369227185845375,0.036345381289720535,0.5986922406277245
381,13713,0.23116615414619446,0.04527488723397255,0.5379566834390724
382,5440,0.25104692578315735,0.05032866634428501,0.49761029411764707
383,9352,0.27451400458812714,0.062155669555068016,0.42408041060735674
384,9115,0.255603551864624,0.05176345631480217,0.4875479978058146
385,22476,0.23738162219524384,0.0389656126499176,0.5979266773447233
386,7321,0.2949235737323761,0.07769501954317093,0.36497746209534215
387,8247,0.22174285352230072,0.05026222765445709,0.49860555353461866
388,4810,0.2543872892856598,0.05616704560816288,0.45322245322245325
389,8272,0.3289800435304642,0.09401159733533859,0.32180851063829785
390,2510,0.3140857517719269,0.09779069572687149,0.27211155378486057
391,6174,0.22853386402130127,0.032762959599494934,0.6243926141885325
392,6672,0.2440703809261322,0.05004981718957424,0.4995503597122302
393,9271,0.2621087431907654,0.05388518422842026,0.4772947902060188
394,7352,0.5561108887195587,0.17045513540506363,0.2120511425462459
395,4877,0.2662655711174011,0.06903506070375443,0.37523067459503795
396,6604,0.24990686029195786,0.06004215404391289,0.4297395517867959
397,16004,0.23984084278345108,0.051827190443873405,0.4871907023244189
398,20059,0.29447707533836365,0.07462377846240997,0.36771524004187645
399,6410,0.28435228765010834,0.08844511583447456,0.31731669266770673
400,4344,0.2906658202409744,0.06801896914839745,0.38904235727440145
401,6027,0.3353383243083954,0.14022603631019592,0.1606105856976937
402,5965,0.2897009551525116,0.08578220754861832,0.33813914501257336
403,6015,0.2852039039134979,0.06505117565393448,0.4142975893599335
404,9455,0.23354198038578033,0.04056280851364136,0.5625594923320995
405,7866,0.2259223461151123,0.04349139705300331,0.5526315789473685
406,6982,0.29274576902389526,0.08505413681268692,0.3186765969636207
407,16114,0.25204265117645264,0.05540792644023895,0.45848330644160357
408,15330,0.2725643366575241,0.06213424913585186,0.43105022831050227
409,7664,0.2507653683423996,0.04788635112345219,0.5137004175365344
410,13689,0.2943936288356781,0.09098152816295624,0.2783987142961502
411,6936,0.308575764298439,0.11717720329761505,0.22015570934256054
412,13606,0.24490202218294144,0.05534089915454388,0.46148757900926063
413,5481,0.29228559136390686,0.0935729518532753,0.29319467250501735
414,12476,0.33271582424640656,0.08914018049836159,0.3297531260019237
415,15821,0.5585440993309021,0.31331855058670044,0.20814107831363376
416,7809,0.30255961418151855,0.07699762284755707,0.3632987578435139
417,14498,0.25686848163604736,0.06278121098876,0.42564491654021247
418,17635,0.33895814418792725,0.12293965369462967,0.23425007088176922
419,8016,0.2862420380115509,0.09512913972139359,0.2532435129740519
420,13376,0.2737775295972824,0.0627962090075016,0.4297248803827751
421,8811,0.26229286193847656,0.04964158311486244,0.501986153671547
422,2593,0.32918107509613037,0.13825714588165283,0.15387581951407636
423,10836,0.21171817183494568,0.04034869186580181,0.5916389811738649
424,5111,0.2523285746574402,0.04973343387246132,0.5026413617687341
425,5767,0.25502461194992065,0.07062224298715591,0.38373504421709725
426,3583,0.2783688008785248,0.055350106209516525,0.465252581635501
427,20199,0.29520708322525024,0.090870201587677,0.3031338185058666
428,4172,0.21187828481197357,0.021065231412649155,0.75215723873442
429,10637,0.31937530636787415,0.08556348085403442,0.33956942747015134
430,8735,0.2730112373828888,0.065403051674366,0.4004579278763595
431,11556,0.2876102030277252,0.09903893992304802,0.2834890965732087
432,6678,0.26393695175647736,0.04730386286973953,0.5173704702006588
433,7744,0.41292238235473633,0.15470044314861298,0.21138946280991736
434,5141,0.24415165185928345,0.05527718737721443,0.46722427543279516
435,2860,0.3090752959251404,0.09040922671556473,0.3328671328671329
436,5199,0.3226584494113922,0.11645375937223434,0.26062704366224276
437,7590,0.2996271699666977,0.08633304759860039,0.3361001317523057
438,3748,0.30098946392536163,0.1095009595155716,0.2214514407684098
439,5318,0.2561579793691635,0.056898465380072594,0.45806694245957125
440,2531,0.3167155683040619,0.08529684692621231,0.321612011062821
441,14234,0.26409564912319183,0.05534539930522442,0.47049318533089785
442,13240,0.22826607525348663,0.0414368100464344,0.5599697885196374
443,6262,0.2550792098045349,0.06992638483643532,0.3893324816352603
444,7260,0.22927583754062653,0.0453182477504015,0.5370523415977961
445,16920,0.3149123191833496,0.1042216382920742,0.28599290780141845
446,12651,0.3849652409553528,0.09578585624694824,0.332147656311754
447,13505,0.2192869484424591,0.04255371913313866,0.5623102554609404
448,10352,0.24905412644147873,0.05602207034826279,0.4623261205564142
449,11818,0.33024361729621887,0.11323761194944382,0.2569808766288712
450,16911,0.24996817111968994,0.039419807493686676,0.5834663828277452
451,4662,0.25077709555625916,0.04894039034843445,0.5072930072930073
452,9943,0.23183901607990265,0.05229802429676056,0.4827516846022327
453,6189,0.2902343273162842,0.09222342818975449,0.30279528195185007
454,16397,0.3014380931854248,0.08032916486263275,0.35915106421906445
455,5481,0.33911237120628357,0.13947990536689758,0.20306513409961685
456,4583,0.2538224160671234,0.05409129709005356,0.47501636482653287
457,6551,0.26576656103134155,0.05889289081096649,0.4478705541138757
458,8244,0.2900296151638031,0.07630764693021774,0.3708151382823872
459,9083,0.3478790521621704,0.14817683398723602,0.19762193108003964
460,5771,0.2900991439819336,0.07590369880199432,0.36406168774909026
461,9506,0.2504836618900299,0.04679212532937527,0.5207237534188933
462,12414,0.2526351660490036,0.057293981313705444,0.4532785564685033
463,10828,0.25164633989334106,0.05584395304322243,0.4634281492427041
464,3461,0.3127503991127014,0.11011951416730881,0.29962438601560243
465,5603,0.2779909372329712,0.0685446634888649,0.40317686953417814
466,8354,0.38697876036167145,0.16762172430753708,0.12389274598994493
467,5186,0.24277108907699585,0.05132232792675495,0.49074431160817583
468,6829,0.26463285088539124,0.05355353653430939,0.47503294772294624
469,7442,0.25177592039108276,0.05603007599711418,0.4611663531308788
470,2619,0.19071374833583832,0.023192454129457474,0.7525773195876289
471,5784,0.35002462565898895,0.08789049461483955,0.31708160442600275
472,6743,0.27396735548973083,0.08266366273164749,0.32908201097434375
473,8683,0.28606030344963074,0.08785438537597656,0.3095704249683289
474,68756,0.9962562322616577,0.9931650757789612,0.06747047530397347
475,9343,0.27074792981147766,0.07262048125267029,0.3823183131756395
476,6878,0.2799214720726013,0.09675638377666473,0.2273916836289619
477,3757,0.2567893862724304,0.06469255685806274,0.4045781208410966
478,14674,0.23340677469968796,0.04689552076160908,0.5250783699059561
479,6407,0.3078925609588623,0.09957100450992584,0.28765412829717496
480,9845,0.6821545362472534,0.4563926160335541,0.19380396140172676
481,10948,0.21050338447093964,0.031797584146261215,0.6556448666423091
482,14702,0.26497727632522583,0.05110315792262554,0.4912937015372058
483,12540,0.24719077348709106,0.06099841184914112,0.4318181818181818
484,8224,0.24858523905277252,0.05985492654144764,0.4275291828793774
485,2808,0.3527858555316925,0.17366322129964828,0.21937321937321938
486,15598,0.2094980850815773,0.034874480217695236,0.6366200794973714
487,1729,0.46084368228912354,0.23648329079151154,0.15731636784268363
488,5184,0.3694166988134384,0.15179453045129776,0.17785493827160495
489,4802,0.29336266219615936,0.07746845483779907,0.35714285714285715
490,4072,0.27442213892936707,0.06731104850769043,0.40029469548133595
491,3888,0.27994227409362793,0.06810289993882179,0.3940329218106996
492,6381,0.30274543166160583,0.0834193006157875,0.3439899702241028
493,5051,0.298534095287323,0.06927260756492615,0.398732924173431
494,6338,0.22325394302606583,0.03146400488913059,0.6494162196276428
495,24546,0.28262029588222504,0.08768513426184654,0.328729731931883
496,7821,0.25606396794319153,0.06310918927192688,0.4314026339342795
497,2740,0.24920155853033066,0.04759848304092884,0.5178832116788321
498,6362,0.2908587008714676,0.08724018186330795,0.3281986796604841
499,7873,0.24180391430854797,0.034043412655591965,0.6120919598628223
