topic_id,documents,median_relative_contribution,median_relative_margin,margin_below_005_fraction
-1,105,0.0,0.0,1.0
0,179,0.26318192,0.0395377,0.5698324
1,216,0.2715435,0.07698249,0.37037036
2,926,0.22803187,0.029888587,0.6792657
3,649,0.3022107,0.08456959,0.32357472
4,101,0.26958212,0.071167015,0.28712872
5,707,0.38860708,0.14805205,0.24045262
6,1369,0.25096732,0.060285967,0.41490138
7,438,0.22657257,0.026819225,0.6940639
8,774,0.42967105,0.23237164,0.18217054
9,439,0.246332,0.034510247,0.60136676
10,939,0.21512972,0.03094395,0.6932907
11,29,0.2227921,0.077810116,0.44827586
12,609,0.23281197,0.053458728,0.47619048
13,71,0.18135583,0.013941935,0.8450704
14,512,0.3014627,0.0831344,0.34179688
15,713,0.23480761,0.045010053,0.53436184
16,1025,0.24287222,0.041716754,0.55609757
17,186,0.2487547,0.047064427,0.52150536
18,992,0.2944917,0.09904681,0.25504032
19,801,0.32602206,0.0759161,0.37453184
20,978,0.250145,0.048442885,0.5122699
21,365,0.30637568,0.09460138,0.33424658
22,255,0.26887244,0.0491211,0.5058824
23,434,0.30548045,0.08630893,0.3778802
24,546,0.23952709,0.037063263,0.5824176
25,183,0.26433432,0.03492785,0.6010929
26,582,0.27945805,0.06694809,0.42439863
27,412,0.19679701,0.019073378,0.77427185
28,301,0.2641331,0.036974862,0.5681063
29,170,0.25343233,0.031507384,0.65882355
30,657,0.19283447,0.017818842,0.8280061
31,563,0.20056252,0.024670215,0.7353464
32,750,0.2622128,0.056450993,0.45866665
33,635,0.2412064,0.035522282,0.6094488
34,441,0.22831303,0.034816764,0.6031746
35,124,0.27823573,0.08376955,0.33064517
36,911,0.38079232,0.16625014,0.16355653
37,545,0.32144567,0.07293129,0.3614679
38,580,0.286338,0.057230145,0.45
39,118,0.19903478,0.022733908,0.7542373
40,567,0.23163591,0.03387709,0.659612
41,312,0.17473903,0.01657071,0.86217946
42,646,0.25985774,0.05136151,0.49380806
43,379,0.25349334,0.042318795,0.53562003
44,134,0.23236941,0.027056407,0.64179105
45,195,0.26911476,0.060840383,0.43076923
46,676,0.3292486,0.085516796,0.3372781
47,533,0.24541265,0.058773737,0.4371482
48,410,0.4436208,0.15523238,0.2195122
49,495,0.2136771,0.02728972,0.72121215
50,290,0.24169928,0.03177827,0.6413793
51,370,0.18742886,0.025554746,0.8027027
52,585,0.29109123,0.071463674,0.35897437
53,540,0.2953296,0.073048055,0.39814815
54,118,0.19690207,0.016809687,0.80508476
55,68,0.2145454,0.023725392,0.6911765
56,324,0.24281316,0.0354684,0.60493827
57,349,0.25863343,0.041040182,0.56446993
58,124,0.27797636,0.057150654,0.48387095
59,541,0.24154595,0.05551364,0.4676525
60,327,0.22020553,0.029109182,0.7308869
61,513,0.3393698,0.122799076,0.20077972
62,638,0.2500956,0.041416876,0.5658307
63,523,0.2553819,0.039475616,0.5659656
64,470,0.27459878,0.05932401,0.43617022
65,222,0.30034745,0.085934326,0.36486486
66,471,0.37447113,0.1148668,0.2611465
67,164,0.24027325,0.036488727,0.6097561
69,656,0.32086337,0.07525096,0.3628049
70,466,0.21688151,0.041951947,0.56437767
71,34,0.2864251,0.074151516,0.47058824
72,276,0.22152096,0.02863276,0.6702899
73,374,0.2792877,0.08194575,0.31283423
74,313,0.1904216,0.024048433,0.73801917
75,328,0.2523023,0.036668077,0.58231705
76,690,0.2428993,0.07214111,0.3043478
77,474,0.21694785,0.040593725,0.5780591
78,109,0.25220564,0.04361339,0.5412844
79,116,0.2515084,0.06503697,0.4224138
80,199,0.22520809,0.04279263,0.56281406
81,339,0.23181997,0.04441143,0.5575221
82,634,0.4280173,0.14860973,0.22397476
83,282,0.22354561,0.031933047,0.6134752
84,380,0.20661338,0.028979314,0.65789473
85,340,0.2957636,0.077914536,0.3764706
86,416,0.2707078,0.053354442,0.48076922
87,279,0.26450145,0.04319076,0.5555556
88,103,0.23190609,0.033159066,0.61165047
89,288,0.21673119,0.042692173,0.5694444
90,43,0.29527372,0.09951822,0.20930232
91,483,0.25227568,0.04963204,0.505176
92,233,0.19187291,0.023891883,0.7424893
93,386,0.28405756,0.059659973,0.44559586
94,521,0.2492021,0.04474401,0.5412668
95,409,0.32236448,0.09328415,0.3178484
96,413,0.20705952,0.038190495,0.59079903
97,82,0.21616527,0.033119734,0.64634144
98,172,0.19574726,0.021550942,0.76744187
99,162,0.30809605,0.07440953,0.3888889
100,256,0.24344793,0.048771694,0.515625
101,626,0.34327886,0.10343368,0.2859425
102,326,0.21365476,0.028531924,0.74539876
103,145,0.313495,0.093358725,0.31724137
104,336,0.2577152,0.041169297,0.5535714
105,346,0.20638208,0.032909237,0.66184974
106,346,0.2674966,0.0551001,0.45375723
107,339,0.23220241,0.042513218,0.5663717
108,261,0.22836535,0.035846803,0.61685824
109,283,0.21847472,0.03247838,0.6713781
110,357,0.24953692,0.04982325,0.5014006
111,316,0.22130322,0.030516308,0.6835443
112,360,0.22906381,0.03993462,0.5777778
113,288,0.24471316,0.045174412,0.5381944
114,305,0.22051218,0.031438284,0.69508195
115,342,0.24299183,0.047425546,0.51754385
116,458,0.254548,0.059712764,0.43886462
117,425,0.24658796,0.052378077,0.48
118,358,0.2776895,0.050617155,0.49720672
119,495,0.77201444,0.6679387,0.060606062
120,522,0.32174572,0.09455153,0.3505747
121,329,0.2023544,0.027926499,0.69908816
122,373,0.25526053,0.04293688,0.5522788
123,360,0.22418916,0.032929786,0.65
124,333,0.23231056,0.0422982,0.5765766
125,448,0.29362595,0.0662874,0.39732143
126,277,0.2823102,0.040972818,0.54151624
127,465,0.3233276,0.13931078,0.18924731
128,183,0.23194803,0.04766561,0.5355191
129,385,0.20766799,0.027709138,0.74025977
130,420,0.22590026,0.033665713,0.6142857
131,160,0.24688604,0.035138376,0.60625
132,402,0.25290498,0.048243694,0.51492536
133,223,0.19438028,0.025371512,0.7219731
134,297,0.2118821,0.03356734,0.67676765
135,164,0.24019262,0.032150112,0.6280488
136,318,0.272962,0.057851765,0.44339624
137,365,0.26733047,0.04469537,0.5260274
138,434,0.21219641,0.042336553,0.5875576
139,41,0.25056142,0.05502121,0.41463414
140,396,0.27752912,0.060633026,0.42424244
141,270,0.30937758,0.08704665,0.34074074
142,401,0.24449404,0.060259294,0.4289277
143,95,0.24596627,0.072825395,0.33684212
144,346,0.25883335,0.085765146,0.2803468
145,400,0.3623037,0.16369936,0.09
146,462,0.23598036,0.054811344,0.45670995
147,325,0.22767378,0.038818974,0.59076923
148,365,0.22653218,0.036977924,0.6082192
149,217,0.3073484,0.09735905,0.26728112
150,151,0.27594835,0.065186135,0.397351
151,232,0.18963802,0.02528042,0.7758621
152,171,0.23245695,0.027032316,0.64912283
153,383,0.24548867,0.042821128,0.5561358
154,427,0.25353676,0.045208327,0.53629977
155,456,0.2941184,0.099171944,0.21271929
156,314,0.28178042,0.06510922,0.42356688
157,49,0.24019447,0.08718425,0.3265306
158,149,0.23182142,0.06316233,0.37583894
159,399,0.20139755,0.039559744,0.63408524
160,371,0.22939229,0.040839233,0.574124
161,498,0.30386752,0.08100943,0.36144578
162,335,0.2752592,0.052964598,0.46865672
163,156,0.26645327,0.06899941,0.3525641
164,296,0.23354226,0.038363695,0.5709459
165,360,0.25645477,0.050479207,0.49444443
166,254,0.36547762,0.14628875,0.27165353
167,437,0.2681221,0.066005476,0.39816934
168,602,0.5092609,0.2671454,0.12292359
169,445,0.24228281,0.06150444,0.40674156
170,336,0.23255879,0.053617276,0.4672619
171,576,0.27875918,0.08813503,0.328125
172,303,0.3720155,0.109827764,0.26072606
173,125,0.23539667,0.03011252,0.648
174,481,0.23228844,0.050833028,0.4864865
175,321,0.19473885,0.035242006,0.67601246
176,249,0.2465648,0.03764234,0.61445785
177,72,0.27874815,0.05452897,0.4861111
178,323,0.25792587,0.049636394,0.504644
179,288,0.2555321,0.045371115,0.5277778
180,340,0.2964413,0.08884046,0.29705882
181,216,0.2848509,0.048326805,0.5138889
182,288,0.2236672,0.03189835,0.6423611
183,340,0.2656546,0.07537012,0.3382353
184,121,0.25165918,0.029015519,0.6528926
185,292,0.31296268,0.074883014,0.41095892
186,101,0.32632154,0.122400135,0.1980198
187,207,0.22136982,0.034985334,0.6183575
188,393,0.3662473,0.13024454,0.2519084
189,112,0.19193268,0.023124598,0.77678573
190,368,0.26117754,0.049482606,0.5027174
191,366,0.2742807,0.072761886,0.40163934
192,568,0.27841175,0.06257222,0.4225352
193,441,0.28803322,0.07129979,0.3696145
194,401,0.3387735,0.14190373,0.20199502
195,201,0.32238272,0.08578599,0.3482587
196,301,0.2663226,0.059522558,0.4451827
197,169,0.22649157,0.027441666,0.6627219
198,248,0.3091401,0.13699561,0.24596775
199,170,0.28584468,0.043864153,0.5411765
200,265,0.23086843,0.044337206,0.5509434
201,392,0.2712838,0.05960013,0.44132653
202,350,0.22042803,0.052502416,0.48
203,298,0.28890106,0.08618972,0.33892617
204,304,0.27358395,0.05666956,0.44407895
205,275,0.22069508,0.04221431,0.57454544
206,70,0.17588276,0.012550686,0.8142857
207,272,0.2401483,0.048796654,0.5036765
208,212,0.24194181,0.047376707,0.5330189
209,346,0.20150799,0.035937503,0.6676301
210,328,0.22852659,0.035282493,0.652439
211,297,0.20638482,0.039218612,0.6060606
212,169,0.27828863,0.06473963,0.43195266
213,367,0.29037088,0.08195831,0.30790192
214,371,0.25761226,0.058723345,0.43665767
215,285,0.28280282,0.058355,0.4526316
216,253,0.22720684,0.05801811,0.45454547
217,171,0.6921406,0.45274508,0.09356725
218,327,0.25069898,0.07379099,0.36391437
219,296,0.25024784,0.069697365,0.35135135
220,157,0.24085535,0.039107244,0.5732484
221,330,0.20703903,0.039915167,0.6151515
222,292,0.24256685,0.04024158,0.55479455
223,94,0.2174451,0.03372056,0.61702126
224,267,0.36956322,0.123270266,0.2059925
225,240,0.28568852,0.0711593,0.37916666
226,267,0.27106786,0.05961816,0.4456929
227,203,0.24485049,0.046932694,0.55172414
228,226,0.4468987,0.20500645,0.123893805
229,155,0.2709706,0.06880304,0.4064516
230,358,0.27512178,0.0786642,0.34078214
231,308,0.3441686,0.12253451,0.20779221
232,301,0.26718292,0.0811596,0.26578072
233,117,0.21503972,0.032587666,0.6581197
234,176,0.23653118,0.046815507,0.51704544
235,255,0.3074461,0.06402798,0.44313726
236,192,0.2608367,0.052430548,0.47916666
237,246,0.24709499,0.03972664,0.5691057
238,80,0.22329065,0.03618931,0.6375
239,67,0.24971405,0.07327521,0.37313432
240,251,0.3452771,0.16171324,0.17928287
241,285,0.24935947,0.05259423,0.46666667
242,383,0.23061134,0.05312834,0.46214098
243,297,0.19295019,0.0356022,0.6632997
244,166,0.19360936,0.024548471,0.7710843
245,229,0.23942678,0.033659283,0.6375546
246,232,0.25743353,0.051215127,0.49568966
247,256,0.2977371,0.08411115,0.30859375
248,316,0.29838026,0.09180628,0.3386076
249,392,0.24665284,0.050154794,0.5
250,186,0.24593312,0.036912546,0.56989247
251,211,0.2742625,0.03785792,0.5971564
252,84,0.19525495,0.028905824,0.6904762
253,367,0.24249583,0.051203236,0.47956404
254,326,0.3169595,0.1106656,0.2607362
255,234,0.26999837,0.052600577,0.47863248
256,310,0.30893382,0.06706364,0.4
257,227,0.21599443,0.03693813,0.6343612
258,312,0.24292068,0.057452973,0.4551282
259,147,0.20639871,0.023474474,0.71428573
260,115,0.2968136,0.09321835,0.2521739
261,324,0.2735604,0.06965239,0.4074074
262,256,0.22411808,0.057581,0.4453125
263,323,0.3564692,0.12501375,0.19814241
264,303,0.26752654,0.041686058,0.56765676
265,217,0.3251158,0.09597233,0.29953918
266,238,0.28607625,0.0680456,0.40756303
267,301,0.27123055,0.053877737,0.47508305
268,502,0.27327853,0.05699536,0.45019922
269,280,0.20939806,0.027888654,0.6964286
270,193,0.24478358,0.04366363,0.5751295
271,316,0.3212953,0.08356176,0.35443038
272,210,0.25843656,0.072143525,0.37619048
273,383,0.3080726,0.065561794,0.3994778
274,150,0.23331791,0.035973586,0.6066667
275,332,0.24364045,0.06839105,0.36746988
276,339,0.34521946,0.11094569,0.24188791
277,299,0.29628593,0.066347055,0.41137123
278,192,0.26874137,0.047905862,0.5260417
279,346,0.25466985,0.059385523,0.44508672
280,157,0.21251547,0.041850243,0.58598727
281,251,0.2306443,0.045123145,0.5418327
282,186,0.23238906,0.030912137,0.6505376
283,231,0.23404053,0.038091216,0.58441556
284,214,0.23651686,0.040465787,0.57009345
285,236,0.25722325,0.059183143,0.4279661
286,481,0.2965562,0.08509829,0.3180873
287,345,0.27833772,0.05227735,0.47826087
288,173,0.21098225,0.03462272,0.63583815
289,373,0.3560562,0.10210947,0.2627346
290,193,0.24475801,0.048472755,0.5181347
291,363,0.30345362,0.07518034,0.38292012
292,281,0.2798645,0.060094837,0.430605
293,284,0.21223442,0.042263042,0.5915493
294,213,0.26226082,0.08440837,0.26760563
295,176,0.22197998,0.032750927,0.6363636
296,233,0.22162537,0.04445101,0.5493562
297,111,0.22286102,0.035988264,0.6576577
298,174,0.2573744,0.07494457,0.28735632
299,290,0.25784868,0.05174053,0.48965517
300,262,0.26320052,0.06640017,0.43129772
301,108,0.24427594,0.043716718,0.5555556
302,301,0.31324562,0.1117862,0.27242523
303,162,0.2761645,0.06418419,0.42592594
304,180,0.23931727,0.039116446,0.6
305,127,0.29579902,0.062124647,0.41732284
306,243,0.21610951,0.037242167,0.61728394
307,236,0.2614625,0.053362884,0.4618644
308,236,0.21031037,0.038121212,0.61864406
309,239,0.293309,0.07592121,0.36401674
310,262,0.33030865,0.08042282,0.2977099
311,111,0.255018,0.04177094,0.5945946
312,214,0.32154328,0.08953206,0.30373833
313,255,0.22082403,0.05029391,0.49803922
314,419,0.28875935,0.09994583,0.22911695
315,272,0.2622495,0.082931355,0.31985295
316,252,0.27805394,0.10446119,0.20238096
317,218,0.24102435,0.044284575,0.55504584
318,234,0.2261067,0.042496115,0.55982906
319,320,0.26120648,0.064137556,0.41875
320,259,0.30043453,0.10904674,0.23552124
321,270,0.30898538,0.10302808,0.27037036
322,259,0.2575208,0.06491491,0.3899614
323,240,0.23111892,0.046955403,0.5125
324,253,0.27423745,0.084319435,0.35573122
325,241,0.1974979,0.03389443,0.6721992
326,291,0.29757294,0.08195249,0.33676976
327,128,0.24025792,0.0722418,0.375
328,210,0.32833517,0.090982094,0.32857144
329,233,0.26650935,0.06835089,0.36051503
330,403,0.3460939,0.10932492,0.29528537
331,348,0.3156153,0.06642203,0.42528737
332,57,0.1834085,0.017492274,0.75438595
333,208,0.30259058,0.06874493,0.42307693
334,243,0.23592828,0.03349276,0.6255144
335,121,0.29263124,0.123965345,0.19008264
336,247,0.24860005,0.040312115,0.55870444
337,105,0.2898033,0.06263224,0.3809524
338,283,0.2565482,0.059199817,0.41342756
339,211,0.23414995,0.036129512,0.6066351
340,123,0.29493082,0.062261593,0.43089432
341,154,0.29839802,0.061508045,0.45454547
342,337,0.271306,0.063982874,0.43620178
343,189,0.2247455,0.04386641,0.55026454
344,216,0.18202084,0.02571183,0.712963
345,286,0.29845685,0.070348,0.3811189
346,167,0.2246886,0.03896108,0.5988024
347,254,0.22738689,0.048708577,0.507874
348,311,0.29760474,0.08962696,0.28938907
349,220,0.36355385,0.16295175,0.086363636
350,291,0.30699757,0.10916481,0.2749141
351,263,0.2508062,0.054661214,0.47528517
352,189,0.2749904,0.07343852,0.33333334
353,223,0.25281078,0.0574068,0.44394618
354,206,0.24516094,0.059333924,0.41747573
355,242,0.2276321,0.03957008,0.57024795
356,166,0.20943202,0.024708567,0.79518074
357,234,0.24182966,0.040165585,0.5854701
358,310,0.23181778,0.048151344,0.5064516
359,209,0.31017357,0.10005904,0.26794258
360,242,0.26038706,0.046670362,0.5206612
361,239,0.3248431,0.12839109,0.1380753
362,243,0.23325157,0.03818774,0.6090535
363,219,0.23223579,0.045482673,0.5296804
364,234,0.27820683,0.08180776,0.3803419
365,258,0.3042066,0.09488819,0.31007752
366,268,0.23326808,0.05100128,0.48507464
367,135,0.24487846,0.033992317,0.5703704
368,262,0.3053436,0.060014836,0.45801526
369,202,0.328067,0.14442265,0.13861386
370,229,0.25800675,0.07295685,0.34934497
371,236,0.28375876,0.05738681,0.44915253
372,203,0.37004802,0.18081497,0.12807882
373,163,0.24532124,0.04364036,0.5644172
374,233,0.30736807,0.08876004,0.31330472
375,205,0.21594147,0.043650467,0.5512195
376,171,0.3017754,0.10035862,0.25146198
377,176,0.33244252,0.072681084,0.3806818
378,118,0.21790065,0.053678654,0.43220338
379,237,0.21773475,0.04137869,0.56962025
380,247,0.26308942,0.05998751,0.42510122
381,217,0.24006896,0.0378386,0.56682026
382,201,0.29426298,0.10647068,0.19900498
383,210,0.26912075,0.052267876,0.4857143
384,186,0.23152578,0.03850846,0.62903225
385,167,0.2889861,0.12701125,0.23353294
386,164,0.24577935,0.06332582,0.40243903
387,133,0.23514442,0.032162946,0.6315789
388,218,0.27307057,0.099183336,0.25688073
389,124,0.27714258,0.09426224,0.36290324
390,320,0.3628681,0.14428619,0.190625
391,216,0.27007258,0.076993614,0.3611111
392,182,0.2301575,0.06520612,0.36813188
393,163,0.34647006,0.11486194,0.2638037
394,263,0.2928044,0.06973655,0.4296578
395,292,0.27237839,0.06412551,0.42465752
396,175,0.3045319,0.0721087,0.3942857
397,267,0.3246022,0.104486026,0.17977528
398,284,0.26900887,0.072333515,0.37676057
399,213,0.3433018,0.09621414,0.29107982
400,205,0.2489317,0.061661955,0.41463414
401,106,0.22084016,0.039561257,0.5849057
402,252,0.26850897,0.0644303,0.41269842
403,217,0.2730263,0.067045346,0.3686636
404,182,0.2694469,0.06765381,0.4010989
405,255,0.39087966,0.16032657,0.15686275
406,173,0.2789882,0.0845846,0.35260117
407,203,0.2742488,0.07505022,0.3546798
408,155,0.3054587,0.12908544,0.16774194
409,205,0.27090076,0.05801119,0.46341464
410,245,0.34189653,0.10194478,0.2734694
411,189,0.24438788,0.04246694,0.5714286
412,243,0.28330708,0.07419436,0.3580247
413,197,0.22978485,0.040464967,0.5431472
414,201,0.23070325,0.04841952,0.5074627
415,164,0.2290315,0.045845497,0.5121951
416,274,0.27163368,0.07292959,0.35036495
417,166,0.27919084,0.06009648,0.43975905
418,199,0.2685799,0.058673862,0.42713568
419,138,0.3652026,0.14429018,0.23188406
420,180,0.29471517,0.06541179,0.40555555
421,201,0.26116815,0.058137074,0.43781096
422,178,0.2564502,0.044583786,0.53932583
423,261,0.2821986,0.05380926,0.45210728
424,152,0.30961072,0.082090095,0.38157895
425,171,0.4082318,0.18134543,0.14035088
426,160,0.29721648,0.12006055,0.24375
427,90,0.20155206,0.024718542,0.75555557
428,136,0.31503826,0.11524746,0.2720588
429,155,0.22633658,0.033790447,0.63225806
430,186,0.26757538,0.06311969,0.4139785
431,264,0.28023982,0.053487908,0.47727272
432,181,0.2752828,0.05588305,0.45303866
433,170,0.29569393,0.074322104,0.32941177
434,189,0.24787015,0.049662888,0.50793654
435,216,0.25481203,0.06484459,0.4212963
436,182,0.26374376,0.06980995,0.37362638
437,128,0.26985297,0.060407266,0.421875
438,179,0.30072778,0.105308,0.25698325
439,190,0.28914577,0.06067461,0.4368421
440,171,0.36058226,0.11850317,0.34502923
441,278,0.2766788,0.08896018,0.30215827
442,333,0.3384456,0.119647734,0.2822823
443,137,0.27150768,0.08328632,0.30656934
444,228,0.24338828,0.06470059,0.41666666
445,275,0.29902786,0.07199316,0.36
446,216,0.26895252,0.063659504,0.41203704
447,174,0.25617623,0.07772039,0.3218391
448,193,0.33368984,0.10422239,0.32124352
449,90,0.19824195,0.031076513,0.6666667
450,263,0.3026109,0.09018596,0.2623574
451,171,0.241382,0.05093502,0.49122807
452,264,0.25775534,0.07514243,0.33333334
453,200,0.23289621,0.060790442,0.4
454,196,0.3729088,0.16508469,0.1734694
455,259,0.24299474,0.048471637,0.5096525
456,150,0.26231748,0.056344382,0.44666666
457,210,0.25463063,0.061399378,0.42380953
458,221,0.25928125,0.061892554,0.4162896
459,206,0.34197462,0.12921396,0.1699029
460,243,0.27275804,0.0573885,0.45679012
461,182,0.22912157,0.047612164,0.51648355
462,184,0.24463248,0.05662345,0.45652175
463,175,0.31078357,0.08064286,0.38857144
464,144,0.253047,0.057773657,0.45833334
465,218,0.2876907,0.06855767,0.36697248
466,149,0.21728434,0.027250761,0.7114094
467,254,0.25451255,0.051126182,0.496063
468,280,0.33406073,0.07748927,0.39285713
469,253,0.26151648,0.06948096,0.37944663
470,184,0.25071985,0.08874262,0.26086956
471,82,0.24627861,0.034732945,0.5731707
472,272,0.32549718,0.08708218,0.3382353
473,292,0.3657878,0.14496367,0.15068494
474,182,0.23078161,0.05045838,0.4945055
475,258,0.2739132,0.08741723,0.2751938
476,212,0.2893394,0.07893632,0.31603774
477,158,0.17999257,0.023951251,0.7531645
478,143,0.21436736,0.040102374,0.6293706
479,211,0.25193837,0.05653048,0.45971563
480,190,0.28251883,0.050611794,0.49473685
481,156,0.24246803,0.0669111,0.37820512
482,161,0.22114699,0.04465224,0.54037267
483,298,0.27206284,0.060988024,0.43288592
484,172,0.28579938,0.054379746,0.45930234
485,182,0.23479912,0.053329565,0.48351648
486,159,0.27053297,0.069053784,0.35220125
487,206,0.33152804,0.09273054,0.35436893
488,164,0.33993635,0.13782454,0.25
489,154,0.3130606,0.0768792,0.35714287
490,184,0.2539792,0.0502863,0.5
491,172,0.28309602,0.05210898,0.49418604
492,271,0.26665458,0.045197982,0.53136533
493,220,0.3753646,0.17059872,0.18181819
494,178,0.41786247,0.15811294,0.23595506
495,181,0.28748816,0.05816579,0.43093923
496,178,0.25683403,0.07009513,0.3483146
497,154,0.3117031,0.10360905,0.26623377
498,193,0.302371,0.0966964,0.23834197
499,178,0.26328015,0.061882645,0.38764045
