topic_index,topic_id,name,parent_id,kind,assigned_documents,inclusive_parent_documents,eligible_leaf_documents,accepted_topic_documents,enabled
0,M000,电池与充电设施热管理,M000,parent,2068,7652,0,0,True
1,M001,功能传感材料与电化学检测,M001,parent,8079,8079,0,0,True
2,M002,电力电子控制与频率调节,M002,parent,6071,6071,0,0,True
3,M003,风能开发与风电技术经济,M003,parent,16789,19032,0,0,True
4,M004,钙钛矿氧化物电催化,M004,parent,6707,6707,0,0,True
5,M005,电网建设与供电服务政策,M005,parent,891,891,0,12,True
6,M006,层状电池正极与离子导体,M006,parent,10778,10778,0,0,True
7,M007,电极涂布与通用成形加工,M007,parent,2640,2827,0,0,True
8,M008,二氧化碳电还原催化,M008,parent,18060,18060,0,6922,True
9,M009,土壤碳过程与土壤改良,M009,parent,8771,8771,0,0,True
10,M010,光催化与光生物制氢,M010,parent,8403,20577,0,0,True
11,M011,聚合物介电绝缘与储能,M011,parent,8560,8613,0,0,True
12,M012,集成电路与电子封装,M012,parent,6305,6404,0,0,True
13,M013,电池单体模组及用电器件混合,M013,parent,2653,2653,0,0,True
14,M014,通用机器学习与优化算法,M014,parent,12972,12972,0,0,True
15,M015,生物质能源利用与可持续性,M015,parent,14627,17038,0,0,True
16,M016,电磁场耦合与电磁换能,M016,parent,11236,12374,0,0,True
17,M017,电力智能算法与多场景辨识,M017,parent,5803,5803,0,0,True
18,M018,太阳能采集光学与空间应用,M018,parent,12392,12392,0,0,True
19,M019,纳米复合材料与多类器件,M019,parent,11869,11869,0,0,True
20,M020,金属离子吸附与材料化学,M020,parent,12882,12882,0,0,True
21,M021,钠离子电池材料与电解液,M021,parent,2536,4250,0,0,True
22,M022,功率半导体器件与电路结构,M022,parent,2786,2786,0,0,True
23,M023,海洋资源开发与海上工程,M023,parent,8670,9050,0,0,True
24,M024,通用防护支撑与安装结构混杂簇024,M024,parent,2257,2257,0,0,True
25,M025,硫化镉等硫族薄膜制备,M025,parent,6429,6429,0,0,True
26,M026,变压器与高压开关设备,M026,parent,13474,13474,0,0,True
27,M027,电动汽车充电设施及并网,M027,parent,6665,7286,0,0,True
28,M028,聚变等离子体诊断,M028,parent,12510,12510,0,0,True
29,M029,碳基电极与多孔材料制备,M029,parent,2546,2546,0,0,True
30,M030,车辆驱动制动与运动控制,M030,parent,14154,14154,0,0,True
31,M031,煤炭产业布局与清洁利用政策,M031,parent,1739,1739,0,0,True
32,M032,石油产业与油价经济,M032,parent,19492,21945,0,0,True
33,M033,污泥资源化与水处理,M033,parent,9785,9967,0,0,True
34,M034,太阳能集热与热利用装置,M034,parent,1814,4261,0,0,True
35,M035,风机传动支撑与轴承部件,M035,parent,2006,2006,0,0,True
36,M036,光催化二氧化碳转化与氧化还原,M036,parent,17096,21866,0,0,True
37,M037,电气计量校准与测量不确定度,M037,parent,10427,10427,0,0,True
38,M038,碳达峰与综合节能政策,M038,parent,862,862,0,0,True
39,M039,碳定价与减排经济机制,M039,parent,17615,17615,0,0,True
40,M040,电池单体与模组构件装配,M040,parent,4989,5487,0,0,True
41,M041,无线充电与充电器结构,M041,parent,2024,3239,0,0,True
42,M042,气体处理气化与天然气水合物,M042,parent,10603,11210,0,0,True
43,M043,二氧化碳及混合气体膜分离,M043,parent,6911,6911,0,0,True
44,M044,铜铟镓硒薄膜光伏,M044,parent,16487,16487,0,0,True
45,M045,煤气化与燃煤清洁转化,M045,parent,7769,8895,0,0,True
46,M046,分离膜制备与膜污染控制,M046,parent,15227,19289,0,0,True
47,M047,配电网柔性调度与协同规划,M047,parent,10358,11034,0,0,True
48,M048,电池隔膜、聚合物电解质与粘结剂,M048,parent,5322,8168,0,0,True
49,M049,固态及凝胶聚合物电解质,M049,parent,10596,13508,0,0,True
50,M050,储能及通用装置温控换热,M050,parent,3344,3344,0,0,True
51,M051,电气故障保护与暂态检测,M051,parent,2875,2875,0,0,True
52,M052,电能变换与驱动控制电路,M052,parent,2268,2268,0,0,True
53,M053,电价与输配电价监管政策,M053,parent,735,873,0,0,True
54,M054,含铜化合物结构与功能,M054,parent,9722,9722,0,0,True
55,M055,电储能系统配置与运行,M055,parent,9423,10697,0,0,True
56,M056,射频微波电路与功率放大,M056,parent,18791,18791,0,0,True
57,M057,有价金属浸出回收,M057,parent,16905,16905,0,0,True
58,M058,厌氧过程微生物与生物能源,M058,parent,9884,10692,0,0,True
59,M059,超级电容器电极与器件,M059,parent,28623,28623,0,26907,True
60,M060,有机合成与分子功能材料,M060,parent,16956,16956,0,0,True
61,M061,热工设备换热与工况分析,M061,parent,10988,10988,0,0,True
62,M062,生物质热解与炭化,M062,parent,16544,16544,0,4885,True
63,M063,锂钠电池电解液与正极配方,M063,parent,3043,3043,0,0,True
64,M064,电磁兼容干扰与电缆检测,M064,parent,9067,9067,0,0,True
65,M065,环境税费补贴与市场规制,M065,parent,13266,16052,0,0,True
66,M066,钙钛矿太阳能电池界面与器件性能,M066,parent,23090,32519,0,0,True
67,M067,水热溶剂热合成与功能材料,M067,parent,8405,8405,0,0,True
68,M068,宽禁带半导体外延与结器件,M068,parent,10227,13389,0,0,True
69,M069,气象水文预测与环境评估,M069,parent,8178,8178,0,0,True
70,M070,功能聚合物合成与结构,M070,parent,17650,17650,0,0,True
71,M071,氢能产业与制氢技术经济,M071,parent,10314,11761,0,0,True
72,M072,电极过程与电化学沉积,M072,parent,16800,16800,0,0,True
73,M073,通用防护支撑与安装结构混杂簇073,M073,parent,2048,2048,0,0,True
74,M074,铋基氧化物光催化材料,M074,parent,9178,9178,0,0,True
75,M075,通用催化剂与催化反应工程,M075,parent,18071,18071,0,0,True
76,M076,机电传动与运动执行装置,M076,parent,2866,2866,0,0,True
77,M077,充电连接与通用部件混合,M077,parent,2245,2245,0,0,True
78,M078,燃料电池系统运行控制,M078,parent,2150,2662,0,0,True
79,M079,污染物光催化降解,M079,parent,14060,38354,0,0,True
80,M080,电力市场与售电制度政策,M080,parent,1033,1033,0,0,True
81,M081,智能电网体系与通信,M081,parent,11967,12770,0,0,True
82,M082,配电网电压无功与电能质量,M082,parent,11053,13375,0,0,True
83,M083,电池单体电极及模组结构,M083,parent,4706,4706,0,0,True
84,M084,多类功能薄膜与纳米器件,M084,parent,7945,7945,0,0,True
85,M085,光伏组件性能建模与故障检测,M085,parent,13829,15707,0,0,True
86,M086,制氢储氢与加氢系统,M086,parent,2088,2605,0,0,True
87,M087,污水厌氧处理与产能回收,M087,parent,11007,11287,0,0,True
88,M088,信号处理测量与电力扰动,M088,parent,17989,17989,0,0,True
89,M089,电动汽车充电控制,M089,parent,2994,3833,0,0,True
90,M090,等离子体湍流与不稳定性,M090,parent,11517,11517,0,0,True
91,M091,天然气输配与气价政策,M091,parent,579,579,0,0,True
92,M092,电能变换波浪能与互感器混合,M092,parent,11005,11005,0,0,True
93,M093,晶体缺陷外延与变形,M093,parent,9428,9428,0,0,True
94,M094,泄漏检测与多设备状态监测,M094,parent,3359,3359,0,0,True
95,M095,电力设备通信与控制系统,M095,parent,3299,3299,0,0,True
96,M096,永磁电机与磁路设计,M096,parent,4701,4934,0,0,True
97,M097,建筑与工业冷却节能,M097,parent,10115,10221,0,0,True
98,M098,无人机巡检与电网作业,M098,parent,1654,1654,0,0,True
99,M099,磁重联与磁场材料效应,M099,parent,13025,13025,0,0,True
100,M100,人类世生态危机与社会转型,M100,parent,9450,9450,0,0,True
101,M101,电力设备与线路故障检测、定位和诊断,M101,parent,21019,24891,0,0,True
102,M102,金属基复合材料与耐磨制造,M102,parent,10563,10563,0,0,True
103,M103,发动机燃气轮机与动力机械,M103,parent,11593,13366,0,0,True
104,M104,微电网能量管理与优化,M104,parent,10962,13931,0,0,True
105,M105,电动汽车推广与整车能耗,M105,parent,11899,14383,0,0,True
106,M106,模板化晶体数据库记录,M106,parent,10465,10465,0,0,True
107,M107,储能充放电与变流控制,M107,parent,2002,2002,0,0,True
108,M108,水系锌电池与锌空气电池,M108,parent,9518,17476,0,0,True
109,M109,电气柜密封防护与开关部件,M109,parent,2606,2606,0,0,True
110,M110,机柜装配与通用机械部件,M110,parent,3155,3155,0,0,True
111,M111,电站锅炉汽轮机与设备运维,M111,parent,8434,8434,0,0,True
112,M112,二氧化钛光催化材料与反应,M112,parent,38720,47482,0,0,True
113,M113,水分离采集与流体界面技术,M113,parent,11433,11955,0,0,True
114,M114,二氧化碳吸收溶解与水合物,M114,parent,10722,12672,0,0,True
115,M115,电源装置与供电电路结构,M115,parent,2180,2180,0,0,True
116,M116,制冷循环工质与能效,M116,parent,11564,12052,0,0,True
117,M117,煤矿产能及经营公告,M117,parent,298,298,0,0,True
118,M118,煤矿安全生产与许可管理,M118,parent,590,590,0,0,True
119,M119,电力载波与通信传输,M119,parent,12726,13476,0,0,True
120,M120,波浪能装置与海洋水动力,M120,parent,17713,20864,0,0,True
121,M121,热电材料与热电性能优化,M121,parent,28891,28891,0,860,True
122,M122,磁约束等离子体运行与边界,M122,parent,12766,12766,0,0,True
123,M123,电力系统碳计量与低碳调度,M123,parent,3391,3391,0,219,True
124,M124,重整气化与合成气制氢,M124,parent,11227,12524,0,0,True
125,M125,氮化碳及复合光催化材料,M125,parent,15701,15701,0,0,True
126,M126,质子交换及功能聚合物膜,M126,parent,13564,13564,0,0,True
127,M127,石墨烯复合材料与多场景应用,M127,parent,19841,19941,0,0,True
128,M128,生物质与污泥厌氧消化产气,M128,parent,15747,19689,0,2150,True
129,M129,能源网络安全与隐私保护,M129,parent,12250,12250,0,0,True
130,M130,光伏电池及组件结构制造,M130,parent,2674,3488,0,0,True
131,M131,超级电容器复合电极材料,M131,parent,12789,12789,0,0,True
132,M132,排放交易与污染治理政策研究,M132,parent,16000,18766,0,0,True
133,M133,功能薄膜沉积与表征,M133,parent,13172,13172,0,0,True
134,M134,电连接器接线与端口结构,M134,parent,2483,2567,0,0,True
135,M135,电力市场机制与产消者经济,M135,parent,19158,20640,0,0,True
136,M136,电解与其他路线制氢技术,M136,parent,11821,14857,0,0,True
137,M137,光伏出力预测与系统参数建模,M137,parent,10193,10708,0,0,True
138,M138,变压器油纸绝缘诊断,M138,parent,5471,5471,0,0,True
139,M139,厌氧微生物产甲烷机制,M139,parent,11081,11081,0,0,True
140,M140,半导体载流子与电荷输运,M140,parent,14702,14702,0,0,True
141,M141,电机转子定子与装配结构,M141,parent,2327,2978,0,0,True
142,M142,微电网变流器协调与功率分配,M142,parent,11721,14292,0,0,True
143,M143,能源作物种植与生物质采收,M143,parent,10637,10637,0,0,True
144,M144,陆面气象与蒸散估计,M144,parent,11328,11328,0,0,True
145,M145,铁基催化剂与氧电催化,M145,parent,11540,11540,0,0,True
146,M146,节能减排财政资金安排,M146,parent,240,240,0,0,True
147,M147,电极与电机铁芯制造装置,M147,parent,2006,2006,0,0,True
148,M148,临床疾病与健康研究,M148,parent,9305,9305,0,0,True
149,M149,储能技术与能量转换综述,M149,parent,4282,4282,0,0,True
150,M150,多孔碳吸附二氧化碳,M150,parent,15323,15323,0,754,True
151,M151,镁基及多组元合金性质,M151,parent,11885,11885,0,0,True
152,M152,硅基材料与碳化硅陶瓷,M152,parent,12386,13631,0,0,True
153,M153,无线电能传输电路与系统,M153,parent,12987,12987,0,4887,True
154,M154,电解水析氧催化,M154,parent,21799,21799,0,5379,True
155,M155,电力交易竞价与市场优化,M155,parent,12402,12402,0,425,True
156,M156,水工引水排水与杂项装置,M156,parent,2210,2210,0,0,True
157,M158,有机光伏材料、器件与载流子输运,M158,parent,22530,29649,0,0,True
158,M159,太阳辐照预测与光伏环境建模,M159,parent,7709,10830,0,0,True
159,M160,通用互联网协议与通信网络,M160,parent,13675,13675,0,0,True
160,M161,车辆操稳道路与轮胎交互,M161,parent,9559,9559,0,0,True
161,M162,电气传感与多设备测量,M162,parent,5216,5216,0,0,True
162,M163,分布式电源接入与配电网运行,M163,parent,3542,3542,0,0,True
163,M164,输电线路雷电接地与电磁影响,M164,parent,11542,12509,0,0,True
164,M165,天然气供能与燃气动力系统,M165,parent,8085,8085,0,0,True
165,M166,多类太阳能电池结构与性能,M166,parent,12467,14596,0,0,True
166,M167,晶硅异质结与硅基光伏制造,M167,parent,14347,14347,0,0,True
167,M168,粒子束辐照与半导体材料缺陷,M168,parent,8490,8490,0,0,True
168,M169,电池荷电状态健康状态与建模,M169,parent,7680,15413,0,0,True
169,M171,能源转型与能源安全研究,M171,parent,20605,20928,0,0,True
170,M172,最优潮流与电网优化运行,M172,parent,10617,10617,0,0,True
171,M173,燃烧稳定与低污染排放,M173,parent,13452,13452,0,0,True
172,M174,电池正极改性与再生工艺,M174,parent,2668,2668,0,0,True
173,M175,电力负荷预测与短路等系统计算混合,M175,parent,4483,4500,0,0,True
174,M176,空化流动与水动力,M176,parent,11501,11501,0,0,True
175,M177,光伏最大功率点跟踪,M177,parent,16567,16567,0,0,True
176,M178,纳米结构输运与器件基础,M178,parent,11231,11231,0,0,True
177,M179,离子液体与电解质基础,M179,parent,11504,11504,0,0,True
178,M180,超导与量子材料基础,M180,parent,6121,6121,0,0,True
179,M181,电池组结构均衡与供能电路,M181,parent,3509,3509,0,0,True
180,M182,聚变装置与粒子束工程,M182,parent,10669,10871,0,0,True
181,M183,导航定位与遥感观测,M183,parent,9124,9124,0,0,True
182,M184,通用控制器与电力控制算法,M184,parent,17208,17208,0,0,True
183,M185,卤化物钙钛矿结构、光电物性与发光,M185,parent,30730,30730,0,0,True
184,M186,风电场运行与功率优化,M186,parent,13574,13574,0,0,True
185,M187,煤热解气化与煤质特性,M187,parent,11798,11798,0,0,True
186,M188,通用反应分离与气液处理装置,M188,parent,1968,1968,0,0,True
187,M189,欧洲能源转型与能源政策研究,M189,parent,16861,16861,0,0,True
188,M190,风力机叶片与气动设计,M190,parent,20539,20539,0,0,True
189,M191,充电负荷预测与园区用电调配,M191,parent,1687,2044,0,0,True
190,M192,固态储氢材料与反应器,M192,parent,16891,16891,0,2264,True
191,M193,含锂化合物与锂金属界面,M193,parent,12223,14408,0,0,True
192,M194,多设备温控与智能散热,M194,parent,4406,4417,0,0,True
193,M195,股票价格与通用金融预测,M195,parent,12328,12328,0,0,True
194,M196,碳捕集封存与碳移除系统,M196,parent,13262,13815,0,0,True
195,M197,混合动力与整车能量管理,M197,parent,15676,15676,0,0,True
196,M198,铜基热电及功能复合材料,M198,parent,6333,6869,0,0,True
197,M199,电池负极活性材料与电池器件,M199,parent,2559,2559,0,0,True
198,M200,交直流供电与储备能源控制,M200,parent,3092,3092,0,0,True
199,M201,直流输电保护与故障限流,M201,parent,11031,11031,0,0,True
200,M202,电化学电极与摩擦电材料混合,M202,parent,9685,11694,0,0,True
201,M203,氧化锌复合光催化材料,M203,parent,13005,15700,0,0,True
202,M204,纳米表征与光学传感材料,M204,parent,8394,8394,0,0,True
203,M205,发电项目电价结算及清单政策,M205,parent,231,231,0,0,True
204,M206,电池测试表征与性能评估,M206,parent,9010,10614,0,0,True
205,M207,激子量子点与发光机理,M207,parent,16014,16014,0,0,True
206,M208,组件边框与通用结构材料,M208,parent,2110,2110,0,0,True
207,M209,能源企业组织投资与管理,M209,parent,12691,12691,0,0,True
208,M210,有机半导体光物理与光电响应,M210,parent,10829,10829,0,0,True
209,M211,地热资源开发与换热,M211,parent,11871,14038,0,0,True
210,M212,直流变换器拓扑与设计,M212,parent,18808,19898,0,0,True
211,M213,等离子体波与高能粒子作用,M213,parent,14465,14465,0,0,True
212,M214,电力电缆绝缘与运行诊断,M214,parent,8594,8594,0,0,True
213,M215,通信网络路由与拓扑,M215,parent,13770,13770,0,0,True
214,M216,电池极耳焊接及耳机等混合部件,M216,parent,1059,1068,0,0,True
215,M217,电力可靠性与电气安全,M217,parent,12063,12504,0,0,True
216,M218,离子液体萃取与金属分离,M218,parent,8337,8337,0,0,True
217,M219,气候变化治理与国际政策,M219,parent,21895,22266,0,0,True
218,M221,系统可靠性及暂态稳定混合,M221,parent,10951,11380,0,0,True
219,M222,局部放电电晕与放电物理,M222,parent,7985,10639,0,0,True
220,M223,锂金属沉积与含锂电极材料,M223,parent,15769,18243,0,0,True
221,M224,木质纤维素预处理与生化转化,M224,parent,13717,14010,0,0,True
222,M225,泵水轮机与水力机械流动,M225,parent,15408,15408,0,0,True
223,M226,生物炭制备与环境应用,M226,parent,8602,9136,0,0,True
224,M227,离子导电及功能聚合物,M227,parent,13534,13534,0,0,True
225,M228,过硫酸盐活化与高级氧化,M228,parent,13343,13343,0,3673,True
226,M229,空调通风与空气处理,M229,parent,8973,8973,0,0,True
227,M230,能源审计与综合节能评估,M230,parent,19317,19591,0,0,True
228,M231,通用安装固定与机电结构,M231,parent,4241,4241,0,0,True
229,M232,高温钢材蠕变腐蚀与焊接,M232,parent,10408,10408,0,0,True
230,M233,专利权利要求格式与杂项器件,M233,parent,2831,2831,0,0,True
231,M234,多种掺杂氧化物及功能化合物,M234,parent,11909,11909,0,0,True
232,M235,半导体光电化学水分解,M235,parent,10970,10970,0,2686,True
233,M236,软开关谐振与交流变换器,M236,parent,13196,17991,0,0,True
234,M237,热电发电器件与热设计,M237,parent,15016,15016,0,0,True
235,M238,氢能供给加氢与系统集成,M238,parent,8347,9129,0,0,True
236,M239,分布式光伏部署与技术经济,M239,parent,23692,25262,0,0,True
237,M240,农业农村经济与资源发展,M240,parent,9577,9577,0,0,True
238,M241,高温及绝缘陶瓷制备,M241,parent,9985,9985,0,0,True
239,M242,薄膜晶体管与有机电子器件,M242,parent,8242,8242,0,0,True
240,M243,有机半导体供受体与分子器件材料,M243,parent,13229,13229,0,0,True
241,M244,文摘索引与教学资料记录,M244,parent,5446,5446,0,0,True
242,M245,生物油热解与燃料升级,M245,parent,13582,13582,0,0,True
243,M246,电驱控制器与机电集成装置,M246,parent,2134,2134,0,0,True
244,M247,碳基超级电容器电极,M247,parent,12699,12699,0,0,True
245,M248,虚拟电厂资源聚合与调度,M248,parent,2610,2610,0,1823,True
246,M249,镍锰及多种无机功能材料,M249,parent,11497,11497,0,0,True
247,M250,电力安全生产与应急政策,M250,parent,965,965,0,0,True
248,M251,磁性材料磁路与磁场基础,M251,parent,12703,13157,0,0,True
249,M252,热力循环余热与联供系统,M252,parent,9533,12305,0,0,True
250,M253,充电站选址与充电调度,M253,parent,9621,10747,0,0,True
251,M254,热泵与区域供热供冷,M254,parent,10959,14295,0,0,True
252,M255,二氧化碳加氢与多类催化反应,M255,parent,9613,12152,0,0,True
253,M256,电催化析氢与界面调控,M256,parent,19499,19499,0,4974,True
254,M257,锂离子电池电极材料,M257,parent,13320,13320,0,0,True
255,M258,磁电耦合与自旋极化基础,M258,parent,11714,11714,0,0,True
256,M259,固体氧化物燃料电池,M259,parent,18799,18799,0,12407,True
257,M260,综合能源系统协同管理与优化调度,M260,parent,19593,21140,0,0,True
258,M261,锂硫电池正极与多硫化物调控,M261,parent,11208,11208,0,7657,True
259,M262,电压电流检测与校验电路,M262,parent,3082,3901,0,0,True
260,M263,保护电路与开关控制,M263,parent,3277,3506,0,0,True
261,M264,电池外壳盖板与封装,M264,parent,3146,4376,0,0,True
262,M265,碳基氧还原及单原子催化,M265,parent,12569,12569,0,0,True
263,M266,绿色发展可持续性与绿色金融,M266,parent,16115,17083,0,0,True
264,M267,覆冰冻结与除冰传热,M267,parent,4246,4393,0,0,True
265,M268,燃料电池质子交换膜,M268,parent,12065,12065,0,345,True
266,M269,通用数学方程与数值方法,M269,parent,15483,15483,0,0,True
267,M271,液冷流体通道与杂项机电装置,M271,parent,2231,2231,0,0,True
268,M272,有机发光与分子光物理材料,M272,parent,13964,13964,0,0,True
269,M273,翼型螺旋桨与航空气动,M273,parent,15706,15706,0,0,True
270,M274,沼气及多路线生物燃料,M274,parent,13989,14918,0,0,True
271,M275,高分子绝缘与复合材料混合,M275,parent,9187,9187,0,0,True
272,M276,电机调制谐波与转矩控制,M276,parent,3473,4772,0,0,True
273,M277,电缆结构材料与敷设,M277,parent,3320,5585,0,0,True
274,M278,风电发电机与并网控制,M278,parent,15613,15613,0,0,True
275,M279,锂离子电池负极材料,M279,parent,23866,24119,0,0,True
276,M280,分子生物学与医学机制,M280,parent,10192,10192,0,0,True
277,M281,整体电催化水分解,M281,parent,14069,14069,0,1590,True
278,M282,光伏支架与组件机械固定,M282,parent,2893,2893,0,0,True
279,M283,航空器无人机设计与飞控,M283,parent,13159,13159,0,0,True
280,M284,电机磁路转子与铁芯设计,M284,parent,3413,3413,0,0,True
281,M285,金融投资与风险经济,M285,parent,12326,12326,0,0,True
282,M286,油路液压与油浸电气装置,M286,parent,1308,1308,0,0,True
283,M287,能源标准化许可与专项监管,M287,parent,1326,1397,0,0,True
284,M288,热泵换热器与热管理设计,M288,parent,11841,16049,0,0,True
285,M289,燃料电池铂基催化剂,M289,parent,14654,14654,0,0,True
286,M290,核裂变聚变与核电工程,M290,parent,9653,10774,0,0,True
287,M291,多体系电池配方与器件,M291,parent,4481,4481,0,0,True
288,M292,锌基硫族及氧化物薄膜,M292,parent,13393,13393,0,0,True
289,M293,铁氧化物磁性纳米材料,M293,parent,16456,16456,0,0,True
290,M294,瓶装液化石油气价格政策,M294,parent,218,218,0,0,True
291,M295,仿真软件硬件在环与教学平台,M295,parent,10712,10900,0,0,True
292,M296,电池系统管理与全寿命利用,M296,parent,9865,10250,0,0,True
293,M297,电池管理与均衡控制,M297,parent,3982,4903,0,0,True
294,M298,光学薄膜与发光表征,M298,parent,11116,11116,0,0,True
295,M299,供水管网水力状态与节能调度,M299,parent,6751,6751,0,0,True
296,M301,废旧锂电池回收、分离与材料再生,M301,parent,8343,8485,0,0,True
297,M302,场效应晶体管结构与建模,M302,parent,11901,11901,0,1961,True
298,M303,温度测量监测与温控装置,M303,parent,2838,3265,0,0,True
299,M304,出版商模板干扰的多能源文本,M304,parent,11350,11350,0,0,True
300,M305,半导体离子注入与辐照缺陷,M305,parent,9288,9288,0,0,True
301,M306,制冷循环与余热驱动制冷,M306,parent,7475,8782,0,0,True
302,M307,照明灯具与光学部件,M307,parent,6011,6346,0,0,True
303,M308,二氧化钛纳米结构制备与基础应用,M308,parent,35044,35044,0,0,True
304,M309,电气设备防护监测及杂项装置,M309,parent,3112,3112,0,0,True
305,M310,电能质量谐波检测与信号分析,M310,parent,16094,16094,0,0,True
306,M311,对流換热与换热器热工分析,M311,parent,14706,16092,0,0,True
307,M312,变电站自动化与电网监控,M312,parent,12737,12737,0,0,True
308,M313,电动车辆及充电系统装置,M313,parent,2888,2888,0,0,True
309,M314,复合氧化物合成与电化学性质,M314,parent,10419,10419,0,0,True
310,M315,变换器与电机变压器保护混合,M315,parent,13450,14020,0,0,True
311,M316,书目碎片封面与其他非研究文本,M316,parent,3892,3892,0,0,True
312,M317,电力系统频率控制及通用控制方法,M317,parent,10080,12055,0,0,True
313,M318,多体系电催化剂与电池材料制备,M318,parent,3076,3076,0,0,True
314,M319,中国能源转型与区域低碳经济,M319,parent,15098,15246,0,0,True
315,M320,多种燃料燃烧与排放评估,M320,parent,11126,11126,0,0,True
316,M321,溶剂萃取与化学分离,M321,parent,12010,12010,0,0,True
317,M322,时钟同步与时延建模,M322,parent,9040,9040,0,0,True
318,M323,等离子体动力学与磁约束,M323,parent,12382,12473,0,0,True
319,M324,二氧化碳捕集材料与工艺,M324,parent,10508,16672,0,0,True
320,M325,海上风电平台与波浪能装置,M325,parent,3640,6136,0,0,True
321,M327,硫化物固态电解质与锂硫材料混合,M327,parent,1312,1769,0,0,True
322,M328,林业经营与森林资源利用,M328,parent,13405,14778,0,0,True
323,M329,多体系纳米结构与复合材料,M329,parent,12869,12869,0,0,True
324,M330,锅炉气化与工业余热回收装置,M330,parent,2837,2837,0,0,True
325,M331,心血管及其他临床医学研究,M331,parent,8159,8159,0,0,True
326,M332,风速与风电出力预测,M332,parent,6143,11461,0,0,True
327,M333,太阳能集热器与光热利用,M333,parent,13971,17368,0,0,True
328,M334,电机驱动与机械传动装置,M334,parent,2639,2639,0,0,True
329,M335,太阳能界面蒸发与海水淡化,M335,parent,11270,11270,0,1028,True
330,M336,能效标识与多类财税结算政策混合,M336,parent,385,385,0,0,True
331,M337,可编程芯片与实时硬件实现,M337,parent,8577,9123,0,0,True
332,M338,网格数值计算与跨领域仿真混合,M338,parent,9398,9398,0,0,True
333,M339,钴基氧化物电催化与储能材料,M339,parent,9586,9586,0,0,True
334,M340,供电连接与电源电路装置,M340,parent,2322,2322,0,0,True
335,M341,硅碳负极材料与制备,M341,parent,3071,3071,0,2087,True
336,M342,光伏跟踪与太阳能装置控制,M342,parent,5409,5409,0,0,True
337,M343,相变储热材料与传热增强,M343,parent,11745,11745,0,0,True
338,M344,关键矿产供给与采矿资源,M344,parent,10275,10275,0,0,True
339,M345,甲醇电氧化与贵金属催化剂,M345,parent,14352,14352,0,0,True
340,M346,层状二维材料电子及声子性质,M346,parent,15760,15760,0,0,True
341,M347,生物质热解气化与水热转化,M347,parent,9663,15250,0,0,True
342,M348,锂电池热行为与安全机制,M348,parent,11803,13891,0,0,True
343,M349,电池热管理排气与壳体安全装置,M349,parent,1790,1790,0,0,True
344,M350,共轭高分子与光电复合材料,M350,parent,10495,10495,0,0,True
345,M351,离子交换膜传输及电化学应用,M351,parent,8263,8263,0,0,True
346,M352,欧洲能源转型与一般区域政治混合,M352,parent,9789,9789,0,0,True
347,M353,智能电网信息安全与韧性,M353,parent,7783,9335,0,0,True
348,M354,二硫化钼等二维材料与器件,M354,parent,11392,11392,0,0,True
349,M355,能源地缘政治与一般国际关系混合,M355,parent,15605,15605,0,0,True
350,M356,输配电线路视觉巡检与无人机检测,M356,parent,4023,4023,0,0,True
351,M357,机械摩擦传动与力学测量,M357,parent,13037,13037,0,0,True
352,M358,能源发展规划与综合指导政策,M358,parent,1440,1440,0,0,True
353,M359,可再生能源发展与多技术评价,M359,parent,18807,18807,0,0,True
354,M360,染料敏化太阳能电池材料与器件,M360,parent,18402,25091,0,11728,True
355,M361,电力知识处理与智能决策系统,M361,parent,3934,4079,0,0,True
356,M362,水泥混凝土性能与碳化,M362,parent,6615,6615,0,0,True
357,M363,非贵金属氧还原电催化材料,M363,parent,13639,13639,0,2222,True
358,M364,充电基础设施与公用事业接入政策混合,M364,parent,528,628,0,0,True
359,M365,多孔碳材料及储能环境应用,M365,parent,9681,11144,0,0,True
360,M366,机械装配传动与电气部件混合,M366,parent,3347,3347,0,0,True
361,M367,荧光粉组分调控与发光性质,M367,parent,20258,20258,0,0,True
362,M368,镉基硫族半导体与量子点,M368,parent,9898,9898,0,0,True
363,M369,有机场效应晶体管,M369,parent,9261,9261,0,0,True
364,M370,电力通信与无线传输装置,M370,parent,4344,4344,0,0,True
365,M371,功能纤维复合材料与织物,M371,parent,9030,9030,0,0,True
366,M372,铁化合物反应与材料应用,M372,parent,13464,13464,0,0,True
367,M373,铀钍及稀土分离提取,M373,parent,8956,11447,0,0,True
368,M374,多体系二次电池材料与电解液综述,M374,parent,17643,18686,0,0,True
369,M375,电池状态测量与诊断装置,M375,parent,3517,3517,0,0,True
370,M376,太阳辐射测量估算与大气影响,M376,parent,11796,11957,0,0,True
371,M377,电力节能与新能源应用泛论,M377,parent,9685,9685,0,0,True
372,M378,电源变流电路与电压控制装置,M378,parent,4046,4046,0,0,True
373,M379,电池包与模组结构装置,M379,parent,4363,4944,0,0,True
374,M380,永磁同步电机设计与控制,M380,parent,8518,12891,0,0,True
375,M381,电气设备散热冷却结构,M381,parent,3212,3272,0,0,True
376,M382,换热器热泵与储热装置混合,M382,parent,3253,3253,0,0,True
377,M383,纳米流体传热性质与强化,M383,parent,7502,7502,0,0,True
378,M385,锅炉蒸汽系统与汽轮机运行,M385,parent,13765,14167,0,0,True
379,M386,天然气管网供给与市场治理,M386,parent,8620,8741,0,0,True
380,M387,光伏发电功率预测方法与装置,M387,parent,2987,2987,0,1468,True
381,M388,碳纳米管、纳米纤维与功能复合材料,M388,parent,24173,24173,0,0,True
382,M389,交通运输车辆与燃料效率,M389,parent,11706,11879,0,0,True
383,M390,电缆桥架支撑与线束安装,M390,parent,2710,3473,0,0,True
384,M391,辐照材料损伤与稳定性,M391,parent,12273,12428,0,0,True
385,M392,感应电机运行控制与性能,M392,parent,17650,17650,0,3591,True
386,M393,有机发光二极管与发光材料,M393,parent,13177,13177,0,8128,True
387,M394,风电机组变桨偏航与运行控制,M394,parent,2259,2259,0,0,True
388,M395,计算流体力学与多相流,M395,parent,10897,10897,0,0,True
389,M396,开关谐振及功率调节电路,M396,parent,2859,2859,0,0,True
390,M397,水力发电与水轮机系统,M397,parent,9100,10026,0,0,True
391,M398,电网电压无功与多目标运行优化,M398,parent,3334,3334,0,0,True
392,M399,配位化学与分子晶体结构,M399,parent,18524,18524,0,0,True
393,M400,电力负荷需求与电价预测,M400,parent,10024,14026,0,0,True
394,M401,纳米材料热传导与热管理,M401,parent,8808,8808,0,0,True
395,M402,转写词与文本质量干扰的跨学科混杂,M402,parent,11038,11038,0,0,True
396,M404,风机发电装置与机舱结构,M404,parent,1653,1653,0,0,True
397,M405,锌锆系及其他无机纳米材料,M405,parent,13986,13986,0,0,True
398,M406,可见光催化材料与反应,M406,parent,15726,15726,0,0,True
399,M407,分类算法与跨领域技术文本混合,M407,parent,9854,9854,0,0,True
400,M408,期刊会议索引与出版信息,M408,parent,17498,17498,0,0,True
401,M409,晶格声子热输运与热膨胀,M409,parent,18241,18241,0,0,True
402,M410,汽车技术产品与零部件资讯,M410,parent,10587,10587,0,0,True
403,M411,空调系统与能效控制装置,M411,parent,1823,1823,0,0,True
404,M412,群智能与多目标优化算法,M412,parent,12905,12905,0,0,True
405,M413,结构基础抗震与工程力学,M413,parent,9105,9105,0,0,True
406,M414,水系锌电池负极及界面稳定,M414,parent,8655,8655,0,626,True
407,M415,配电网重构与优化运行,M415,parent,11748,11748,0,1376,True
408,M416,氢氦在材料中的扩散与相互作用,M416,parent,14327,14327,0,0,True
409,M417,沸石硅基及多孔材料合成,M417,parent,12772,12772,0,0,True
410,M418,清洗清扫与净化装置混合,M418,parent,1742,1742,0,0,True
411,M419,质子交换膜燃料电池运行与建模,M419,parent,9377,9377,0,1494,True
412,M421,二次电池正极活性材料,M421,parent,2153,7991,0,0,True
413,M422,多孔介质两相流与界面润湿,M422,parent,11753,11753,0,0,True
414,M423,林木育种栽培与植物生产,M423,parent,7893,7893,0,0,True
415,M425,晶体生长结构与性质,M425,parent,12808,12808,0,0,True
416,M426,固体氧化物电解池与可逆电化学单元,M426,parent,8704,8704,0,709,True
417,M427,通用信息管理与软件系统,M427,parent,15366,15366,0,0,True
418,M428,聚合物气凝胶与复合材料,M428,parent,12457,12457,0,0,True
419,M429,碳化硅功率半导体器件,M429,parent,12500,12500,0,3366,True
420,M430,柴油机及多燃料内燃机性能,M430,parent,10802,11500,0,0,True
421,M431,配电网规划运行与配置方法,M431,parent,2945,4696,0,0,True
422,M432,气候变化适应与社会经济政策,M432,parent,13409,15612,0,0,True
423,M433,硅系半导体加工与材料性质,M433,parent,19179,19179,0,0,True
424,M434,巡检机器人与自主移动装置,M434,parent,4837,5174,0,0,True
425,M435,太阳能光热及光伏光热系统,M435,parent,12671,15844,0,0,True
426,M436,通用电气工程应用与技术资料,M436,parent,10503,10503,0,0,True
427,M439,固废电子废物回收与处置,M439,parent,10519,11959,0,0,True
428,M440,磁性材料与铁氧体磁学,M440,parent,13892,13892,0,0,True
429,M441,电力系统电磁暂态与实时仿真,M441,parent,9599,9599,0,0,True
430,M442,电池负极储能材料与储氢材料混合,M442,parent,9390,9390,0,0,True
431,M443,电机驱动控制方法与装置,M443,parent,3557,3557,0,0,True
432,M444,风电功率预测与状态监测混合,M444,parent,1894,2453,0,0,True
433,M445,风电光伏项目建设与扶持政策,M445,parent,782,782,0,0,True
434,M446,智能电表物联网与用能监测,M446,parent,9392,9392,0,661,True
435,M447,钠离子电池电极材料,M447,parent,11337,21770,0,0,True
436,M448,矿物岩石与黏土性质,M448,parent,13018,13018,0,0,True
437,M449,电力设备数据诊断与异常检测,M449,parent,3993,3993,0,0,True
438,M450,电气化铁路牵引与供电,M450,parent,9216,9216,0,0,True
439,M451,铜基硫族薄膜与光伏吸收材料,M451,parent,10514,10514,0,0,True
440,M453,二次电池电解液添加剂与配方,M453,parent,3867,3867,0,525,True
441,M454,能源专项监管与企业整改公告,M454,parent,538,538,0,0,True
442,M455,建筑能效与居民供热用能,M455,parent,14418,14709,0,0,True
443,M456,通用计算硬件接口与电子系统,M456,parent,9748,9748,0,0,True
444,M457,雷电电磁场与天体物理混合,M457,parent,10190,10353,0,0,True
445,M458,电力扰动孤岛及异常识别算法,M458,parent,10590,10590,0,0,True
446,M459,电力安全风险与故障预警系统,M459,parent,3207,3213,0,0,True
447,M460,水资源调度灌溉与水能利用,M460,parent,12061,12119,0,0,True
448,M461,电池单体壳体与组件结构,M461,parent,3292,3292,0,0,True
449,M462,液压泵阀与流体传动,M462,parent,12536,12575,0,0,True
450,M463,电力系统暂态电压与稳定性分析,M463,parent,12178,14273,0,0,True
451,M464,风光储及混合能源系统配置,M464,parent,11691,11691,0,0,True
452,M465,电机制造与通用装配装置混合,M465,parent,2232,2232,0,0,True
453,M467,木材加工与木质资源利用,M467,parent,10199,10525,0,0,True
454,M468,污染物吸附氧化与分离,M468,parent,12686,14256,0,0,True
455,M469,电极组件与活性材料加工,M469,parent,2490,2490,0,0,True
456,M470,电网状态估计相量测量与系统分析,M470,parent,9518,10215,0,0,True
457,M471,气固流动分离与杂项工艺混合,M471,parent,8207,8207,0,0,True
458,M472,钛合金陶瓷与MAX相材料,M472,parent,13802,13802,0,0,True
459,M473,电场空间电荷与界面建模,M473,parent,10769,10769,0,0,True
460,M474,电催化制氨与氮循环反应,M474,parent,12028,13437,0,0,True
461,M475,超导电力装置与故障限流,M475,parent,7935,7935,0,0,True
462,M476,区域供热预测与热系统建模,M476,parent,8736,8736,0,0,True
463,M477,潜热及热化学储热系统,M477,parent,7724,13656,0,0,True
464,M478,功率因数校正与变流器电流控制,M478,parent,16282,19304,0,0,True
465,M479,新能源汽车产业与推广政策,M479,parent,406,406,0,0,True
466,M480,燃料电池电堆与系统装置,M480,parent,1650,1650,0,0,True
467,M481,网络攻击检测与信息安全,M481,parent,10981,12731,0,0,True
468,M482,燃料电池技术与固体氧化物电池,M482,parent,10275,10275,0,0,True
469,M483,电力储能系统集成与运行装置,M483,parent,1709,1816,0,0,True
470,M484,风力机叶片塔架与气动结构,M484,parent,2210,2210,0,0,True
471,M485,多电平逆变器拓扑与调制,M485,parent,13900,13900,0,3222,True
472,M486,二氧化碳地质封存与驱油,M486,parent,13587,13587,0,1007,True
473,M487,焦炭钙基反应与无机工艺材料混合,M487,parent,12492,12492,0,0,True
474,M488,钢铁合金腐蚀与耐蚀性能,M488,parent,14630,14630,0,0,True
475,M489,工业废水处理与电化学净化,M489,parent,10981,10981,0,0,True
476,M490,节能审查与碳排放评价政策,M490,parent,612,612,0,0,True
477,M491,抗菌生物医用纳米材料,M491,parent,10637,10637,0,0,True
478,M492,电机绕组线圈与电磁部件,M492,parent,2587,2604,0,0,True
479,M493,燃气轮机与航空发动机装置,M493,parent,2200,2200,0,0,True
480,M494,微生物燃料电池与生物产电,M494,parent,9337,9337,0,4819,True
481,M495,半导体光电探测器,M495,parent,12215,12215,0,0,True
482,M496,电催化氧化还原与催化材料综述,M496,parent,12870,12870,0,0,True
483,M497,配电系统供电设备与可靠性,M497,parent,14541,14541,0,0,True
484,M498,锂钠储能负极纳米材料,M498,parent,9846,9846,0,0,True
485,M499,能源发展可及性与能源贫困,M499,parent,18681,19757,0,0,True
486,M000.cooling,电池冷却与散热,M000,child,5409,0,5389,5389,True
487,M000.preheating,电池低温预热,M000,child,175,0,175,175,True
488,M003.offshore_economics,海上风电开发与技术经济,M003,child,337,0,336,336,True
489,M003.wind_resources,风能资源评估与选址,M003,child,1906,0,1905,1905,True
490,M007.coating,电池电极涂布与辊压,M007,child,187,0,187,187,True
491,M010.biophotolysis,光生物制氢,M010,child,45,0,45,45,True
492,M010.photocatalytic_h2,光催化制氢,M010,child,12129,0,12117,12117,True
493,M011.dielectric_storage,聚合物介电储能,M011,child,4,0,4,4,True
494,M011.electrical_insulation,聚合物电气绝缘,M011,child,49,0,49,49,True
495,M012.packaging,集成电路与功率模块封装,M012,child,99,0,99,99,True
496,M015.algal_biofuel,藻类生物燃料,M015,child,154,0,154,154,True
497,M015.sustainability,生物能源生命周期与可持续性,M015,child,2257,0,2251,2251,True
498,M016.electromagnetic,电磁能量采集,M016,child,481,0,481,481,True
499,M016.piezoelectric,压电能量采集,M016,child,657,0,657,657,True
500,M021.electrolyte,钠电池电解液与界面,M021,child,1714,0,1714,1714,True
501,M023.tidal,潮汐与潮流能开发,M023,child,380,0,380,380,True
502,M027.charger_thermal,充电设施散热,M027,child,34,0,34,34,True
503,M027.grid_impact,电动汽车充电并网影响,M027,child,587,0,586,586,True
504,M032.oil_industry,石油产业投资与经营,M032,child,23,0,23,23,True
505,M032.oil_price,石油价格与市场经济,M032,child,2430,0,2425,2425,True
506,M033.nutrient_recovery,污水污泥营养元素回收,M033,child,22,0,22,22,True
507,M033.sludge_dewatering,污泥脱水与调理,M033,child,160,0,160,160,True
508,M034.water_heating,太阳能热水与供热装置,M034,child,2447,0,2445,2445,True
509,M036.co2_photo,光催化二氧化碳还原,M036,child,4770,0,4765,4765,True
510,M040.manufacturing,电池装配工装与制造设备,M040,child,498,0,498,498,True
511,M041.wireless_charger,无线充电器与装置,M041,child,1215,0,1214,1214,True
512,M042.gas_hydrate,天然气水合物生成与分解,M042,child,607,0,607,607,True
513,M045.coal_gasification,煤气化工艺与反应,M045,child,1126,0,1125,1125,True
514,M046.desalination,膜法海水淡化,M046,child,1645,0,1641,1641,True
515,M046.fouling,分离膜污染与清洗,M046,child,2417,0,2415,2415,True
516,M047.demand_response,配电网需求响应与柔性调度,M047,child,676,0,675,675,True
517,M048.binder,电池电极粘结剂,M048,child,1440,0,1440,1440,True
518,M048.separator,电池隔膜制备与改性,M048,child,1406,0,1406,1406,True
519,M049.gel,凝胶聚合物锂电解质,M049,child,1044,0,1044,1044,True
520,M049.solid,固态聚合物锂电解质,M049,child,1868,0,1868,1868,True
521,M053.retail_tariff,销售电价与用户电费政策,M053,child,83,0,83,83,True
522,M053.transmission_tariff,输配电价监管政策,M053,child,55,0,55,55,True
523,M055.dispatch,储能运行调度与收益,M055,child,684,0,682,682,True
524,M055.sizing,储能容量配置与选址,M055,child,590,0,590,590,True
525,M058.fermentative_h2,厌氧发酵生物制氢,M058,child,808,0,806,806,True
526,M065.carbon_tax,碳税与环境税费,M065,child,2666,0,2662,2662,True
527,M065.subsidy,可再生能源补贴机制,M065,child,120,0,120,120,True
528,M066.crystallization,钙钛矿吸收层结晶与成膜,M066,child,501,0,500,500,True
529,M066.interfaces,钙钛矿电池界面、钝化与传输层,M066,child,6900,0,6897,6897,True
530,M066.stability,钙钛矿电池稳定性与衰减,M066,child,282,0,282,282,True
531,M066.tandem,钙钛矿叠层太阳能电池,M066,child,1746,0,1746,1746,True
532,M068.gan,氮化镓功率与结器件,M068,child,3162,0,3160,3160,True
533,M071.economics,氢能技术经济与生命周期,M071,child,1447,0,1445,1445,True
534,M078.air,燃料电池供气与空压控制,M078,child,151,0,151,151,True
535,M078.water,燃料电池水管理,M078,child,361,0,361,361,True
536,M079.other_pollutants,其他材料光催化污染物降解,M079,child,24294,0,24240,24240,True
537,M081.communication,智能电网通信架构,M081,child,803,0,802,802,True
538,M082.harmonics,配电网谐波与电能质量治理,M082,child,1173,0,1172,1172,True
539,M082.voltage_var,配电网电压无功优化,M082,child,1149,0,1149,1149,True
540,M085.degradation,光伏组件退化与寿命,M085,child,400,0,399,399,True
541,M085.fault,光伏组件故障与缺陷检测,M085,child,1478,0,1476,1476,True
542,M086.refueling,加氢站与氢气加注,M086,child,517,0,517,517,True
543,M087.anaerobic_wastewater,厌氧污水处理反应器,M087,child,280,0,280,280,True
544,M089.scheduling,电动汽车有序充放电调度,M089,child,839,0,837,837,True
545,M096.magnet_design,永磁电机磁路与结构设计,M096,child,233,0,233,233,True
546,M097.building_cooling,建筑冷却与被动降温,M097,child,106,0,106,106,True
547,M101.line_fault,输配电线路故障检测与定位,M101,child,1392,0,1391,1391,True
548,M101.switchgear,开关设备故障检测,M101,child,372,0,372,372,True
549,M101.transformer,变压器故障诊断,M101,child,2108,0,2105,2105,True
550,M103.gas_turbine,燃气轮机热力性能,M103,child,1773,0,1771,1771,True
551,M104.ems,微电网能量管理与经济调度,M104,child,2969,0,2958,2958,True
552,M105.adoption,电动汽车推广与购买行为,M105,child,2028,0,2028,2028,True
553,M105.consumption,电动汽车整车能耗与续航,M105,child,456,0,456,456,True
554,M108.zinc_air,锌空气电池,M108,child,1964,0,1964,1964,True
555,M108.zinc_ion,水系锌离子电池,M108,child,5994,0,5992,5992,True
556,M112.pollutants,TiO₂光催化污染物降解,M112,child,8762,0,8750,8750,True
557,M113.oil_water,油水分离界面与膜材料,M113,child,460,0,460,460,True
558,M113.water_harvesting,大气集水与雾水采集,M113,child,62,0,62,62,True
559,M114.hydrate,二氧化碳水合物形成与分离,M114,child,1950,0,1948,1948,True
560,M116.compression,蒸汽压缩制冷循环,M116,child,439,0,437,437,True
561,M116.refrigerants,制冷工质及其热物性,M116,child,49,0,49,49,True
562,M119.plc,电力线载波通信,M119,child,750,0,750,750,True
563,M120.wave_energy,波浪能转换装置,M120,child,3151,0,3151,3151,True
564,M124.dry_reforming,二氧化碳干重整制合成气,M124,child,416,0,416,416,True
565,M124.steam_reforming,蒸汽重整制氢与合成气,M124,child,881,0,881,881,True
566,M127.graphene_composite,石墨烯结构复合材料,M127,child,98,0,98,98,True
567,M127.graphene_membrane,石墨烯分离膜,M127,child,2,0,2,2,True
568,M128.food_sludge,餐厨垃圾或污泥厌氧消化,M128,child,2902,0,2897,2897,True
569,M128.manure,畜禽粪便与农业残余厌氧消化,M128,child,1040,0,1040,1040,True
570,M130.manufacturing,光伏电池与组件制造工艺,M130,child,814,0,814,814,True
571,M132.emissions_trading,碳排放交易机制,M132,child,2766,0,2764,2764,True
572,M134.connector,电连接器与接线端子,M134,child,84,0,84,84,True
573,M135.market_design,电力市场机制与制度设计,M135,child,515,0,515,515,True
574,M135.prosumer,产消者能源交易,M135,child,967,0,966,966,True
575,M136.alkaline_electrolysis,碱性水电解制氢,M136,child,1480,0,1479,1479,True
576,M136.pem_electrolysis,质子交换膜水电解制氢,M136,child,1556,0,1556,1556,True
577,M137.parameters,光伏电池与组件模型参数辨识,M137,child,515,0,514,514,True
578,M141.rotor,电机转子结构与制造,M141,child,350,0,350,350,True
579,M141.stator,电机定子结构与制造,M141,child,301,0,301,301,True
580,M142.droop,微电网下垂控制与功率分配,M142,child,1001,0,997,997,True
581,M142.islanding,微电网孤岛切换与动态控制,M142,child,1570,0,1568,1568,True
582,M152.sic_ceramic,碳化硅陶瓷结构材料,M152,child,1245,0,1243,1243,True
583,M158.polymer,聚合物有机太阳能电池,M158,child,5826,0,5826,5826,True
584,M158.printing,有机光伏印刷与规模制造,M158,child,130,0,128,128,True
585,M158.small_molecule,小分子有机太阳能电池,M158,child,1163,0,1163,1163,True
586,M159.irradiance,太阳辐照度预测估算,M159,child,3121,0,3116,3116,True
587,M164.grounding,电网接地与地网安全,M164,child,207,0,207,207,True
588,M164.lightning,输电线路雷击与防雷,M164,child,760,0,759,759,True
589,M166.multijunction,非钙钛矿多结太阳能电池,M166,child,2129,0,2128,2128,True
590,M169.ecm,电池等效电路与参数辨识,M169,child,306,0,306,306,True
591,M169.soc,电池荷电状态估计,M169,child,3713,0,3711,3711,True
592,M169.soh_rul,电池健康状态与寿命预测,M169,child,3714,0,3713,3713,True
593,M171.energy_security,能源安全与转型战略,M171,child,323,0,322,322,True
594,M175.short_circuit,电网短路电流计算,M175,child,17,0,17,17,True
595,M182.beam,聚变加热与中性束注入,M182,child,202,0,202,202,True
596,M191.charging_forecast,电动汽车充电负荷预测,M191,child,357,0,357,357,True
597,M193.lithium_extraction,锂资源提取与分离,M193,child,2185,0,2185,2185,True
598,M194.temperature_control,电气设备温度监测与控制,M194,child,11,0,11,11,True
599,M196.dac,直接空气捕碳,M196,child,553,0,553,553,True
600,M198.copper_thermoelectric,铜基热电材料,M198,child,536,0,536,536,True
601,M202.triboelectric,摩擦纳米发电机,M202,child,2009,0,2009,2009,True
602,M203.pollutants,ZnO光催化污染物降解,M203,child,2695,0,2689,2689,True
603,M206.aging,电池老化实验与循环寿命,M206,child,1180,0,1180,1180,True
604,M206.impedance,电池阻抗表征,M206,child,424,0,424,424,True
605,M211.exploration,地热资源勘探与储层建模,M211,child,1522,0,1522,1522,True
606,M211.utilization,地热供热与发电利用,M211,child,645,0,644,644,True
607,M212.isolated,隔离型DC-DC变换器,M212,child,667,0,666,666,True
608,M212.nonisolated,非隔离DC-DC变换器,M212,child,423,0,423,423,True
609,M216.tab_welding,电池极耳焊接,M216,child,9,0,9,9,True
610,M217.electrical_safety,电气安全与触电风险,M217,child,441,0,441,441,True
611,M219.international,国际气候协定与治理,M219,child,371,0,371,371,True
612,M221.reliability,电力系统可靠性评估,M221,child,429,0,429,429,True
613,M222.corona,电晕放电与电晕损耗,M222,child,846,0,846,846,True
614,M222.partial_discharge,电气绝缘局部放电,M222,child,1808,0,1808,1808,True
615,M223.interface,锂金属负极界面稳定与枝晶抑制,M223,child,2474,0,2473,2473,True
616,M224.ethanol,木质纤维素生物乙醇,M224,child,122,0,122,122,True
617,M224.pretreatment,木质纤维素预处理,M224,child,171,0,169,169,True
618,M226.soil,生物炭土壤改良,M226,child,527,0,527,527,True
619,M226.water,生物炭水污染物去除,M226,child,7,0,7,7,True
620,M230.industrial_audit,工业能源审计与节能评估,M230,child,274,0,274,274,True
621,M236.resonant,谐振与软开关变换器,M236,child,4795,0,4794,4794,True
622,M238.supply_chain,氢能供应链与基础设施规划,M238,child,782,0,782,782,True
623,M239.agrivoltaics,农光互补与农光协同,M239,child,557,0,557,557,True
624,M239.economics,光伏技术经济与投资,M239,child,434,0,434,434,True
625,M239.rooftop,屋顶与分布式光伏部署,M239,child,579,0,579,579,True
626,M251.permanent_magnet,永磁材料与磁性设计,M251,child,397,0,397,397,True
627,M251.soft_magnetic,软磁材料与磁损耗,M251,child,57,0,57,57,True
628,M252.brayton,超临界二氧化碳布雷顿循环,M252,child,413,0,412,412,True
629,M252.orc,有机朗肯循环发电,M252,child,2359,0,2357,2357,True
630,M253.location,电动汽车充电站选址规划,M253,child,684,0,682,682,True
631,M253.routing,电动汽车路径与补能规划,M253,child,442,0,442,442,True
632,M254.district,区域供热供冷系统,M254,child,3336,0,3335,3335,True
633,M255.co2_hydrogenation,二氧化碳催化加氢与甲烷化,M255,child,2539,0,2538,2538,True
634,M260.planning,综合能源系统规划配置,M260,child,398,0,397,397,True
635,M260.scheduling,综合能源系统优化调度,M260,child,1149,0,1141,1141,True
636,M262.current,电流检测与测量电路,M262,child,426,0,426,426,True
637,M262.voltage,电压检测与测量电路,M262,child,393,0,393,393,True
638,M263.leakage,漏电与剩余电流保护,M263,child,166,0,166,166,True
639,M263.surge,浪涌与过压保护电路,M263,child,63,0,63,63,True
640,M264.cover,电池盖板、端子与密封结构,M264,child,1230,0,1230,1230,True
641,M266.green_finance,绿色金融与能源投资,M266,child,968,0,956,956,True
642,M267.deicing,电力设施覆冰与除冰,M267,child,147,0,147,147,True
643,M274.biogas_upgrading,沼气提纯与生物甲烷升级,M274,child,929,0,929,929,True
644,M276.modulation,电机驱动PWM与谐波控制,M276,child,851,0,851,851,True
645,M276.torque,电机转矩脉动抑制,M276,child,448,0,448,448,True
646,M277.cable_material,电缆绝缘护套与导体结构,M277,child,2265,0,2262,2262,True
647,M279.graphite,锂电石墨负极,M279,child,253,0,253,253,True
648,M287.standards,能源电力标准化政策,M287,child,71,0,71,71,True
649,M288.air_heat_pump,空气源热泵,M288,child,653,0,653,653,True
650,M288.ground_heat_pump,地源热泵与地埋换热器,M288,child,3555,0,3554,3554,True
651,M290.fission,核裂变反应堆工程,M290,child,71,0,71,71,True
652,M290.fusion,核聚变装置工程,M290,child,1050,0,1049,1049,True
653,M295.education,能源电力教学实验平台,M295,child,184,0,184,184,True
654,M295.hil,电力系统硬件在环仿真,M295,child,4,0,4,4,True
655,M296.second_life,动力电池梯次利用,M296,child,385,0,385,385,True
656,M297.balancing,电池单体均衡控制,M297,child,921,0,921,921,True
657,M301.direct_recycling,废旧电池材料直接再生,M301,child,5,0,5,5,True
658,M301.disassembly,废旧电池拆解与物理分离,M301,child,31,0,31,31,True
659,M301.hydrometallurgy,废旧电池湿法回收,M301,child,106,0,106,106,True
660,M303.temperature_sensing,温度传感与测量装置,M303,child,427,0,427,427,True
661,M306.absorption,吸收式制冷循环,M306,child,1098,0,1098,1098,True
662,M306.adsorption,吸附式制冷循环,M306,child,209,0,209,209,True
663,M307.led_lighting,LED照明灯具与配光,M307,child,335,0,335,335,True
664,M311.heat_exchanger,换热器结构与传热强化,M311,child,1386,0,1385,1385,True
665,M315.power_semiconductor,功率半导体器件,M315,child,570,0,570,570,True
666,M317.frequency,电网频率控制,M317,child,1975,0,1972,1972,True
667,M319.regional_carbon,中国区域低碳经济与碳效率,M319,child,148,0,147,147,True
668,M323.mhd,磁约束等离子体MHD稳定性,M323,child,91,0,91,91,True
669,M324.absorption,二氧化碳溶剂吸收捕集,M324,child,1509,0,1509,1509,True
670,M324.adsorption,二氧化碳固体吸附捕集,M324,child,4655,0,4654,4654,True
671,M325.floating_wind,漂浮式海上风电平台,M325,child,2496,0,2496,2496,True
672,M327.sulfide_electrolyte,硫化物固态电解质,M327,child,457,0,457,457,True
673,M328.forest_management,森林资源经营与碳汇,M328,child,1373,0,1373,1373,True
674,M332.wind_power,风电出力预测,M332,child,2803,0,2802,2802,True
675,M332.wind_speed,风速预测,M332,child,2515,0,2510,2510,True
676,M333.collector,太阳能集热器传热设计,M333,child,971,0,969,969,True
677,M333.csp,聚光太阳能热发电,M333,child,2426,0,2424,2424,True
678,M336.energy_label,能效标识与产品能效政策,M336,child,0,0,0,0,False
679,M337.fpga,FPGA实时控制与硬件实现,M337,child,546,0,546,546,True
680,M347.gasification,生物质气化制合成气,M347,child,5175,0,5173,5173,True
681,M347.htc,生物质水热炭化,M347,child,306,0,306,306,True
682,M347.htl,生物质水热液化,M347,child,106,0,106,106,True
683,M348.fire,电池火灾抑制与灭火,M348,child,238,0,238,238,True
684,M348.runaway,电池热失控与传播,M348,child,1850,0,1848,1848,True
685,M353.cyber,智能电网网络攻击与安全,M353,child,497,0,497,497,True
686,M353.resilience,电网灾害韧性与恢复,M353,child,1055,0,1054,1054,True
687,M360.counterelectrode,染料敏化电池对电极,M360,child,2137,0,2136,2136,True
688,M360.photoanode,染料敏化电池光阳极,M360,child,1665,0,1662,1662,True
689,M360.sensitizer,染料敏化电池敏化剂,M360,child,2887,0,2886,2886,True
690,M361.knowledge_graph,电力知识图谱,M361,child,145,0,145,145,True
691,M364.charging_policy,充电基础设施建设政策,M364,child,60,0,60,60,True
692,M364.utility_connection,公用事业接入与收费政策,M364,child,40,0,40,40,True
693,M365.activated_carbon,活性炭制备与孔结构,M365,child,1463,0,1461,1461,True
694,M373.rare_earth,稀土元素提取分离,M373,child,1335,0,1335,1335,True
695,M373.uranium,铀钍提取与分离,M373,child,1156,0,1155,1155,True
696,M374.multivalent,镁铝钙多价离子电池,M374,child,460,0,460,460,True
697,M374.potassium,钾离子电池,M374,child,583,0,583,583,True
698,M376.measurement,太阳辐射测量与仪器,M376,child,161,0,161,161,True
699,M379.module,电池模组与电池包装配结构,M379,child,581,0,581,581,True
700,M380.pmsm_control,永磁同步电机控制,M380,child,4373,0,4368,4368,True
701,M381.air_cooling,电气设备风冷散热,M381,child,42,0,42,42,True
702,M381.liquid_cooling,电气设备液冷散热,M381,child,18,0,18,18,True
703,M385.boiler,电站锅炉运行与燃烧,M385,child,84,0,84,84,True
704,M385.steam_turbine,汽轮机运行与热力性能,M385,child,318,0,318,318,True
705,M386.gas_network,天然气管网优化运行,M386,child,121,0,121,121,True
706,M389.rail,轨道交通能耗与牵引优化,M389,child,14,0,14,14,True
707,M389.shipping,船舶燃料与能效,M389,child,159,0,159,159,True
708,M390.cable_support,电缆桥架与线束支撑,M390,child,763,0,763,763,True
709,M391.irradiation,核结构材料辐照损伤,M391,child,155,0,155,155,True
710,M397.hydropower_dispatch,水电站运行调度,M397,child,451,0,451,451,True
711,M397.turbines,水轮机性能与设计,M397,child,475,0,475,475,True
712,M400.load,电力负荷预测,M400,child,2962,0,2957,2957,True
713,M400.price,电价预测,M400,child,1040,0,1036,1036,True
714,M421.layered,层状及富镍锂电正极材料,M421,child,3603,0,3603,3603,True
715,M421.lfp,锂电磷酸盐正极材料,M421,child,2235,0,2234,2234,True
716,M430.diesel,柴油机燃烧与排放,M430,child,593,0,586,586,True
717,M430.dual_fuel,双燃料发动机,M430,child,105,0,105,105,True
718,M431.planning,配电网规划与容量配置,M431,child,1751,0,1751,1751,True
719,M432.adaptation,气候变化适应与风险,M432,child,1074,0,1074,1074,True
720,M432.mitigation,气候变化减缓政策,M432,child,1129,0,1127,1127,True
721,M434.pv_cleaning,光伏清扫机器人,M434,child,204,0,204,204,True
722,M434.substation_robot,变电站巡检机器人,M434,child,133,0,131,131,True
723,M435.pvt,光伏光热联合系统,M435,child,3173,0,3172,3172,True
724,M439.ewaste,电子废物回收,M439,child,545,0,545,545,True
725,M439.plastic,废塑料回收与转化,M439,child,895,0,895,895,True
726,M444.wind_condition,风机状态监测与预测性维护,M444,child,559,0,558,558,True
727,M447.anode,钠离子电池负极材料,M447,child,5474,0,5474,5474,True
728,M447.cathode,钠离子电池正极材料,M447,child,4959,0,4954,4954,True
729,M455.hvac,建筑暖通空调能耗,M455,child,282,0,281,281,True
730,M455.retrofit,建筑节能改造,M455,child,9,0,9,9,True
731,M457.astrophysics,天体等离子体与磁重联,M457,child,163,0,163,163,True
732,M459.risk_warning,电力设备风险预警,M459,child,6,0,6,6,True
733,M460.irrigation,灌溉水资源优化调度,M460,child,58,0,58,58,True
734,M462.hydraulic_pump,液压泵性能与控制,M462,child,22,0,22,22,True
735,M462.hydraulic_valve,液压阀设计与控制,M462,child,17,0,17,17,True
736,M463.transient,电力系统暂态稳定,M463,child,1165,0,1165,1165,True
737,M463.voltage,电力系统电压稳定,M463,child,930,0,930,930,True
738,M467.wood_processing,木材加工与干燥,M467,child,326,0,326,326,True
739,M468.adsorption,水污染物吸附去除,M468,child,1391,0,1390,1390,True
740,M468.electro_oxidation,水污染物电化学氧化,M468,child,179,0,179,179,True
741,M470.state_estimation,电网状态估计与相量测量,M470,child,697,0,695,695,True
742,M474.n2_reduction,氮气电还原制氨,M474,child,714,0,714,714,True
743,M474.nitrate_reduction,硝酸盐电还原制氨,M474,child,695,0,695,695,True
744,M477.latent,潜热储热系统,M477,child,5237,0,5235,5235,True
745,M477.thermochemical,热化学储热系统,M477,child,695,0,695,695,True
746,M478.pfc,功率因数校正电路与控制,M478,child,3022,0,3019,3019,True
747,M481.intrusion,网络入侵检测,M481,child,1750,0,1739,1739,True
748,M483.integration,储能系统集成与安全装置,M483,child,107,0,107,107,True
749,M492.winding,电机绕组与线圈制造,M492,child,17,0,17,17,True
750,M499.energy_poverty,能源贫困与能源可及性,M499,child,1076,0,1073,1073,True
751,Q.EDITORIAL,封面、索引、勘误等非研究正文,,quality,2786,0,0,0,True
752,Q.INSUFFICIENT,题名摘要不足，待补全,,quality,2709,0,0,0,True
753,Q.TEMPLATE,仍有模板干扰，待复核,,quality,37,0,0,0,True
754,Q.UNUSABLE,原始文本不可用,,quality,2391,0,0,0,True
