merged_topic_id,name,domain,status,raw_clusters,raw_cluster_count,documents,papers,patents_2026,policies,review_note,merge_reason
M000,电池与充电设施热管理,电化学储能,宽泛待细分,B000,1,3710,982,2728,0,初审查看全簇主题词及中心/随机样本题名；包含多种子技术、对象或任务，粒度偏宽；整簇合并不能完成细分。,保留独立类群
M001,功能传感材料与电化学检测,其他基础与关联学科,关联基础研究,B001,1,8178,8148,30,0,初审查看全簇主题词及中心/随机样本题名；关联材料、方法或基础学科；是否属于能源电力范围需看逐条应用证据。,保留独立类群
M002,电力电子控制与频率调节,电网与电力系统,混杂待重分,B002,1,6489,4979,1510,0,初审查看全簇主题词及中心/随机样本题名；样本或主题词呈现不同对象、任务或文本格式的混杂；不作为干净技术方向。,保留独立类群
M003,风能开发与风电技术经济,风能与水能海洋能源,宽泛待细分,B003,1,18833,18831,1,1,初审查看全簇主题词及中心/随机样本题名；包含多种子技术、对象或任务，粒度偏宽；整簇合并不能完成细分。,保留独立类群
M004,钙钛矿氧化物电催化,能源材料与电化学基础,方向候选,B004,1,6781,6781,0,0,初审查看全簇主题词及中心/随机样本题名；可作为研究方向候选；仍可能含错分及外围文本，未验证簇纯度。,保留独立类群
M005,电网建设与供电服务政策,能源政策与治理,宽泛待细分,B005,1,911,512,7,392,初审查看全簇主题词及中心/随机样本题名；包含多种子技术、对象或任务，粒度偏宽；整簇合并不能完成细分。,保留独立类群
M006,层状电池正极与离子导体,电化学储能,混杂待重分,B006,1,12128,12106,22,0,初审查看全簇主题词及中心/随机样本题名；样本或主题词呈现不同对象、任务或文本格式的混杂；不作为干净技术方向。,保留独立类群
M007,电极涂布与通用成形加工,制造与通用装置,混杂待重分,B007,1,2678,1186,1492,0,初审查看全簇主题词及中心/随机样本题名；样本或主题词呈现不同对象、任务或文本格式的混杂；不作为干净技术方向。,保留独立类群
M008,二氧化碳电还原催化,碳与环境,方向候选,B008,1,15351,15347,4,0,初审查看全簇主题词及中心/随机样本题名；可作为研究方向候选；仍可能含错分及外围文本，未验证簇纯度。,保留独立类群
M009,土壤碳过程与土壤改良,碳与环境,关联基础研究,B009,1,8993,8981,12,0,初审查看全簇主题词及中心/随机样本题名；关联材料、方法或基础学科；是否属于能源电力范围需看逐条应用证据。,保留独立类群
M010,光催化与光生物制氢,氢能与燃料电池,宽泛待细分,B010,1,15898,15893,5,0,初审查看全簇主题词及中心/随机样本题名；包含多种子技术、对象或任务，粒度偏宽；整簇合并不能完成细分。,保留独立类群
M011,聚合物介电绝缘与储能,能源材料与电化学基础,宽泛待细分,B011,1,8994,8972,22,0,初审查看全簇主题词及中心/随机样本题名；包含多种子技术、对象或任务，粒度偏宽；整簇合并不能完成细分。,保留独立类群
M012,集成电路与电子封装,电力电子与电机,宽泛待细分,B012,1,6576,6308,268,0,初审查看全簇主题词及中心/随机样本题名；包含多种子技术、对象或任务，粒度偏宽；整簇合并不能完成细分。,保留独立类群
M013,电池单体模组及用电器件混合,电化学储能,混杂待重分,B013,1,2760,33,2727,0,初审查看全簇主题词及中心/随机样本题名；样本或主题词呈现不同对象、任务或文本格式的混杂；不作为干净技术方向。另查已记录的可用正文片段、随机及边界样本；无正文记录只能核题名。随机专利包含可穿戴电子设备充电控制，不能仅凭电池一词认定为单体/模组结构。,保留独立类群
M014,通用机器学习与优化算法,数字技术与测量,关联基础研究,B014,1,13109,13109,0,0,初审查看全簇主题词及中心/随机样本题名；关联材料、方法或基础学科；是否属于能源电力范围需看逐条应用证据。,保留独立类群
M015,生物质能源利用与可持续性,生物质与资源循环,宽泛待细分,B015,1,16091,16081,4,6,初审查看全簇主题词及中心/随机样本题名；包含多种子技术、对象或任务，粒度偏宽；整簇合并不能完成细分。,保留独立类群
M016,电磁场耦合与电磁换能,电力电子与电机,宽泛待细分,B016,1,11723,11691,32,0,初审查看全簇主题词及中心/随机样本题名；包含多种子技术、对象或任务，粒度偏宽；整簇合并不能完成细分。,保留独立类群
M017,电力智能算法与多场景辨识,数字技术与测量,混杂待重分,B017,1,5942,4318,1624,0,初审查看全簇主题词及中心/随机样本题名；样本或主题词呈现不同对象、任务或文本格式的混杂；不作为干净技术方向。,保留独立类群
M018,太阳能采集光学与空间应用,太阳能,混杂待重分,B018,1,12674,12647,27,0,初审查看全簇主题词及中心/随机样本题名；样本或主题词呈现不同对象、任务或文本格式的混杂；不作为干净技术方向。,保留独立类群
M019,纳米复合材料与多类器件,能源材料与电化学基础,混杂待重分,B019,1,12634,12418,216,0,初审查看全簇主题词及中心/随机样本题名；样本或主题词呈现不同对象、任务或文本格式的混杂；不作为干净技术方向。,保留独立类群
M020,金属离子吸附与材料化学,碳与环境,混杂待重分,B020,1,13123,13097,26,0,初审查看全簇主题词及中心/随机样本题名；样本或主题词呈现不同对象、任务或文本格式的混杂；不作为干净技术方向。,保留独立类群
M021,钠离子电池材料与电解液,电化学储能,宽泛待细分,B021,1,2984,745,2239,0,初审查看全簇主题词及中心/随机样本题名；包含多种子技术、对象或任务，粒度偏宽；整簇合并不能完成细分。,保留独立类群
M022,功率半导体器件与电路结构,电力电子与电机,宽泛待细分,B022,1,3037,65,2972,0,初审查看全簇主题词及中心/随机样本题名；包含多种子技术、对象或任务，粒度偏宽；整簇合并不能完成细分。,保留独立类群
M023,海洋资源开发与海上工程,风能与水能海洋能源,宽泛待细分,B023,1,8704,8702,2,0,初审查看全簇主题词及中心/随机样本题名；包含多种子技术、对象或任务，粒度偏宽；整簇合并不能完成细分。,保留独立类群
M024,通用防护支撑与安装结构混杂簇024,制造与通用装置,混杂待重分,B024,1,2315,123,2192,0,初审查看全簇主题词及中心/随机样本题名；样本或主题词呈现不同对象、任务或文本格式的混杂；不作为干净技术方向。,保留独立类群
M025,硫化镉等硫族薄膜制备,太阳能,方向候选,B025,1,6449,6435,14,0,初审查看全簇主题词及中心/随机样本题名；可作为研究方向候选；仍可能含错分及外围文本，未验证簇纯度。,保留独立类群
M026,变压器与高压开关设备,电网与电力系统,宽泛待细分,B026,1,14191,14181,10,0,初审查看全簇主题词及中心/随机样本题名；包含多种子技术、对象或任务，粒度偏宽；整簇合并不能完成细分。,保留独立类群
M027,电动汽车充电设施及并网,交通与充电,宽泛待细分,B027,1,7260,7208,51,1,初审查看全簇主题词及中心/随机样本题名；包含多种子技术、对象或任务，粒度偏宽；整簇合并不能完成细分。另查已记录的可用正文片段、随机及边界样本；无正文记录只能核题名。,保留独立类群
M028,聚变等离子体诊断,核能与等离子体,方向候选,B028,1,12644,12606,38,0,初审查看全簇主题词及中心/随机样本题名；可作为研究方向候选；仍可能含错分及外围文本，未验证簇纯度。,保留独立类群
M029,碳基电极与多孔材料制备,能源材料与电化学基础,混杂待重分,B029,1,2826,919,1907,0,初审查看全簇主题词及中心/随机样本题名；样本或主题词呈现不同对象、任务或文本格式的混杂；不作为干净技术方向。,保留独立类群
M030,车辆驱动制动与运动控制,交通与充电,宽泛待细分,B030,1,14539,14293,246,0,初审查看全簇主题词及中心/随机样本题名；包含多种子技术、对象或任务，粒度偏宽；整簇合并不能完成细分。,保留独立类群
M031,煤炭产业布局与清洁利用政策,能源政策与治理,政策类群,B031,1,1746,1397,7,342,初审查看全簇主题词及中心/随机样本题名；政策治理类群；行政公告及资质清单不等于技术创新证据，年份需按用途另筛。,保留独立类群
M032,石油产业与油价经济,化石能源,宽泛待细分,B032,1,21371,21366,0,5,初审查看全簇主题词及中心/随机样本题名；包含多种子技术、对象或任务，粒度偏宽；整簇合并不能完成细分。,保留独立类群
M033,污泥资源化与水处理,生物质与资源循环,宽泛待细分,B033,1,11209,11091,118,0,初审查看全簇主题词及中心/随机样本题名；包含多种子技术、对象或任务，粒度偏宽；整簇合并不能完成细分。,保留独立类群
M034,太阳能集热与热利用装置,太阳能,宽泛待细分,B034,1,2257,1348,909,0,初审查看全簇主题词及中心/随机样本题名；包含多种子技术、对象或任务，粒度偏宽；整簇合并不能完成细分。,保留独立类群
M035,风机传动支撑与轴承部件,风能与水能海洋能源,混杂待重分,B035,1,2043,305,1738,0,初审查看全簇主题词及中心/随机样本题名；样本或主题词呈现不同对象、任务或文本格式的混杂；不作为干净技术方向。,保留独立类群
M036,光催化二氧化碳转化与氧化还原,碳与环境,宽泛待细分,B036,1,21767,21764,3,0,初审查看全簇主题词及中心/随机样本题名；包含多种子技术、对象或任务，粒度偏宽；整簇合并不能完成细分。,保留独立类群
M037,电气计量校准与测量不确定度,数字技术与测量,宽泛待细分,B037,1,10512,10443,68,1,初审查看全簇主题词及中心/随机样本题名；包含多种子技术、对象或任务，粒度偏宽；整簇合并不能完成细分。,保留独立类群
M038,碳达峰与综合节能政策,能源政策与治理,政策类群,B038,1,872,578,4,290,初审查看全簇主题词及中心/随机样本题名；政策治理类群；行政公告及资质清单不等于技术创新证据，年份需按用途另筛。,保留独立类群
M039,碳定价与减排经济机制,碳与环境,方向候选,B039,1,20977,20970,3,4,初审查看全簇主题词及中心/随机样本题名；可作为研究方向候选；仍可能含错分及外围文本，未验证簇纯度。,保留独立类群
M040,电池单体与模组构件装配,电化学储能,宽泛待细分,B040,1,5160,58,5102,0,初审查看全簇主题词及中心/随机样本题名；包含多种子技术、对象或任务，粒度偏宽；整簇合并不能完成细分。另查已记录的可用正文片段、随机及边界样本；无正文记录只能核题名。,保留独立类群
M041,无线充电与充电器结构,交通与充电,宽泛待细分,B041,1,2716,776,1940,0,初审查看全簇主题词及中心/随机样本题名；包含多种子技术、对象或任务，粒度偏宽；整簇合并不能完成细分。,保留独立类群
M042,气体处理气化与天然气水合物,化石能源,混杂待重分,B042,1,11628,11601,27,0,初审查看全簇主题词及中心/随机样本题名；样本或主题词呈现不同对象、任务或文本格式的混杂；不作为干净技术方向。,保留独立类群
M043,二氧化碳及混合气体膜分离,碳与环境,方向候选,B043,1,7220,7189,31,0,初审查看全簇主题词及中心/随机样本题名；可作为研究方向候选；仍可能含错分及外围文本，未验证簇纯度。,保留独立类群
M044,铜铟镓硒薄膜光伏,太阳能,方向候选,B044,1,17099,17033,66,0,初审查看全簇主题词及中心/随机样本题名；可作为研究方向候选；仍可能含错分及外围文本，未验证簇纯度。,保留独立类群
M045,煤气化与燃煤清洁转化,化石能源,宽泛待细分,B045,1,8527,8462,65,0,初审查看全簇主题词及中心/随机样本题名；包含多种子技术、对象或任务，粒度偏宽；整簇合并不能完成细分。,保留独立类群
M046,分离膜制备与膜污染控制,碳与环境,宽泛待细分,B046,1,17359,17290,69,0,初审查看全簇主题词及中心/随机样本题名；包含多种子技术、对象或任务，粒度偏宽；整簇合并不能完成细分。,保留独立类群
M047,配电网柔性调度与协同规划,电网与电力系统,宽泛待细分,B047,1,11196,10903,293,0,初审查看全簇主题词及中心/随机样本题名；包含多种子技术、对象或任务，粒度偏宽；整簇合并不能完成细分。,保留独立类群
M048,电池隔膜、聚合物电解质与粘结剂,电化学储能,宽泛待细分,"B048,B466",2,6312,1117,5195,0,初审查看全簇主题词及中心/随机样本题名；包含多种子技术、对象或任务，粒度偏宽；整簇合并不能完成细分。另查已记录的可用正文片段、随机及边界样本；无正文记录只能核题名。,两簇均反复出现锂电池复合隔膜、原位聚合或凝胶电解质及聚合物粘结剂；例如芳纶涂覆隔膜与LATP涂层隔膜、立构复合电解质与静电纺丝凝胶电解质。无法据此建立稳定的隔膜/电解质分界，合并为已有宽泛材料类群；不并入专门的固态电解质簇049。通用胶带等边界混入仍保留风险标记。
M049,固态及凝胶聚合物电解质,电化学储能,方向候选,B049,1,13255,13240,15,0,初审查看全簇主题词及中心/随机样本题名；可作为研究方向候选；仍可能含错分及外围文本，未验证簇纯度。,保留独立类群
M050,储能及通用装置温控换热,热工与能效,混杂待重分,B050,1,3500,1041,2459,0,初审查看全簇主题词及中心/随机样本题名；样本或主题词呈现不同对象、任务或文本格式的混杂；不作为干净技术方向。,保留独立类群
M051,电气故障保护与暂态检测,电网与电力系统,宽泛待细分,B051,1,2972,990,1982,0,初审查看全簇主题词及中心/随机样本题名；包含多种子技术、对象或任务，粒度偏宽；整簇合并不能完成细分。,保留独立类群
M052,电能变换与驱动控制电路,电力电子与电机,宽泛待细分,B052,1,2332,1006,1326,0,初审查看全簇主题词及中心/随机样本题名；包含多种子技术、对象或任务，粒度偏宽；整簇合并不能完成细分。,保留独立类群
M053,电价与输配电价监管政策,能源政策与治理,政策类群,B053,1,851,292,1,558,初审查看全簇主题词及中心/随机样本题名；政策治理类群；行政公告及资质清单不等于技术创新证据，年份需按用途另筛。,保留独立类群
M054,含铜化合物结构与功能,能源材料与电化学基础,混杂待重分,B054,1,9790,9780,10,0,初审查看全簇主题词及中心/随机样本题名；样本或主题词呈现不同对象、任务或文本格式的混杂；不作为干净技术方向。,保留独立类群
M055,电储能系统配置与运行,电化学储能,宽泛待细分,B055,1,10808,10760,48,0,初审查看全簇主题词及中心/随机样本题名；包含多种子技术、对象或任务，粒度偏宽；整簇合并不能完成细分。另查已记录的可用正文片段、随机及边界样本；无正文记录只能核题名。,保留独立类群
M056,射频微波电路与功率放大,电力电子与电机,关联基础研究,B056,1,19209,19087,122,0,初审查看全簇主题词及中心/随机样本题名；关联材料、方法或基础学科；是否属于能源电力范围需看逐条应用证据。,保留独立类群
M057,有价金属浸出回收,生物质与资源循环,方向候选,B057,1,17258,17191,67,0,初审查看全簇主题词及中心/随机样本题名；可作为研究方向候选；仍可能含错分及外围文本，未验证簇纯度。,保留独立类群
M058,厌氧过程微生物与生物能源,生物质与资源循环,宽泛待细分,B058,1,10901,10848,53,0,初审查看全簇主题词及中心/随机样本题名；包含多种子技术、对象或任务，粒度偏宽；整簇合并不能完成细分。,保留独立类群
M059,超级电容器电极与器件,电化学储能,方向候选,B059,1,24800,24775,25,0,初审查看全簇主题词及中心/随机样本题名；可作为研究方向候选；仍可能含错分及外围文本，未验证簇纯度。,保留独立类群
M060,有机合成与分子功能材料,其他基础与关联学科,关联基础研究,B060,1,17147,17006,141,0,初审查看全簇主题词及中心/随机样本题名；关联材料、方法或基础学科；是否属于能源电力范围需看逐条应用证据。,保留独立类群
M061,热工设备换热与工况分析,热工与能效,混杂待重分,B061,1,11632,11596,36,0,初审查看全簇主题词及中心/随机样本题名；样本或主题词呈现不同对象、任务或文本格式的混杂；不作为干净技术方向。,保留独立类群
M062,生物质热解与炭化,生物质与资源循环,方向候选,B062,1,14272,14263,9,0,初审查看全簇主题词及中心/随机样本题名；可作为研究方向候选；仍可能含错分及外围文本，未验证簇纯度。,保留独立类群
M063,锂钠电池电解液与正极配方,电化学储能,混杂待重分,B063,1,3708,316,3392,0,初审查看全簇主题词及中心/随机样本题名；样本或主题词呈现不同对象、任务或文本格式的混杂；不作为干净技术方向。,保留独立类群
M064,电磁兼容干扰与电缆检测,电力电子与电机,混杂待重分,B064,1,9335,9324,11,0,初审查看全簇主题词及中心/随机样本题名；样本或主题词呈现不同对象、任务或文本格式的混杂；不作为干净技术方向。,保留独立类群
M065,环境税费补贴与市场规制,碳与环境,宽泛待细分,B065,1,13341,13340,0,1,初审查看全簇主题词及中心/随机样本题名；包含多种子技术、对象或任务，粒度偏宽；整簇合并不能完成细分。,保留独立类群
M066,钙钛矿太阳能电池界面与器件性能,太阳能,宽泛待细分,"B066,B220",2,31409,31408,1,0,初审查看全簇主题词及中心/随机样本题名；可作为研究方向候选；仍可能含错分及外围文本，未验证簇纯度。另查已记录的可用正文片段、随机及边界样本；无正文记录只能核题名。；初审查看全簇主题词及中心/随机样本题名；包含多种子技术、对象或任务，粒度偏宽；整簇合并不能完成细分。另查已记录的可用正文片段、随机及边界样本；无正文记录只能核题名。,两簇的中心、随机和边界样本共同涉及钙钛矿太阳能电池空穴传输层、界面钝化及器件效率。簇220的表面处理与异质结钝化同样属于簇066的主任务，现有证据不支持以结晶/结构两个名称分开。合并保留多个器件子任务的宽泛属性，不并入卤化物钙钛矿基础物性类群。
M067,水热溶剂热合成与功能材料,能源材料与电化学基础,混杂待重分,B067,1,8914,8914,0,0,初审查看全簇主题词及中心/随机样本题名；样本或主题词呈现不同对象、任务或文本格式的混杂；不作为干净技术方向。,保留独立类群
M068,宽禁带半导体外延与结器件,电力电子与电机,宽泛待细分,B068,1,10450,10446,4,0,初审查看全簇主题词及中心/随机样本题名；包含多种子技术、对象或任务，粒度偏宽；整簇合并不能完成细分。,保留独立类群
M069,气象水文预测与环境评估,数字技术与测量,宽泛待细分,B069,1,8296,7962,334,0,初审查看全簇主题词及中心/随机样本题名；包含多种子技术、对象或任务，粒度偏宽；整簇合并不能完成细分。,保留独立类群
M070,功能聚合物合成与结构,能源材料与电化学基础,关联基础研究,B070,1,17953,17802,151,0,初审查看全簇主题词及中心/随机样本题名；关联材料、方法或基础学科；是否属于能源电力范围需看逐条应用证据。,保留独立类群
M071,氢能产业与制氢技术经济,氢能与燃料电池,宽泛待细分,B071,1,12027,11991,13,23,初审查看全簇主题词及中心/随机样本题名；包含多种子技术、对象或任务，粒度偏宽；整簇合并不能完成细分。,保留独立类群
M072,电极过程与电化学沉积,能源材料与电化学基础,宽泛待细分,B072,1,17869,17835,34,0,初审查看全簇主题词及中心/随机样本题名；包含多种子技术、对象或任务，粒度偏宽；整簇合并不能完成细分。,保留独立类群
M073,通用防护支撑与安装结构混杂簇073,制造与通用装置,混杂待重分,B073,1,2123,19,2104,0,初审查看全簇主题词及中心/随机样本题名；样本或主题词呈现不同对象、任务或文本格式的混杂；不作为干净技术方向。,保留独立类群
M074,铋基氧化物光催化材料,能源材料与电化学基础,方向候选,B074,1,11611,11611,0,0,初审查看全簇主题词及中心/随机样本题名；可作为研究方向候选；仍可能含错分及外围文本，未验证簇纯度。,保留独立类群
M075,通用催化剂与催化反应工程,能源材料与电化学基础,宽泛待细分,B075,1,19480,19461,19,0,初审查看全簇主题词及中心/随机样本题名；包含多种子技术、对象或任务，粒度偏宽；整簇合并不能完成细分。,保留独立类群
M076,机电传动与运动执行装置,电力电子与电机,宽泛待细分,B076,1,2895,1084,1811,0,初审查看全簇主题词及中心/随机样本题名；包含多种子技术、对象或任务，粒度偏宽；整簇合并不能完成细分。,保留独立类群
M077,充电连接与通用部件混合,交通与充电,混杂待重分,B077,1,2286,20,2266,0,初审查看全簇主题词及中心/随机样本题名；样本或主题词呈现不同对象、任务或文本格式的混杂；不作为干净技术方向。,保留独立类群
M078,燃料电池系统运行控制,氢能与燃料电池,方向候选,B078,1,2177,792,1385,0,初审查看全簇主题词及中心/随机样本题名；可作为研究方向候选；仍可能含错分及外围文本，未验证簇纯度。,保留独立类群
M079,污染物光催化降解,碳与环境,方向候选,B079,1,27401,27400,1,0,初审查看全簇主题词及中心/随机样本题名；可作为研究方向候选；仍可能含错分及外围文本，未验证簇纯度。,保留独立类群
M080,电力市场与售电制度政策,能源政策与治理,政策类群,B080,1,1057,609,5,443,初审查看全簇主题词及中心/随机样本题名；政策治理类群；行政公告及资质清单不等于技术创新证据，年份需按用途另筛。,保留独立类群
M081,智能电网体系与通信,电网与电力系统,宽泛待细分,B081,1,12468,12446,21,1,初审查看全簇主题词及中心/随机样本题名；包含多种子技术、对象或任务，粒度偏宽；整簇合并不能完成细分。,保留独立类群
M082,配电网电压无功与电能质量,电网与电力系统,宽泛待细分,B082,1,12593,12548,45,0,初审查看全簇主题词及中心/随机样本题名；包含多种子技术、对象或任务，粒度偏宽；整簇合并不能完成细分。,保留独立类群
M083,电池单体电极及模组结构,电化学储能,宽泛待细分,B083,1,4848,22,4826,0,初审查看全簇主题词及中心/随机样本题名；包含多种子技术、对象或任务，粒度偏宽；整簇合并不能完成细分。,保留独立类群
M084,多类功能薄膜与纳米器件,能源材料与电化学基础,混杂待重分,B084,1,8597,8597,0,0,初审查看全簇主题词及中心/随机样本题名；样本或主题词呈现不同对象、任务或文本格式的混杂；不作为干净技术方向。,保留独立类群
M085,光伏组件性能建模与故障检测,太阳能,宽泛待细分,B085,1,15166,15148,18,0,初审查看全簇主题词及中心/随机样本题名；包含多种子技术、对象或任务，粒度偏宽；整簇合并不能完成细分。,保留独立类群
M086,制氢储氢与加氢系统,氢能与燃料电池,宽泛待细分,B086,1,2339,282,2057,0,初审查看全簇主题词及中心/随机样本题名；包含多种子技术、对象或任务，粒度偏宽；整簇合并不能完成细分。,保留独立类群
M087,污水厌氧处理与产能回收,生物质与资源循环,宽泛待细分,B087,1,11925,11828,97,0,初审查看全簇主题词及中心/随机样本题名；包含多种子技术、对象或任务，粒度偏宽；整簇合并不能完成细分。,保留独立类群
M088,信号处理测量与电力扰动,数字技术与测量,宽泛待细分,B088,1,18157,17887,270,0,初审查看全簇主题词及中心/随机样本题名；包含多种子技术、对象或任务，粒度偏宽；整簇合并不能完成细分。,保留独立类群
M089,电动汽车充电控制,交通与充电,方向候选,B089,1,3043,528,2515,0,初审查看全簇主题词及中心/随机样本题名；可作为研究方向候选；仍可能含错分及外围文本，未验证簇纯度。,保留独立类群
M090,等离子体湍流与不稳定性,核能与等离子体,方向候选,B090,1,11570,11570,0,0,初审查看全簇主题词及中心/随机样本题名；可作为研究方向候选；仍可能含错分及外围文本，未验证簇纯度。,保留独立类群
M091,天然气输配与气价政策,能源政策与治理,政策类群,B091,1,579,360,0,219,初审查看全簇主题词及中心/随机样本题名；政策治理类群；行政公告及资质清单不等于技术创新证据，年份需按用途另筛。,保留独立类群
M092,电能变换波浪能与互感器混合,电力电子与电机,混杂待重分,B092,1,12641,12641,0,0,初审查看全簇主题词及中心/随机样本题名；样本或主题词呈现不同对象、任务或文本格式的混杂；不作为干净技术方向。,保留独立类群
M093,晶体缺陷外延与变形,能源材料与电化学基础,关联基础研究,B093,1,9503,9406,97,0,初审查看全簇主题词及中心/随机样本题名；关联材料、方法或基础学科；是否属于能源电力范围需看逐条应用证据。,保留独立类群
M094,泄漏检测与多设备状态监测,数字技术与测量,混杂待重分,B094,1,3452,2014,1437,1,初审查看全簇主题词及中心/随机样本题名；样本或主题词呈现不同对象、任务或文本格式的混杂；不作为干净技术方向。,保留独立类群
M095,电力设备通信与控制系统,数字技术与测量,宽泛待细分,B095,1,3323,1295,2028,0,初审查看全簇主题词及中心/随机样本题名；包含多种子技术、对象或任务，粒度偏宽；整簇合并不能完成细分。,保留独立类群
M096,永磁电机与磁路设计,电力电子与电机,宽泛待细分,B096,1,5027,3490,1537,0,初审查看全簇主题词及中心/随机样本题名；包含多种子技术、对象或任务，粒度偏宽；整簇合并不能完成细分。,保留独立类群
M097,建筑与工业冷却节能,热工与能效,宽泛待细分,B097,1,10500,10437,63,0,初审查看全簇主题词及中心/随机样本题名；包含多种子技术、对象或任务，粒度偏宽；整簇合并不能完成细分。,保留独立类群
M098,无人机巡检与电网作业,数字技术与测量,方向候选,B098,1,1669,293,1376,0,初审查看全簇主题词及中心/随机样本题名；可作为研究方向候选；仍可能含错分及外围文本，未验证簇纯度。,保留独立类群
M099,磁重联与磁场材料效应,核能与等离子体,混杂待重分,B099,1,13164,13157,7,0,初审查看全簇主题词及中心/随机样本题名；样本或主题词呈现不同对象、任务或文本格式的混杂；不作为干净技术方向。,保留独立类群
M100,人类世生态危机与社会转型,其他基础与关联学科,关联基础研究,B100,1,9459,9458,1,0,初审查看全簇主题词及中心/随机样本题名；关联材料、方法或基础学科；是否属于能源电力范围需看逐条应用证据。,保留独立类群
M101,电力设备与线路故障检测、定位和诊断,电网与电力系统,宽泛待细分,"B101,B157,B420",3,24131,19901,4230,0,初审查看全簇主题词及中心/随机样本题名；包含多种子技术、对象或任务，粒度偏宽；整簇合并不能完成细分。另查已记录的可用正文片段、随机及边界样本；无正文记录只能核题名。边界正文出现微逆软开关控制；并入相同故障诊断类群不移除错分。；初审查看全簇主题词及中心/随机样本题名；包含多种子技术、对象或任务，粒度偏宽；整簇合并不能完成细分。另查已记录的可用正文片段、随机及边界样本；无正文记录只能核题名。随机文献含汽车传动故障诊断，合并后仍保留范围外风险。；初审查看全簇主题词及中心/随机样本题名；包含多种子技术、对象或任务，粒度偏宽；整簇合并不能完成细分。另查已记录的可用正文片段、随机及边界样本；无正文记录只能核题名。边界正文含钢丝绳缺陷检测，整簇合并后仍保留该风险。,三簇共同研究电力设备及线路的信号特征、故障识别、定位与诊断；配电网电弧接地检测、光伏接入配网诊断和架空线路故障分类在对象及任务上重合。文献/专利表达差异不足以形成独立方向。合并仅消除这一层的重复，保留多设备宽泛状态；汽车传动、软开关控制及钢丝绳缺陷等越界样本未被重分。
M102,金属基复合材料与耐磨制造,能源材料与电化学基础,关联基础研究,B102,1,10658,10602,56,0,初审查看全簇主题词及中心/随机样本题名；关联材料、方法或基础学科；是否属于能源电力范围需看逐条应用证据。,保留独立类群
M103,发动机燃气轮机与动力机械,化石能源,宽泛待细分,B103,1,12092,11960,132,0,初审查看全簇主题词及中心/随机样本题名；包含多种子技术、对象或任务，粒度偏宽；整簇合并不能完成细分。,保留独立类群
M104,微电网能量管理与优化,电网与电力系统,方向候选,B104,1,13850,13671,179,0,初审查看全簇主题词及中心/随机样本题名；可作为研究方向候选；仍可能含错分及外围文本，未验证簇纯度。,保留独立类群
M105,电动汽车推广与整车能耗,交通与充电,宽泛待细分,B105,1,14083,14078,5,0,初审查看全簇主题词及中心/随机样本题名；包含多种子技术、对象或任务，粒度偏宽；整簇合并不能完成细分。,保留独立类群
M106,模板化晶体数据库记录,其他基础与关联学科,外围或非研究文本,B106,1,10482,10450,32,0,初审查看全簇主题词及中心/随机样本题名；外围学科、资讯、书目或模板记录占据显著主题特征；本轮保留追溯，不直接用于热点计数。,保留独立类群
M107,储能充放电与变流控制,电化学储能,宽泛待细分,B107,1,2031,313,1717,1,初审查看全簇主题词及中心/随机样本题名；包含多种子技术、对象或任务，粒度偏宽；整簇合并不能完成细分。,保留独立类群
M108,水系锌电池与锌空气电池,电化学储能,宽泛待细分,B108,1,15542,15504,38,0,初审查看全簇主题词及中心/随机样本题名；包含多种子技术、对象或任务，粒度偏宽；整簇合并不能完成细分。,保留独立类群
M109,电气柜密封防护与开关部件,电网与电力系统,混杂待重分,B109,1,2649,136,2513,0,初审查看全簇主题词及中心/随机样本题名；样本或主题词呈现不同对象、任务或文本格式的混杂；不作为干净技术方向。,保留独立类群
M110,机柜装配与通用机械部件,制造与通用装置,混杂待重分,B110,1,3193,148,3045,0,初审查看全簇主题词及中心/随机样本题名；样本或主题词呈现不同对象、任务或文本格式的混杂；不作为干净技术方向。,保留独立类群
M111,电站锅炉汽轮机与设备运维,化石能源,混杂待重分,B111,1,8557,8544,12,1,初审查看全簇主题词及中心/随机样本题名；样本或主题词呈现不同对象、任务或文本格式的混杂；不作为干净技术方向。,保留独立类群
M112,二氧化钛光催化材料与反应,能源材料与电化学基础,宽泛待细分,"B112,B438",2,48650,48650,0,0,初审查看全簇主题词及中心/随机样本题名；可作为研究方向候选；仍可能含错分及外围文本，未验证簇纯度。另查已记录的可用正文片段、随机及边界样本；无正文记录只能核题名。正文稀少；补查中含光电探测/人工视觉和污染物降解，合并后仍需逐条应用核对。；初审查看全簇主题词及中心/随机样本题名；可作为研究方向候选；仍可能含错分及外围文本，未验证簇纯度。另查已记录的可用正文片段、随机及边界样本；无正文记录只能核题名。,两簇均以TiO2基复合或改性光催化剂及活性提升为中心，标题样本的水净化和补查正文的加替沙星降解与簇438的有机污染物降解直接重合。没有稳定证据将材料改性与催化性能作为互斥类群。两簇仍含光电探测、制氢及其他边界记录，合并名称不限定为纯污染物降解，状态保留宽泛。
M113,水分离采集与流体界面技术,热工与能效,混杂待重分,B113,1,12443,12415,28,0,初审查看全簇主题词及中心/随机样本题名；样本或主题词呈现不同对象、任务或文本格式的混杂；不作为干净技术方向。,保留独立类群
M114,二氧化碳吸收溶解与水合物,碳与环境,宽泛待细分,B114,1,13398,13391,7,0,初审查看全簇主题词及中心/随机样本题名；包含多种子技术、对象或任务，粒度偏宽；整簇合并不能完成细分。,保留独立类群
M115,电源装置与供电电路结构,电力电子与电机,宽泛待细分,B115,1,2217,243,1974,0,初审查看全簇主题词及中心/随机样本题名；包含多种子技术、对象或任务，粒度偏宽；整簇合并不能完成细分。,保留独立类群
M116,制冷循环工质与能效,热工与能效,宽泛待细分,B116,1,13291,13244,47,0,初审查看全簇主题词及中心/随机样本题名；包含多种子技术、对象或任务，粒度偏宽；整簇合并不能完成细分。另查已记录的可用正文片段、随机及边界样本；无正文记录只能核题名。,保留独立类群
M117,煤矿产能及经营公告,能源政策与治理,政策类群,B117,1,300,100,0,200,初审查看全簇主题词及中心/随机样本题名；政策治理类群；行政公告及资质清单不等于技术创新证据，年份需按用途另筛。,保留独立类群
M118,煤矿安全生产与许可管理,能源政策与治理,政策类群,B118,1,592,212,5,375,初审查看全簇主题词及中心/随机样本题名；政策治理类群；行政公告及资质清单不等于技术创新证据，年份需按用途另筛。,保留独立类群
M119,电力载波与通信传输,数字技术与测量,宽泛待细分,B119,1,12985,12912,73,0,初审查看全簇主题词及中心/随机样本题名；包含多种子技术、对象或任务，粒度偏宽；整簇合并不能完成细分。,保留独立类群
M120,波浪能装置与海洋水动力,风能与水能海洋能源,宽泛待细分,B120,1,19237,19212,25,0,初审查看全簇主题词及中心/随机样本题名；包含多种子技术、对象或任务，粒度偏宽；整簇合并不能完成细分。,保留独立类群
M121,热电材料与热电性能优化,能源材料与电化学基础,方向候选,"B121,B170",2,29053,29041,12,0,初审查看全簇主题词及中心/随机样本题名；可作为研究方向候选；仍可能含错分及外围文本，未验证簇纯度。另查已记录的可用正文片段、随机及边界样本；无正文记录只能核题名。,两簇中心均为热电材料进展，随机样本重复出现碲化物/氧化物掺杂复合、Seebeck与ZT等热电性能优化；补查专利同样为掺杂Bi2Te3材料。未观察到可稳定区分两簇的材料体系或研究任务。热电器件热设计簇237继续独立；磁性材料等边界误入不因合并而消失。
M122,磁约束等离子体运行与边界,核能与等离子体,方向候选,B122,1,13097,13091,6,0,初审查看全簇主题词及中心/随机样本题名；可作为研究方向候选；仍可能含错分及外围文本，未验证簇纯度。,保留独立类群
M123,电力系统碳计量与低碳调度,碳与环境,宽泛待细分,B123,1,3665,2543,1122,0,初审查看全簇主题词及中心/随机样本题名；包含多种子技术、对象或任务，粒度偏宽；整簇合并不能完成细分。,保留独立类群
M124,重整气化与合成气制氢,氢能与燃料电池,宽泛待细分,B124,1,13986,13717,269,0,初审查看全簇主题词及中心/随机样本题名；包含多种子技术、对象或任务，粒度偏宽；整簇合并不能完成细分。,保留独立类群
M125,氮化碳及复合光催化材料,能源材料与电化学基础,宽泛待细分,B125,1,21501,21501,0,0,初审查看全簇主题词及中心/随机样本题名；包含多种子技术、对象或任务，粒度偏宽；整簇合并不能完成细分。,保留独立类群
M126,质子交换及功能聚合物膜,氢能与燃料电池,宽泛待细分,B126,1,13850,13695,155,0,初审查看全簇主题词及中心/随机样本题名；包含多种子技术、对象或任务，粒度偏宽；整簇合并不能完成细分。,保留独立类群
M127,石墨烯复合材料与多场景应用,能源材料与电化学基础,宽泛待细分,B127,1,20705,20704,1,0,初审查看全簇主题词及中心/随机样本题名；包含多种子技术、对象或任务，粒度偏宽；整簇合并不能完成细分。,保留独立类群
M128,生物质与污泥厌氧消化产气,生物质与资源循环,方向候选,B128,1,18070,18049,21,0,初审查看全簇主题词及中心/随机样本题名；可作为研究方向候选；仍可能含错分及外围文本，未验证簇纯度。,保留独立类群
M129,能源网络安全与隐私保护,数字技术与测量,方向候选,B129,1,12436,12185,251,0,初审查看全簇主题词及中心/随机样本题名；可作为研究方向候选；仍可能含错分及外围文本，未验证簇纯度。,保留独立类群
M130,光伏电池及组件结构制造,太阳能,宽泛待细分,B130,1,3137,202,2935,0,初审查看全簇主题词及中心/随机样本题名；包含多种子技术、对象或任务，粒度偏宽；整簇合并不能完成细分。,保留独立类群
M131,超级电容器复合电极材料,电化学储能,方向候选,B131,1,13471,13414,57,0,初审查看全簇主题词及中心/随机样本题名；可作为研究方向候选；仍可能含错分及外围文本，未验证簇纯度。,保留独立类群
M132,排放交易与污染治理政策研究,碳与环境,宽泛待细分,B132,1,17510,17510,0,0,初审查看全簇主题词及中心/随机样本题名；包含多种子技术、对象或任务，粒度偏宽；整簇合并不能完成细分。,保留独立类群
M133,功能薄膜沉积与表征,能源材料与电化学基础,关联基础研究,B133,1,13201,13188,13,0,初审查看全簇主题词及中心/随机样本题名；关联材料、方法或基础学科；是否属于能源电力范围需看逐条应用证据。,保留独立类群
M134,电连接器接线与端口结构,电力电子与电机,宽泛待细分,B134,1,2580,483,2097,0,初审查看全簇主题词及中心/随机样本题名；包含多种子技术、对象或任务，粒度偏宽；整簇合并不能完成细分。,保留独立类群
M135,电力市场机制与产消者经济,电网与电力系统,宽泛待细分,B135,1,19791,19770,20,1,初审查看全簇主题词及中心/随机样本题名；包含多种子技术、对象或任务，粒度偏宽；整簇合并不能完成细分。,保留独立类群
M136,电解与其他路线制氢技术,氢能与燃料电池,宽泛待细分,B136,1,12979,12783,196,0,初审查看全簇主题词及中心/随机样本题名；包含多种子技术、对象或任务，粒度偏宽；整簇合并不能完成细分。,保留独立类群
M137,光伏出力预测与系统参数建模,太阳能,宽泛待细分,B137,1,12208,12187,21,0,初审查看全簇主题词及中心/随机样本题名；包含多种子技术、对象或任务，粒度偏宽；整簇合并不能完成细分。另查已记录的可用正文片段、随机及边界样本；无正文记录只能核题名。,保留独立类群
M138,变压器油纸绝缘诊断,电网与电力系统,方向候选,B138,1,5705,5687,18,0,初审查看全簇主题词及中心/随机样本题名；可作为研究方向候选；仍可能含错分及外围文本，未验证簇纯度。,保留独立类群
M139,厌氧微生物产甲烷机制,生物质与资源循环,方向候选,B139,1,11384,11361,23,0,初审查看全簇主题词及中心/随机样本题名；可作为研究方向候选；仍可能含错分及外围文本，未验证簇纯度。,保留独立类群
M140,半导体载流子与电荷输运,能源材料与电化学基础,关联基础研究,B140,1,14916,14915,1,0,初审查看全簇主题词及中心/随机样本题名；关联材料、方法或基础学科；是否属于能源电力范围需看逐条应用证据。,保留独立类群
M141,电机转子定子与装配结构,电力电子与电机,宽泛待细分,B141,1,2462,131,2331,0,初审查看全簇主题词及中心/随机样本题名；包含多种子技术、对象或任务，粒度偏宽；整簇合并不能完成细分。,保留独立类群
M142,微电网变流器协调与功率分配,电网与电力系统,方向候选,B142,1,13489,13458,31,0,初审查看全簇主题词及中心/随机样本题名；可作为研究方向候选；仍可能含错分及外围文本，未验证簇纯度。,保留独立类群
M143,能源作物种植与生物质采收,生物质与资源循环,方向候选,B143,1,10932,10919,13,0,初审查看全簇主题词及中心/随机样本题名；可作为研究方向候选；仍可能含错分及外围文本，未验证簇纯度。,保留独立类群
M144,陆面气象与蒸散估计,其他基础与关联学科,关联基础研究,B144,1,11367,11366,0,1,初审查看全簇主题词及中心/随机样本题名；关联材料、方法或基础学科；是否属于能源电力范围需看逐条应用证据。,保留独立类群
M145,铁基催化剂与氧电催化,能源材料与电化学基础,宽泛待细分,B145,1,14418,14363,55,0,初审查看全簇主题词及中心/随机样本题名；包含多种子技术、对象或任务，粒度偏宽；整簇合并不能完成细分。,保留独立类群
M146,节能减排财政资金安排,能源政策与治理,政策类群,B146,1,240,41,0,199,初审查看全簇主题词及中心/随机样本题名；政策治理类群；行政公告及资质清单不等于技术创新证据，年份需按用途另筛。,保留独立类群
M147,电极与电机铁芯制造装置,制造与通用装置,混杂待重分,B147,1,2139,195,1944,0,初审查看全簇主题词及中心/随机样本题名；样本或主题词呈现不同对象、任务或文本格式的混杂；不作为干净技术方向。,保留独立类群
M148,临床疾病与健康研究,其他基础与关联学科,外围或非研究文本,B148,1,9325,9318,7,0,初审查看全簇主题词及中心/随机样本题名；外围学科、资讯、书目或模板记录占据显著主题特征；本轮保留追溯，不直接用于热点计数。,保留独立类群
M149,储能技术与能量转换综述,电化学储能,宽泛待细分,B149,1,4757,4678,79,0,初审查看全簇主题词及中心/随机样本题名；包含多种子技术、对象或任务，粒度偏宽；整簇合并不能完成细分。,保留独立类群
M150,多孔碳吸附二氧化碳,碳与环境,方向候选,B150,1,17581,17522,59,0,初审查看全簇主题词及中心/随机样本题名；可作为研究方向候选；仍可能含错分及外围文本，未验证簇纯度。,保留独立类群
M151,镁基及多组元合金性质,能源材料与电化学基础,关联基础研究,B151,1,11913,11901,12,0,初审查看全簇主题词及中心/随机样本题名；关联材料、方法或基础学科；是否属于能源电力范围需看逐条应用证据。,保留独立类群
M152,硅基材料与碳化硅陶瓷,能源材料与电化学基础,混杂待重分,B152,1,12919,12884,35,0,初审查看全簇主题词及中心/随机样本题名；样本或主题词呈现不同对象、任务或文本格式的混杂；不作为干净技术方向。,保留独立类群
M153,无线电能传输电路与系统,电力电子与电机,方向候选,B153,1,12919,12658,260,1,初审查看全簇主题词及中心/随机样本题名；可作为研究方向候选；仍可能含错分及外围文本，未验证簇纯度。,保留独立类群
M154,电解水析氧催化,氢能与燃料电池,方向候选,B154,1,19108,19022,86,0,初审查看全簇主题词及中心/随机样本题名；可作为研究方向候选；仍可能含错分及外围文本，未验证簇纯度。,保留独立类群
M155,电力交易竞价与市场优化,电网与电力系统,方向候选,B155,1,12795,12733,62,0,初审查看全簇主题词及中心/随机样本题名；可作为研究方向候选；仍可能含错分及外围文本，未验证簇纯度。,保留独立类群
M156,水工引水排水与杂项装置,制造与通用装置,混杂待重分,B156,1,2219,1202,1017,0,初审查看全簇主题词及中心/随机样本题名；样本或主题词呈现不同对象、任务或文本格式的混杂；不作为干净技术方向。,保留独立类群
M158,有机光伏材料、器件与载流子输运,太阳能,宽泛待细分,"B158,B326",2,28640,28627,13,0,初审查看全簇主题词及中心/随机样本题名；包含多种子技术、对象或任务，粒度偏宽；整簇合并不能完成细分。另查已记录的可用正文片段、随机及边界样本；无正文记录只能核题名。；初审查看全簇主题词及中心/随机样本题名；可作为研究方向候选；仍可能含错分及外围文本，未验证簇纯度。另查已记录的可用正文片段、随机及边界样本；无正文记录只能核题名。,两簇均围绕聚合物/富勒烯异质结有机光伏、导电透明电极及器件性能，中心和随机正文呈现相同材料—器件研究链。没有足够证据把有机太阳能电池与organic photovoltaics另列。保留宽泛状态及钙钛矿空穴层、无机光电化学等混入提示；跨晶体管等器件的有机半导体基础簇243不并入。
M159,太阳辐照预测与光伏环境建模,太阳能,宽泛待细分,B159,1,10086,10049,37,0,初审查看全簇主题词及中心/随机样本题名；包含多种子技术、对象或任务，粒度偏宽；整簇合并不能完成细分。,保留独立类群
M160,通用互联网协议与通信网络,数字技术与测量,关联基础研究,B160,1,13711,13644,62,5,初审查看全簇主题词及中心/随机样本题名；关联材料、方法或基础学科；是否属于能源电力范围需看逐条应用证据。,保留独立类群
M161,车辆操稳道路与轮胎交互,交通与充电,宽泛待细分,B161,1,9626,9362,264,0,初审查看全簇主题词及中心/随机样本题名；包含多种子技术、对象或任务，粒度偏宽；整簇合并不能完成细分。,保留独立类群
M162,电气传感与多设备测量,数字技术与测量,宽泛待细分,B162,1,5451,4073,1378,0,初审查看全簇主题词及中心/随机样本题名；包含多种子技术、对象或任务，粒度偏宽；整簇合并不能完成细分。,保留独立类群
M163,分布式电源接入与配电网运行,电网与电力系统,方向候选,B163,1,3864,2902,962,0,初审查看全簇主题词及中心/随机样本题名；可作为研究方向候选；仍可能含错分及外围文本，未验证簇纯度。,保留独立类群
M164,输电线路雷电接地与电磁影响,电网与电力系统,宽泛待细分,B164,1,12475,12455,20,0,初审查看全簇主题词及中心/随机样本题名；包含多种子技术、对象或任务，粒度偏宽；整簇合并不能完成细分。,保留独立类群
M165,天然气供能与燃气动力系统,化石能源,宽泛待细分,B165,1,8985,8955,29,1,初审查看全簇主题词及中心/随机样本题名；包含多种子技术、对象或任务，粒度偏宽；整簇合并不能完成细分。,保留独立类群
M166,多类太阳能电池结构与性能,太阳能,宽泛待细分,B166,1,14300,14247,53,0,初审查看全簇主题词及中心/随机样本题名；包含多种子技术、对象或任务，粒度偏宽；整簇合并不能完成细分。,保留独立类群
M167,晶硅异质结与硅基光伏制造,太阳能,方向候选,B167,1,14967,14888,79,0,初审查看全簇主题词及中心/随机样本题名；可作为研究方向候选；仍可能含错分及外围文本，未验证簇纯度。,保留独立类群
M168,粒子束辐照与半导体材料缺陷,核能与等离子体,关联基础研究,B168,1,8529,8525,4,0,初审查看全簇主题词及中心/随机样本题名；关联材料、方法或基础学科；是否属于能源电力范围需看逐条应用证据。另查已记录的可用正文片段、随机及边界样本；无正文记录只能核题名。,保留独立类群
M169,电池荷电状态健康状态与建模,电化学储能,宽泛待细分,B169,1,13854,13793,61,0,初审查看全簇主题词及中心/随机样本题名；包含多种子技术、对象或任务，粒度偏宽；整簇合并不能完成细分。,保留独立类群
M171,能源转型与能源安全研究,能源政策与治理,宽泛待细分,B171,1,21077,21076,0,1,初审查看全簇主题词及中心/随机样本题名；包含多种子技术、对象或任务，粒度偏宽；整簇合并不能完成细分。,保留独立类群
M172,最优潮流与电网优化运行,电网与电力系统,方向候选,B172,1,11034,10991,43,0,初审查看全簇主题词及中心/随机样本题名；可作为研究方向候选；仍可能含错分及外围文本，未验证簇纯度。,保留独立类群
M173,燃烧稳定与低污染排放,化石能源,方向候选,B173,1,13834,13797,37,0,初审查看全簇主题词及中心/随机样本题名；可作为研究方向候选；仍可能含错分及外围文本，未验证簇纯度。,保留独立类群
M174,电池正极改性与再生工艺,电化学储能,宽泛待细分,B174,1,3122,459,2663,0,初审查看全簇主题词及中心/随机样本题名；包含多种子技术、对象或任务，粒度偏宽；整簇合并不能完成细分。,保留独立类群
M175,电力负荷预测与短路等系统计算混合,电网与电力系统,混杂待重分,B175,1,4977,3463,1514,0,初审查看全簇主题词及中心/随机样本题名；样本或主题词呈现不同对象、任务或文本格式的混杂；不作为干净技术方向。另查已记录的可用正文片段、随机及边界样本；无正文记录只能核题名。补查发现短路计算和电机数量识别，不是纯负荷预测。,保留独立类群
M176,空化流动与水动力,热工与能效,关联基础研究,B176,1,11578,11573,5,0,初审查看全簇主题词及中心/随机样本题名；关联材料、方法或基础学科；是否属于能源电力范围需看逐条应用证据。,保留独立类群
M177,光伏最大功率点跟踪,太阳能,方向候选,B177,1,16862,16817,45,0,初审查看全簇主题词及中心/随机样本题名；可作为研究方向候选；仍可能含错分及外围文本，未验证簇纯度。,保留独立类群
M178,纳米结构输运与器件基础,能源材料与电化学基础,关联基础研究,B178,1,11261,11248,13,0,初审查看全簇主题词及中心/随机样本题名；关联材料、方法或基础学科；是否属于能源电力范围需看逐条应用证据。,保留独立类群
M179,离子液体与电解质基础,能源材料与电化学基础,宽泛待细分,B179,1,11925,11902,23,0,初审查看全簇主题词及中心/随机样本题名；包含多种子技术、对象或任务，粒度偏宽；整簇合并不能完成细分。,保留独立类群
M180,超导与量子材料基础,能源材料与电化学基础,关联基础研究,B180,1,6138,6131,7,0,初审查看全簇主题词及中心/随机样本题名；关联材料、方法或基础学科；是否属于能源电力范围需看逐条应用证据。,保留独立类群
M181,电池组结构均衡与供能电路,电化学储能,宽泛待细分,B181,1,3822,701,3121,0,初审查看全簇主题词及中心/随机样本题名；包含多种子技术、对象或任务，粒度偏宽；整簇合并不能完成细分。,保留独立类群
M182,聚变装置与粒子束工程,核能与等离子体,宽泛待细分,B182,1,10841,10812,29,0,初审查看全簇主题词及中心/随机样本题名；包含多种子技术、对象或任务，粒度偏宽；整簇合并不能完成细分。,保留独立类群
M183,导航定位与遥感观测,数字技术与测量,关联基础研究,B183,1,9140,9037,103,0,初审查看全簇主题词及中心/随机样本题名；关联材料、方法或基础学科；是否属于能源电力范围需看逐条应用证据。,保留独立类群
M184,通用控制器与电力控制算法,数字技术与测量,宽泛待细分,B184,1,18703,18383,320,0,初审查看全簇主题词及中心/随机样本题名；包含多种子技术、对象或任务，粒度偏宽；整簇合并不能完成细分。,保留独立类群
M185,卤化物钙钛矿结构、光电物性与发光,能源材料与电化学基础,关联基础研究,"B185,B270",2,31115,31115,0,0,初审查看全簇主题词及中心/随机样本题名；关联材料、方法或基础学科；是否属于能源电力范围需看逐条应用证据。另查已记录的可用正文片段、随机及边界样本；无正文记录只能核题名。,两簇的卤化物钙钛矿低维结构、缺陷调控、光电及发光性质一致。补查簇185正文中的低维材料综述、红光LED晶粒调控，与簇270的低维卤化物缺陷及发光调控相符。材料基础研究与太阳能电池应用簇066/220保留区分；氧化物及电容用途等边界记录保持原归属。
M186,风电场运行与功率优化,风能与水能海洋能源,方向候选,B186,1,14192,14125,67,0,初审查看全簇主题词及中心/随机样本题名；可作为研究方向候选；仍可能含错分及外围文本，未验证簇纯度。,保留独立类群
M187,煤热解气化与煤质特性,化石能源,方向候选,B187,1,12143,12129,14,0,初审查看全簇主题词及中心/随机样本题名；可作为研究方向候选；仍可能含错分及外围文本，未验证簇纯度。,保留独立类群
M188,通用反应分离与气液处理装置,制造与通用装置,混杂待重分,B188,1,2052,640,1412,0,初审查看全簇主题词及中心/随机样本题名；样本或主题词呈现不同对象、任务或文本格式的混杂；不作为干净技术方向。,保留独立类群
M189,欧洲能源转型与能源政策研究,能源政策与治理,宽泛待细分,B189,1,17136,17136,0,0,初审查看全簇主题词及中心/随机样本题名；包含多种子技术、对象或任务，粒度偏宽；整簇合并不能完成细分。另查已记录的可用正文片段、随机及边界样本；无正文记录只能核题名。这是政策研究文献类群，不代表来源均为正式政策文本。,保留独立类群
M190,风力机叶片与气动设计,风能与水能海洋能源,方向候选,B190,1,22790,22768,22,0,初审查看全簇主题词及中心/随机样本题名；可作为研究方向候选；仍可能含错分及外围文本，未验证簇纯度。,保留独立类群
M191,充电负荷预测与园区用电调配,交通与充电,宽泛待细分,B191,1,1836,240,1596,0,初审查看全簇主题词及中心/随机样本题名；包含多种子技术、对象或任务，粒度偏宽；整簇合并不能完成细分。,保留独立类群
M192,固态储氢材料与反应器,氢能与燃料电池,方向候选,B192,1,16336,16269,67,0,初审查看全簇主题词及中心/随机样本题名；可作为研究方向候选；仍可能含错分及外围文本，未验证簇纯度。,保留独立类群
M193,含锂化合物与锂金属界面,电化学储能,混杂待重分,B193,1,13335,13325,10,0,初审查看全簇主题词及中心/随机样本题名；样本或主题词呈现不同对象、任务或文本格式的混杂；不作为干净技术方向。,保留独立类群
M194,多设备温控与智能散热,热工与能效,宽泛待细分,B194,1,4635,2342,2293,0,初审查看全簇主题词及中心/随机样本题名；包含多种子技术、对象或任务，粒度偏宽；整簇合并不能完成细分。,保留独立类群
M195,股票价格与通用金融预测,其他基础与关联学科,外围或非研究文本,B195,1,12620,12606,14,0,初审查看全簇主题词及中心/随机样本题名；外围学科、资讯、书目或模板记录占据显著主题特征；本轮保留追溯，不直接用于热点计数。,保留独立类群
M196,碳捕集封存与碳移除系统,碳与环境,宽泛待细分,B196,1,13578,13567,9,2,初审查看全簇主题词及中心/随机样本题名；包含多种子技术、对象或任务，粒度偏宽；整簇合并不能完成细分。,保留独立类群
M197,混合动力与整车能量管理,交通与充电,方向候选,B197,1,15998,15949,49,0,初审查看全簇主题词及中心/随机样本题名；可作为研究方向候选；仍可能含错分及外围文本，未验证簇纯度。,保留独立类群
M198,铜基热电及功能复合材料,能源材料与电化学基础,混杂待重分,B198,1,6967,6939,28,0,初审查看全簇主题词及中心/随机样本题名；样本或主题词呈现不同对象、任务或文本格式的混杂；不作为干净技术方向。,保留独立类群
M199,电池负极活性材料与电池器件,电化学储能,宽泛待细分,B199,1,2628,63,2565,0,初审查看全簇主题词及中心/随机样本题名；包含多种子技术、对象或任务，粒度偏宽；整簇合并不能完成细分。,保留独立类群
M200,交直流供电与储备能源控制,电力电子与电机,宽泛待细分,B200,1,3128,790,2338,0,初审查看全簇主题词及中心/随机样本题名；包含多种子技术、对象或任务，粒度偏宽；整簇合并不能完成细分。,保留独立类群
M201,直流输电保护与故障限流,电网与电力系统,方向候选,B201,1,11294,11249,45,0,初审查看全簇主题词及中心/随机样本题名；可作为研究方向候选；仍可能含错分及外围文本，未验证簇纯度。,保留独立类群
M202,电化学电极与摩擦电材料混合,能源材料与电化学基础,混杂待重分,B202,1,10828,10819,9,0,初审查看全簇主题词及中心/随机样本题名；样本或主题词呈现不同对象、任务或文本格式的混杂；不作为干净技术方向。,保留独立类群
M203,氧化锌复合光催化材料,能源材料与电化学基础,方向候选,B203,1,18175,18172,3,0,初审查看全簇主题词及中心/随机样本题名；可作为研究方向候选；仍可能含错分及外围文本，未验证簇纯度。,保留独立类群
M204,纳米表征与光学传感材料,能源材料与电化学基础,关联基础研究,B204,1,8447,8416,31,0,初审查看全簇主题词及中心/随机样本题名；关联材料、方法或基础学科；是否属于能源电力范围需看逐条应用证据。,保留独立类群
M205,发电项目电价结算及清单政策,能源政策与治理,政策类群,B205,1,245,102,1,142,初审查看全簇主题词及中心/随机样本题名；政策治理类群；行政公告及资质清单不等于技术创新证据，年份需按用途另筛。,保留独立类群
M206,电池测试表征与性能评估,电化学储能,宽泛待细分,B206,1,11318,11239,79,0,初审查看全簇主题词及中心/随机样本题名；包含多种子技术、对象或任务，粒度偏宽；整簇合并不能完成细分。,保留独立类群
M207,激子量子点与发光机理,能源材料与电化学基础,关联基础研究,B207,1,16045,16038,7,0,初审查看全簇主题词及中心/随机样本题名；关联材料、方法或基础学科；是否属于能源电力范围需看逐条应用证据。,保留独立类群
M208,组件边框与通用结构材料,制造与通用装置,混杂待重分,B208,1,2217,270,1947,0,初审查看全簇主题词及中心/随机样本题名；样本或主题词呈现不同对象、任务或文本格式的混杂；不作为干净技术方向。,保留独立类群
M209,能源企业组织投资与管理,能源政策与治理,宽泛待细分,B209,1,12707,12676,25,6,初审查看全簇主题词及中心/随机样本题名；包含多种子技术、对象或任务，粒度偏宽；整簇合并不能完成细分。,保留独立类群
M210,有机半导体光物理与光电响应,能源材料与电化学基础,关联基础研究,B210,1,11042,11041,1,0,初审查看全簇主题词及中心/随机样本题名；关联材料、方法或基础学科；是否属于能源电力范围需看逐条应用证据。,保留独立类群
M211,地热资源开发与换热,热工与能效,方向候选,B211,1,13977,13924,52,1,初审查看全簇主题词及中心/随机样本题名；可作为研究方向候选；仍可能含错分及外围文本，未验证簇纯度。,保留独立类群
M212,直流变换器拓扑与设计,电力电子与电机,方向候选,B212,1,21398,20579,819,0,初审查看全簇主题词及中心/随机样本题名；可作为研究方向候选；仍可能含错分及外围文本，未验证簇纯度。另查已记录的可用正文片段、随机及边界样本；无正文记录只能核题名。,保留独立类群
M213,等离子体波与高能粒子作用,核能与等离子体,方向候选,B213,1,14619,14618,1,0,初审查看全簇主题词及中心/随机样本题名；可作为研究方向候选；仍可能含错分及外围文本，未验证簇纯度。,保留独立类群
M214,电力电缆绝缘与运行诊断,电网与电力系统,方向候选,B214,1,9771,9452,318,1,初审查看全簇主题词及中心/随机样本题名；可作为研究方向候选；仍可能含错分及外围文本，未验证簇纯度。,保留独立类群
M215,通信网络路由与拓扑,数字技术与测量,关联基础研究,B215,1,13953,13747,206,0,初审查看全簇主题词及中心/随机样本题名；关联材料、方法或基础学科；是否属于能源电力范围需看逐条应用证据。,保留独立类群
M216,电池极耳焊接及耳机等混合部件,制造与通用装置,混杂待重分,B216,1,1113,94,1019,0,初审查看全簇主题词及中心/随机样本题名；样本或主题词呈现不同对象、任务或文本格式的混杂；不作为干净技术方向。,保留独立类群
M217,电力可靠性与电气安全,电网与电力系统,宽泛待细分,B217,1,12856,12790,65,1,初审查看全簇主题词及中心/随机样本题名；包含多种子技术、对象或任务，粒度偏宽；整簇合并不能完成细分。,保留独立类群
M218,离子液体萃取与金属分离,碳与环境,方向候选,B218,1,8646,8636,10,0,初审查看全簇主题词及中心/随机样本题名；可作为研究方向候选；仍可能含错分及外围文本，未验证簇纯度。,保留独立类群
M219,气候变化治理与国际政策,能源政策与治理,政策类群,B219,1,23342,23342,0,0,初审查看全簇主题词及中心/随机样本题名；政策治理类群；行政公告及资质清单不等于技术创新证据，年份需按用途另筛。,保留独立类群
M221,系统可靠性及暂态稳定混合,电网与电力系统,混杂待重分,B221,1,11252,11079,173,0,初审查看全簇主题词及中心/随机样本题名；样本或主题词呈现不同对象、任务或文本格式的混杂；不作为干净技术方向。,保留独立类群
M222,局部放电电晕与放电物理,电网与电力系统,宽泛待细分,B222,1,9908,9904,4,0,初审查看全簇主题词及中心/随机样本题名；包含多种子技术、对象或任务，粒度偏宽；整簇合并不能完成细分。,保留独立类群
M223,锂金属沉积与含锂电极材料,电化学储能,宽泛待细分,B223,1,18197,18182,15,0,初审查看全簇主题词及中心/随机样本题名；包含多种子技术、对象或任务，粒度偏宽；整簇合并不能完成细分。,保留独立类群
M224,木质纤维素预处理与生化转化,生物质与资源循环,宽泛待细分,B224,1,15030,15018,12,0,初审查看全簇主题词及中心/随机样本题名；包含多种子技术、对象或任务，粒度偏宽；整簇合并不能完成细分。,保留独立类群
M225,泵水轮机与水力机械流动,热工与能效,方向候选,B225,1,15575,15562,13,0,初审查看全簇主题词及中心/随机样本题名；可作为研究方向候选；仍可能含错分及外围文本，未验证簇纯度。,保留独立类群
M226,生物炭制备与环境应用,生物质与资源循环,宽泛待细分,B226,1,9237,9218,19,0,初审查看全簇主题词及中心/随机样本题名；包含多种子技术、对象或任务，粒度偏宽；整簇合并不能完成细分。,保留独立类群
M227,离子导电及功能聚合物,能源材料与电化学基础,关联基础研究,B227,1,13837,13555,282,0,初审查看全簇主题词及中心/随机样本题名；关联材料、方法或基础学科；是否属于能源电力范围需看逐条应用证据。,保留独立类群
M228,过硫酸盐活化与高级氧化,碳与环境,方向候选,B228,1,12917,12915,2,0,初审查看全簇主题词及中心/随机样本题名；可作为研究方向候选；仍可能含错分及外围文本，未验证簇纯度。,保留独立类群
M229,空调通风与空气处理,热工与能效,方向候选,B229,1,9260,9210,50,0,初审查看全簇主题词及中心/随机样本题名；可作为研究方向候选；仍可能含错分及外围文本，未验证簇纯度。,保留独立类群
M230,能源审计与综合节能评估,热工与能效,宽泛待细分,B230,1,19662,19653,9,0,初审查看全簇主题词及中心/随机样本题名；包含多种子技术、对象或任务，粒度偏宽；整簇合并不能完成细分。,保留独立类群
M231,通用安装固定与机电结构,制造与通用装置,混杂待重分,B231,1,4319,35,4284,0,初审查看全簇主题词及中心/随机样本题名；样本或主题词呈现不同对象、任务或文本格式的混杂；不作为干净技术方向。,保留独立类群
M232,高温钢材蠕变腐蚀与焊接,能源材料与电化学基础,关联基础研究,B232,1,10469,10435,34,0,初审查看全簇主题词及中心/随机样本题名；关联材料、方法或基础学科；是否属于能源电力范围需看逐条应用证据。,保留独立类群
M233,专利权利要求格式与杂项器件,制造与通用装置,混杂待重分,B233,1,2881,165,2716,0,初审查看全簇主题词及中心/随机样本题名；样本或主题词呈现不同对象、任务或文本格式的混杂；不作为干净技术方向。,保留独立类群
M234,多种掺杂氧化物及功能化合物,能源材料与电化学基础,混杂待重分,B234,1,12029,12009,20,0,初审查看全簇主题词及中心/随机样本题名；样本或主题词呈现不同对象、任务或文本格式的混杂；不作为干净技术方向。,保留独立类群
M235,半导体光电化学水分解,氢能与燃料电池,方向候选,B235,1,10831,10831,0,0,初审查看全簇主题词及中心/随机样本题名；可作为研究方向候选；仍可能含错分及外围文本，未验证簇纯度。,保留独立类群
M236,软开关谐振与交流变换器,电力电子与电机,宽泛待细分,B236,1,16314,16271,43,0,初审查看全簇主题词及中心/随机样本题名；包含多种子技术、对象或任务，粒度偏宽；整簇合并不能完成细分。另查已记录的可用正文片段、随机及边界样本；无正文记录只能核题名。,保留独立类群
M237,热电发电器件与热设计,热工与能效,方向候选,B237,1,15510,15460,50,0,初审查看全簇主题词及中心/随机样本题名；可作为研究方向候选；仍可能含错分及外围文本，未验证簇纯度。,保留独立类群
M238,氢能供给加氢与系统集成,氢能与燃料电池,宽泛待细分,B238,1,9506,9352,154,0,初审查看全簇主题词及中心/随机样本题名；包含多种子技术、对象或任务，粒度偏宽；整簇合并不能完成细分。,保留独立类群
M239,分布式光伏部署与技术经济,太阳能,宽泛待细分,B239,1,25476,25455,8,13,初审查看全簇主题词及中心/随机样本题名；包含多种子技术、对象或任务，粒度偏宽；整簇合并不能完成细分。,保留独立类群
M240,农业农村经济与资源发展,其他基础与关联学科,关联基础研究,B240,1,9622,9622,0,0,初审查看全簇主题词及中心/随机样本题名；关联材料、方法或基础学科；是否属于能源电力范围需看逐条应用证据。,保留独立类群
M241,高温及绝缘陶瓷制备,能源材料与电化学基础,宽泛待细分,B241,1,10654,10581,73,0,初审查看全簇主题词及中心/随机样本题名；包含多种子技术、对象或任务，粒度偏宽；整簇合并不能完成细分。,保留独立类群
M242,薄膜晶体管与有机电子器件,电力电子与电机,关联基础研究,B242,1,8328,8327,1,0,初审查看全簇主题词及中心/随机样本题名；关联材料、方法或基础学科；是否属于能源电力范围需看逐条应用证据。,保留独立类群
M243,有机半导体供受体与分子器件材料,能源材料与电化学基础,关联基础研究,B243,1,13905,13889,16,0,初审查看全簇主题词及中心/随机样本题名；关联材料、方法或基础学科；是否属于能源电力范围需看逐条应用证据。另查已记录的可用正文片段、随机及边界样本；无正文记录只能核题名。正文涵盖晶体管及跨器件分子材料；调整到关联基础研究领域。,保留独立类群
M244,文摘索引与教学资料记录,其他基础与关联学科,外围或非研究文本,B244,1,5706,5705,1,0,初审查看全簇主题词及中心/随机样本题名；外围学科、资讯、书目或模板记录占据显著主题特征；本轮保留追溯，不直接用于热点计数。,保留独立类群
M245,生物油热解与燃料升级,生物质与资源循环,方向候选,B245,1,14285,14236,49,0,初审查看全簇主题词及中心/随机样本题名；可作为研究方向候选；仍可能含错分及外围文本，未验证簇纯度。,保留独立类群
M246,电驱控制器与机电集成装置,电力电子与电机,宽泛待细分,B246,1,2147,144,2003,0,初审查看全簇主题词及中心/随机样本题名；包含多种子技术、对象或任务，粒度偏宽；整簇合并不能完成细分。,保留独立类群
M247,碳基超级电容器电极,电化学储能,方向候选,B247,1,12765,12756,9,0,初审查看全簇主题词及中心/随机样本题名；可作为研究方向候选；仍可能含错分及外围文本，未验证簇纯度。,保留独立类群
M248,虚拟电厂资源聚合与调度,电网与电力系统,方向候选,B248,1,2410,1715,676,19,初审查看全簇主题词及中心/随机样本题名；可作为研究方向候选；仍可能含错分及外围文本，未验证簇纯度。,保留独立类群
M249,镍锰及多种无机功能材料,能源材料与电化学基础,混杂待重分,B249,1,12777,12701,76,0,初审查看全簇主题词及中心/随机样本题名；样本或主题词呈现不同对象、任务或文本格式的混杂；不作为干净技术方向。,保留独立类群
M250,电力安全生产与应急政策,能源政策与治理,政策类群,B250,1,1010,662,6,342,初审查看全簇主题词及中心/随机样本题名；政策治理类群；行政公告及资质清单不等于技术创新证据，年份需按用途另筛。,保留独立类群
M251,磁性材料磁路与磁场基础,能源材料与电化学基础,宽泛待细分,B251,1,13183,13053,130,0,初审查看全簇主题词及中心/随机样本题名；包含多种子技术、对象或任务，粒度偏宽；整簇合并不能完成细分。,保留独立类群
M252,热力循环余热与联供系统,热工与能效,宽泛待细分,B252,1,10693,10659,29,5,初审查看全簇主题词及中心/随机样本题名；包含多种子技术、对象或任务，粒度偏宽；整簇合并不能完成细分。,保留独立类群
M253,充电站选址与充电调度,交通与充电,方向候选,B253,1,11931,11871,60,0,初审查看全簇主题词及中心/随机样本题名；可作为研究方向候选；仍可能含错分及外围文本，未验证簇纯度。另查已记录的可用正文片段、随机及边界样本；无正文记录只能核题名。,保留独立类群
M254,热泵与区域供热供冷,热工与能效,宽泛待细分,B254,1,14325,14275,47,3,初审查看全簇主题词及中心/随机样本题名；包含多种子技术、对象或任务，粒度偏宽；整簇合并不能完成细分。,保留独立类群
M255,二氧化碳加氢与多类催化反应,碳与环境,宽泛待细分,B255,1,13097,13094,3,0,初审查看全簇主题词及中心/随机样本题名；包含多种子技术、对象或任务，粒度偏宽；整簇合并不能完成细分。,保留独立类群
M256,电催化析氢与界面调控,氢能与燃料电池,方向候选,B256,1,16820,16798,22,0,初审查看全簇主题词及中心/随机样本题名；可作为研究方向候选；仍可能含错分及外围文本，未验证簇纯度。,保留独立类群
M257,锂离子电池电极材料,电化学储能,宽泛待细分,B257,1,16377,16366,11,0,初审查看全簇主题词及中心/随机样本题名；包含多种子技术、对象或任务，粒度偏宽；整簇合并不能完成细分。,保留独立类群
M258,磁电耦合与自旋极化基础,能源材料与电化学基础,关联基础研究,B258,1,11740,11738,2,0,初审查看全簇主题词及中心/随机样本题名；关联材料、方法或基础学科；是否属于能源电力范围需看逐条应用证据。,保留独立类群
M259,固体氧化物燃料电池,氢能与燃料电池,方向候选,B259,1,13625,13564,61,0,初审查看全簇主题词及中心/随机样本题名；可作为研究方向候选；仍可能含错分及外围文本，未验证簇纯度。,保留独立类群
M260,综合能源系统协同管理与优化调度,电网与电力系统,宽泛待细分,"B260,B300",2,21587,20343,1234,10,初审查看全簇主题词及中心/随机样本题名；包含多种子技术、对象或任务，粒度偏宽；整簇合并不能完成细分。另查已记录的可用正文片段、随机及边界样本；无正文记录只能核题名。主任务为综合能源调度，仍包含太阳能烹饪、交通充放电等边界。；初审查看全簇主题词及中心/随机样本题名；包含多种子技术、对象或任务，粒度偏宽；整簇合并不能完成细分。另查已记录的可用正文片段、随机及边界样本；无正文记录只能核题名。,两簇的文献及专利中心共同涉及综合能源系统、多能源互补、需求响应、能量枢纽与多目标调度；簇260两篇文献和簇300中心正文研究任务直接重合。合并为同层的宽泛综合能源系统方向，不再扩并微电网协调、储能控制等其他类群；太阳能烹饪、公交充放电等边界混入仍未逐条修复。
M261,锂硫电池正极与多硫化物调控,电化学储能,方向候选,B261,1,9045,9031,14,0,初审查看全簇主题词及中心/随机样本题名；可作为研究方向候选；仍可能含错分及外围文本，未验证簇纯度。,保留独立类群
M262,电压电流检测与校验电路,数字技术与测量,宽泛待细分,B262,1,3438,751,2687,0,初审查看全簇主题词及中心/随机样本题名；包含多种子技术、对象或任务，粒度偏宽；整簇合并不能完成细分。,保留独立类群
M263,保护电路与开关控制,电力电子与电机,宽泛待细分,B263,1,3423,578,2845,0,初审查看全簇主题词及中心/随机样本题名；包含多种子技术、对象或任务，粒度偏宽；整簇合并不能完成细分。,保留独立类群
M264,电池外壳盖板与封装,电化学储能,方向候选,B264,1,4084,24,4060,0,初审查看全簇主题词及中心/随机样本题名；可作为研究方向候选；仍可能含错分及外围文本，未验证簇纯度。另查已记录的可用正文片段、随机及边界样本；无正文记录只能核题名。,保留独立类群
M265,碳基氧还原及单原子催化,能源材料与电化学基础,宽泛待细分,B265,1,15435,15433,2,0,初审查看全簇主题词及中心/随机样本题名；包含多种子技术、对象或任务，粒度偏宽；整簇合并不能完成细分。,保留独立类群
M266,绿色发展可持续性与绿色金融,能源政策与治理,宽泛待细分,B266,1,17075,17068,5,2,初审查看全簇主题词及中心/随机样本题名；包含多种子技术、对象或任务，粒度偏宽；整簇合并不能完成细分。,保留独立类群
M267,覆冰冻结与除冰传热,热工与能效,宽泛待细分,B267,1,4320,4185,135,0,初审查看全簇主题词及中心/随机样本题名；包含多种子技术、对象或任务，粒度偏宽；整簇合并不能完成细分。,保留独立类群
M268,燃料电池质子交换膜,氢能与燃料电池,方向候选,B268,1,12065,12038,27,0,初审查看全簇主题词及中心/随机样本题名；可作为研究方向候选；仍可能含错分及外围文本，未验证簇纯度。,保留独立类群
M269,通用数学方程与数值方法,其他基础与关联学科,关联基础研究,B269,1,15513,15497,16,0,初审查看全簇主题词及中心/随机样本题名；关联材料、方法或基础学科；是否属于能源电力范围需看逐条应用证据。,保留独立类群
M271,液冷流体通道与杂项机电装置,热工与能效,混杂待重分,B271,1,2266,112,2154,0,初审查看全簇主题词及中心/随机样本题名；样本或主题词呈现不同对象、任务或文本格式的混杂；不作为干净技术方向。,保留独立类群
M272,有机发光与分子光物理材料,能源材料与电化学基础,关联基础研究,B272,1,14392,14381,11,0,初审查看全簇主题词及中心/随机样本题名；关联材料、方法或基础学科；是否属于能源电力范围需看逐条应用证据。,保留独立类群
M273,翼型螺旋桨与航空气动,其他基础与关联学科,关联基础研究,B273,1,15760,15724,36,0,初审查看全簇主题词及中心/随机样本题名；关联材料、方法或基础学科；是否属于能源电力范围需看逐条应用证据。,保留独立类群
M274,沼气及多路线生物燃料,生物质与资源循环,宽泛待细分,B274,1,16297,16231,66,0,初审查看全簇主题词及中心/随机样本题名；包含多种子技术、对象或任务，粒度偏宽；整簇合并不能完成细分。,保留独立类群
M275,高分子绝缘与复合材料混合,能源材料与电化学基础,混杂待重分,B275,1,9354,9320,34,0,初审查看全簇主题词及中心/随机样本题名；样本或主题词呈现不同对象、任务或文本格式的混杂；不作为干净技术方向。,保留独立类群
M276,电机调制谐波与转矩控制,电力电子与电机,宽泛待细分,B276,1,3745,1119,2626,0,初审查看全簇主题词及中心/随机样本题名；包含多种子技术、对象或任务，粒度偏宽；整簇合并不能完成细分。,保留独立类群
M277,电缆结构材料与敷设,电网与电力系统,宽泛待细分,B277,1,3836,486,3350,0,初审查看全簇主题词及中心/随机样本题名；包含多种子技术、对象或任务，粒度偏宽；整簇合并不能完成细分。,保留独立类群
M278,风电发电机与并网控制,风能与水能海洋能源,方向候选,B278,1,16233,16009,224,0,初审查看全簇主题词及中心/随机样本题名；可作为研究方向候选；仍可能含错分及外围文本，未验证簇纯度。,保留独立类群
M279,锂离子电池负极材料,电化学储能,方向候选,B279,1,26999,26996,3,0,初审查看全簇主题词及中心/随机样本题名；可作为研究方向候选；仍可能含错分及外围文本，未验证簇纯度。,保留独立类群
M280,分子生物学与医学机制,其他基础与关联学科,外围或非研究文本,B280,1,10207,10200,7,0,初审查看全簇主题词及中心/随机样本题名；外围学科、资讯、书目或模板记录占据显著主题特征；本轮保留追溯，不直接用于热点计数。,保留独立类群
M281,整体电催化水分解,氢能与燃料电池,方向候选,B281,1,14452,14446,6,0,初审查看全簇主题词及中心/随机样本题名；可作为研究方向候选；仍可能含错分及外围文本，未验证簇纯度。,保留独立类群
M282,光伏支架与组件机械固定,太阳能,方向候选,B282,1,2911,27,2884,0,初审查看全簇主题词及中心/随机样本题名；可作为研究方向候选；仍可能含错分及外围文本，未验证簇纯度。,保留独立类群
M283,航空器无人机设计与飞控,其他基础与关联学科,关联基础研究,B283,1,13177,13083,94,0,初审查看全簇主题词及中心/随机样本题名；关联材料、方法或基础学科；是否属于能源电力范围需看逐条应用证据。,保留独立类群
M284,电机磁路转子与铁芯设计,电力电子与电机,宽泛待细分,B284,1,3590,286,3304,0,初审查看全簇主题词及中心/随机样本题名；包含多种子技术、对象或任务，粒度偏宽；整簇合并不能完成细分。,保留独立类群
M285,金融投资与风险经济,其他基础与关联学科,关联基础研究,B285,1,12682,12682,0,0,初审查看全簇主题词及中心/随机样本题名；关联材料、方法或基础学科；是否属于能源电力范围需看逐条应用证据。,保留独立类群
M286,油路液压与油浸电气装置,制造与通用装置,混杂待重分,B286,1,1346,176,1170,0,初审查看全簇主题词及中心/随机样本题名；样本或主题词呈现不同对象、任务或文本格式的混杂；不作为干净技术方向。,保留独立类群
M287,能源标准化许可与专项监管,能源政策与治理,宽泛待细分,B287,1,1392,851,0,541,初审查看全簇主题词及中心/随机样本题名；包含多种子技术、对象或任务，粒度偏宽；整簇合并不能完成细分。,保留独立类群
M288,热泵换热器与热管理设计,热工与能效,宽泛待细分,B288,1,14081,14072,9,0,初审查看全簇主题词及中心/随机样本题名；包含多种子技术、对象或任务，粒度偏宽；整簇合并不能完成细分。另查已记录的可用正文片段、随机及边界样本；无正文记录只能核题名。,保留独立类群
M289,燃料电池铂基催化剂,氢能与燃料电池,方向候选,B289,1,14780,14704,76,0,初审查看全簇主题词及中心/随机样本题名；可作为研究方向候选；仍可能含错分及外围文本，未验证簇纯度。,保留独立类群
M290,核裂变聚变与核电工程,核能与等离子体,宽泛待细分,B290,1,10015,9522,489,4,初审查看全簇主题词及中心/随机样本题名；包含多种子技术、对象或任务，粒度偏宽；整簇合并不能完成细分。,保留独立类群
M291,多体系电池配方与器件,电化学储能,混杂待重分,B291,1,4664,1914,2750,0,初审查看全簇主题词及中心/随机样本题名；样本或主题词呈现不同对象、任务或文本格式的混杂；不作为干净技术方向。,保留独立类群
M292,锌基硫族及氧化物薄膜,能源材料与电化学基础,关联基础研究,B292,1,13475,13474,1,0,初审查看全簇主题词及中心/随机样本题名；关联材料、方法或基础学科；是否属于能源电力范围需看逐条应用证据。,保留独立类群
M293,铁氧化物磁性纳米材料,能源材料与电化学基础,关联基础研究,B293,1,16529,16510,19,0,初审查看全簇主题词及中心/随机样本题名；关联材料、方法或基础学科；是否属于能源电力范围需看逐条应用证据。,保留独立类群
M294,瓶装液化石油气价格政策,能源政策与治理,政策类群,B294,1,219,39,0,180,初审查看全簇主题词及中心/随机样本题名；政策治理类群；行政公告及资质清单不等于技术创新证据，年份需按用途另筛。,保留独立类群
M295,仿真软件硬件在环与教学平台,数字技术与测量,宽泛待细分,B295,1,10745,10578,167,0,初审查看全簇主题词及中心/随机样本题名；包含多种子技术、对象或任务，粒度偏宽；整簇合并不能完成细分。,保留独立类群
M296,电池系统管理与全寿命利用,电化学储能,宽泛待细分,B296,1,11095,11028,65,2,初审查看全簇主题词及中心/随机样本题名；包含多种子技术、对象或任务，粒度偏宽；整簇合并不能完成细分。,保留独立类群
M297,电池管理与均衡控制,电化学储能,方向候选,B297,1,4459,1695,2764,0,初审查看全簇主题词及中心/随机样本题名；可作为研究方向候选；仍可能含错分及外围文本，未验证簇纯度。,保留独立类群
M298,光学薄膜与发光表征,能源材料与电化学基础,关联基础研究,B298,1,11125,11114,11,0,初审查看全簇主题词及中心/随机样本题名；关联材料、方法或基础学科；是否属于能源电力范围需看逐条应用证据。,保留独立类群
M299,供水管网水力状态与节能调度,热工与能效,方向候选,B299,1,6928,6223,705,0,初审查看全簇主题词及中心/随机样本题名；可作为研究方向候选；仍可能含错分及外围文本，未验证簇纯度。,保留独立类群
M301,废旧锂电池回收、分离与材料再生,电化学储能,方向候选,"B301,B437",2,9705,8342,1363,0,初审查看全簇主题词及中心/随机样本题名；可作为研究方向候选；仍可能含错分及外围文本，未验证簇纯度。另查已记录的可用正文片段、随机及边界样本；无正文记录只能核题名。,簇301文献与簇437专利均以废旧锂电池中锂及过渡金属回收、正负极分离和直接修复为目标；文献的回收综述、拆解过程与专利的浸出和再生工艺属于同一生命周期阶段。来源不同不另列方向；不并入一般有价金属浸出簇057或原生电极材料制备簇174。
M302,场效应晶体管结构与建模,电力电子与电机,宽泛待细分,B302,1,13401,13374,27,0,初审查看全簇主题词及中心/随机样本题名；包含多种子技术、对象或任务，粒度偏宽；整簇合并不能完成细分。,保留独立类群
M303,温度测量监测与温控装置,数字技术与测量,宽泛待细分,B303,1,3275,1789,1486,0,初审查看全簇主题词及中心/随机样本题名；包含多种子技术、对象或任务，粒度偏宽；整簇合并不能完成细分。,保留独立类群
M304,出版商模板干扰的多能源文本,其他基础与关联学科,混杂待重分,B304,1,11546,11545,1,0,初审查看全簇主题词及中心/随机样本题名；样本或主题词呈现不同对象、任务或文本格式的混杂；不作为干净技术方向。主题词受波兰语出版商介绍模板主导，实际题名横跨能源方向。,保留独立类群
M305,半导体离子注入与辐照缺陷,能源材料与电化学基础,关联基础研究,B305,1,9382,9373,9,0,初审查看全簇主题词及中心/随机样本题名；关联材料、方法或基础学科；是否属于能源电力范围需看逐条应用证据。,保留独立类群
M306,制冷循环与余热驱动制冷,热工与能效,宽泛待细分,B306,1,9250,9249,1,0,初审查看全簇主题词及中心/随机样本题名；包含多种子技术、对象或任务，粒度偏宽；整簇合并不能完成细分。另查已记录的可用正文片段、随机及边界样本；无正文记录只能核题名。,保留独立类群
M307,照明灯具与光学部件,电力电子与电机,宽泛待细分,B307,1,6209,5124,1084,1,初审查看全簇主题词及中心/随机样本题名；包含多种子技术、对象或任务，粒度偏宽；整簇合并不能完成细分。,保留独立类群
M308,二氧化钛纳米结构制备与基础应用,能源材料与电化学基础,关联基础研究,"B308,B424",2,35871,35810,61,0,初审查看全簇主题词及中心/随机样本题名；关联材料、方法或基础学科；是否属于能源电力范围需看逐条应用证据。另查已记录的可用正文片段、随机及边界样本；无正文记录只能核题名。,两簇均跨越TiO2形貌、晶相、表面制备及复合材料，随机/边界正文互相覆盖负载催化、碳复合电极和水热生长，没有稳定的纳米结构/晶相分界。合并保留关联基础研究属性；与光催化应用类群112/438仍有内容交叠，不能据此宣称目录已互斥或均为能源研究。
M309,电气设备防护监测及杂项装置,电网与电力系统,混杂待重分,B309,1,3201,255,2946,0,初审查看全簇主题词及中心/随机样本题名；样本或主题词呈现不同对象、任务或文本格式的混杂；不作为干净技术方向。,保留独立类群
M310,电能质量谐波检测与信号分析,电网与电力系统,方向候选,B310,1,16819,16765,54,0,初审查看全簇主题词及中心/随机样本题名；可作为研究方向候选；仍可能含错分及外围文本，未验证簇纯度。,保留独立类群
M311,对流換热与换热器热工分析,热工与能效,宽泛待细分,B311,1,16047,16033,14,0,初审查看全簇主题词及中心/随机样本题名；包含多种子技术、对象或任务，粒度偏宽；整簇合并不能完成细分。另查已记录的可用正文片段、随机及边界样本；无正文记录只能核题名。,保留独立类群
M312,变电站自动化与电网监控,电网与电力系统,宽泛待细分,B312,1,12795,12338,457,0,初审查看全簇主题词及中心/随机样本题名；包含多种子技术、对象或任务，粒度偏宽；整簇合并不能完成细分。,保留独立类群
M313,电动车辆及充电系统装置,交通与充电,宽泛待细分,B313,1,2972,1154,1817,1,初审查看全簇主题词及中心/随机样本题名；包含多种子技术、对象或任务，粒度偏宽；整簇合并不能完成细分。,保留独立类群
M314,复合氧化物合成与电化学性质,能源材料与电化学基础,混杂待重分,B314,1,11324,11148,176,0,初审查看全簇主题词及中心/随机样本题名；样本或主题词呈现不同对象、任务或文本格式的混杂；不作为干净技术方向。,保留独立类群
M315,变换器与电机变压器保护混合,电力电子与电机,混杂待重分,B315,1,14658,14596,62,0,初审查看全簇主题词及中心/随机样本题名；样本或主题词呈现不同对象、任务或文本格式的混杂；不作为干净技术方向。另查已记录的可用正文片段、随机及边界样本；无正文记录只能核题名。补查随机正文含起动发电机、避雷器与熔断保护；标为混杂。,保留独立类群
M316,书目碎片封面与其他非研究文本,其他基础与关联学科,外围或非研究文本,B316,1,6537,6532,4,1,初审查看全簇主题词及中心/随机样本题名；外围学科、资讯、书目或模板记录占据显著主题特征；本轮保留追溯，不直接用于热点计数。,保留独立类群
M317,电力系统频率控制及通用控制方法,电网与电力系统,混杂待重分,B317,1,10931,10930,1,0,初审查看全簇主题词及中心/随机样本题名；样本或主题词呈现不同对象、任务或文本格式的混杂；不作为干净技术方向。,保留独立类群
M318,多体系电催化剂与电池材料制备,能源材料与电化学基础,混杂待重分,B318,1,3340,453,2887,0,初审查看全簇主题词及中心/随机样本题名；样本或主题词呈现不同对象、任务或文本格式的混杂；不作为干净技术方向。,保留独立类群
M319,中国能源转型与区域低碳经济,能源政策与治理,宽泛待细分,B319,1,15780,15775,0,5,初审查看全簇主题词及中心/随机样本题名；包含多种子技术、对象或任务，粒度偏宽；整簇合并不能完成细分。,保留独立类群
M320,多种燃料燃烧与排放评估,化石能源,宽泛待细分,B320,1,11440,11440,0,0,初审查看全簇主题词及中心/随机样本题名；包含多种子技术、对象或任务，粒度偏宽；整簇合并不能完成细分。,保留独立类群
M321,溶剂萃取与化学分离,能源材料与电化学基础,关联基础研究,B321,1,12305,12302,3,0,初审查看全簇主题词及中心/随机样本题名；关联材料、方法或基础学科；是否属于能源电力范围需看逐条应用证据。,保留独立类群
M322,时钟同步与时延建模,数字技术与测量,关联基础研究,B322,1,9119,8930,189,0,初审查看全簇主题词及中心/随机样本题名；关联材料、方法或基础学科；是否属于能源电力范围需看逐条应用证据。,保留独立类群
M323,等离子体动力学与磁约束,核能与等离子体,宽泛待细分,B323,1,12568,12567,1,0,初审查看全簇主题词及中心/随机样本题名；包含多种子技术、对象或任务，粒度偏宽；整簇合并不能完成细分。,保留独立类群
M324,二氧化碳捕集材料与工艺,碳与环境,宽泛待细分,B324,1,12392,11837,555,0,初审查看全簇主题词及中心/随机样本题名；包含多种子技术、对象或任务，粒度偏宽；整簇合并不能完成细分。,保留独立类群
M325,海上风电平台与波浪能装置,风能与水能海洋能源,混杂待重分,B325,1,4346,3311,1034,1,初审查看全簇主题词及中心/随机样本题名；样本或主题词呈现不同对象、任务或文本格式的混杂；不作为干净技术方向。,保留独立类群
M327,硫化物固态电解质与锂硫材料混合,电化学储能,混杂待重分,B327,1,1935,730,1205,0,初审查看全簇主题词及中心/随机样本题名；样本或主题词呈现不同对象、任务或文本格式的混杂；不作为干净技术方向。,保留独立类群
M328,林业经营与森林资源利用,生物质与资源循环,宽泛待细分,B328,1,14598,14587,10,1,初审查看全簇主题词及中心/随机样本题名；包含多种子技术、对象或任务，粒度偏宽；整簇合并不能完成细分。,保留独立类群
M329,多体系纳米结构与复合材料,能源材料与电化学基础,关联基础研究,B329,1,12936,12835,101,0,初审查看全簇主题词及中心/随机样本题名；关联材料、方法或基础学科；是否属于能源电力范围需看逐条应用证据。,保留独立类群
M330,锅炉气化与工业余热回收装置,热工与能效,混杂待重分,B330,1,2931,612,2319,0,初审查看全簇主题词及中心/随机样本题名；样本或主题词呈现不同对象、任务或文本格式的混杂；不作为干净技术方向。,保留独立类群
M331,心血管及其他临床医学研究,其他基础与关联学科,外围或非研究文本,B331,1,8163,8159,4,0,初审查看全簇主题词及中心/随机样本题名；外围学科、资讯、书目或模板记录占据显著主题特征；本轮保留追溯，不直接用于热点计数。,保留独立类群
M332,风速与风电出力预测,风能与水能海洋能源,方向候选,B332,1,11190,11151,39,0,初审查看全簇主题词及中心/随机样本题名；可作为研究方向候选；仍可能含错分及外围文本，未验证簇纯度。另查已记录的可用正文片段、随机及边界样本；无正文记录只能核题名。,保留独立类群
M333,太阳能集热器与光热利用,太阳能,宽泛待细分,B333,1,17057,17041,14,2,初审查看全簇主题词及中心/随机样本题名；包含多种子技术、对象或任务，粒度偏宽；整簇合并不能完成细分。,保留独立类群
M334,电机驱动与机械传动装置,电力电子与电机,宽泛待细分,B334,1,2664,982,1682,0,初审查看全簇主题词及中心/随机样本题名；包含多种子技术、对象或任务，粒度偏宽；整簇合并不能完成细分。,保留独立类群
M335,太阳能界面蒸发与海水淡化,太阳能,方向候选,B335,1,11568,11498,70,0,初审查看全簇主题词及中心/随机样本题名；可作为研究方向候选；仍可能含错分及外围文本，未验证簇纯度。,保留独立类群
M336,能效标识与多类财税结算政策混合,能源政策与治理,混杂待重分,B336,1,387,125,0,262,初审查看全簇主题词及中心/随机样本题名；样本或主题词呈现不同对象、任务或文本格式的混杂；不作为干净技术方向。能效标识主题词与结算/税费政策样本不一致，需检查正文清洗和细分。,保留独立类群
M337,可编程芯片与实时硬件实现,数字技术与测量,宽泛待细分,B337,1,9114,8990,124,0,初审查看全簇主题词及中心/随机样本题名；包含多种子技术、对象或任务，粒度偏宽；整簇合并不能完成细分。,保留独立类群
M338,网格数值计算与跨领域仿真混合,其他基础与关联学科,混杂待重分,B338,1,9497,9497,0,0,初审查看全簇主题词及中心/随机样本题名；样本或主题词呈现不同对象、任务或文本格式的混杂；不作为干净技术方向。,保留独立类群
M339,钴基氧化物电催化与储能材料,能源材料与电化学基础,宽泛待细分,B339,1,10777,10687,90,0,初审查看全簇主题词及中心/随机样本题名；包含多种子技术、对象或任务，粒度偏宽；整簇合并不能完成细分。,保留独立类群
M340,供电连接与电源电路装置,电力电子与电机,宽泛待细分,B340,1,2363,355,2008,0,初审查看全簇主题词及中心/随机样本题名；包含多种子技术、对象或任务，粒度偏宽；整簇合并不能完成细分。,保留独立类群
M341,硅碳负极材料与制备,电化学储能,方向候选,B341,1,1658,205,1453,0,初审查看全簇主题词及中心/随机样本题名；可作为研究方向候选；仍可能含错分及外围文本，未验证簇纯度。,保留独立类群
M342,光伏跟踪与太阳能装置控制,太阳能,宽泛待细分,B342,1,5530,3983,1547,0,初审查看全簇主题词及中心/随机样本题名；包含多种子技术、对象或任务，粒度偏宽；整簇合并不能完成细分。,保留独立类群
M343,相变储热材料与传热增强,热工与能效,方向候选,B343,1,13098,12650,448,0,初审查看全簇主题词及中心/随机样本题名；可作为研究方向候选；仍可能含错分及外围文本，未验证簇纯度。,保留独立类群
M344,关键矿产供给与采矿资源,其他基础与关联学科,关联基础研究,B344,1,10313,10308,4,1,初审查看全簇主题词及中心/随机样本题名；关联材料、方法或基础学科；是否属于能源电力范围需看逐条应用证据。,保留独立类群
M345,甲醇电氧化与贵金属催化剂,氢能与燃料电池,方向候选,B345,1,14461,14381,80,0,初审查看全簇主题词及中心/随机样本题名；可作为研究方向候选；仍可能含错分及外围文本，未验证簇纯度。,保留独立类群
M346,层状二维材料电子及声子性质,能源材料与电化学基础,关联基础研究,B346,1,15793,15792,1,0,初审查看全簇主题词及中心/随机样本题名；关联材料、方法或基础学科；是否属于能源电力范围需看逐条应用证据。,保留独立类群
M347,生物质热解气化与水热转化,生物质与资源循环,宽泛待细分,B347,1,13776,13764,12,0,初审查看全簇主题词及中心/随机样本题名；包含多种子技术、对象或任务，粒度偏宽；整簇合并不能完成细分。,保留独立类群
M348,锂电池热行为与安全机制,电化学储能,宽泛待细分,B348,1,16111,16104,7,0,初审查看全簇主题词及中心/随机样本题名；包含多种子技术、对象或任务，粒度偏宽；整簇合并不能完成细分。,保留独立类群
M349,电池热管理排气与壳体安全装置,电化学储能,宽泛待细分,B349,1,2112,13,2099,0,初审查看全簇主题词及中心/随机样本题名；包含多种子技术、对象或任务，粒度偏宽；整簇合并不能完成细分。,保留独立类群
M350,共轭高分子与光电复合材料,能源材料与电化学基础,关联基础研究,B350,1,10840,10825,15,0,初审查看全簇主题词及中心/随机样本题名；关联材料、方法或基础学科；是否属于能源电力范围需看逐条应用证据。,保留独立类群
M351,离子交换膜传输及电化学应用,能源材料与电化学基础,宽泛待细分,B351,1,9503,9378,125,0,初审查看全簇主题词及中心/随机样本题名；包含多种子技术、对象或任务，粒度偏宽；整簇合并不能完成细分。,保留独立类群
M352,欧洲能源转型与一般区域政治混合,能源政策与治理,混杂待重分,B352,1,9828,9827,0,1,初审查看全簇主题词及中心/随机样本题名；样本或主题词呈现不同对象、任务或文本格式的混杂；不作为干净技术方向。另查已记录的可用正文片段、随机及边界样本；无正文记录只能核题名。补查包含欧土塞浦路斯一般政治及会议日程，不能直接计为能源政策。,保留独立类群
M353,智能电网信息安全与韧性,电网与电力系统,宽泛待细分,B353,1,8874,8797,77,0,初审查看全簇主题词及中心/随机样本题名；包含多种子技术、对象或任务，粒度偏宽；整簇合并不能完成细分。,保留独立类群
M354,二硫化钼等二维材料与器件,能源材料与电化学基础,关联基础研究,B354,1,11574,11551,23,0,初审查看全簇主题词及中心/随机样本题名；关联材料、方法或基础学科；是否属于能源电力范围需看逐条应用证据。,保留独立类群
M355,能源地缘政治与一般国际关系混合,能源政策与治理,混杂待重分,B355,1,15653,15653,0,0,初审查看全簇主题词及中心/随机样本题名；样本或主题词呈现不同对象、任务或文本格式的混杂；不作为干净技术方向。初步随机题名包含非能源国际关系研究。,保留独立类群
M356,输配电线路视觉巡检与无人机检测,电网与电力系统,方向候选,B356,1,4083,1241,2842,0,初审查看全簇主题词及中心/随机样本题名；可作为研究方向候选；仍可能含错分及外围文本，未验证簇纯度。,保留独立类群
M357,机械摩擦传动与力学测量,制造与通用装置,宽泛待细分,B357,1,13083,13002,81,0,初审查看全簇主题词及中心/随机样本题名；包含多种子技术、对象或任务，粒度偏宽；整簇合并不能完成细分。,保留独立类群
M358,能源发展规划与综合指导政策,能源政策与治理,政策类群,B358,1,1457,1115,1,341,初审查看全簇主题词及中心/随机样本题名；政策治理类群；行政公告及资质清单不等于技术创新证据，年份需按用途另筛。,保留独立类群
M359,可再生能源发展与多技术评价,能源政策与治理,宽泛待细分,B359,1,19173,19137,7,29,初审查看全簇主题词及中心/随机样本题名；包含多种子技术、对象或任务，粒度偏宽；整簇合并不能完成细分。,保留独立类群
M360,染料敏化太阳能电池材料与器件,太阳能,方向候选,"B360,B384",2,23711,23653,58,0,初审查看全簇主题词及中心/随机样本题名；可作为研究方向候选；仍可能含错分及外围文本，未验证簇纯度。另查已记录的可用正文片段、随机及边界样本；无正文记录只能核题名。随机/边界中发现钙钛矿光伏和光催化制氢，DSSC合并只是类群结构整理。；初审查看全簇主题词及中心/随机样本题名；可作为研究方向候选；仍可能含错分及外围文本，未验证簇纯度。另查已记录的可用正文片段、随机及边界样本；无正文记录只能核题名。,两簇共享DSSC器件、染料敏化、TiO2光阳极及效率改进；簇360的固态及塑料基底DSSC与簇384补查的混合染料DSSC正文都覆盖电极、染料及器件性能，现有样本不支持稳定的材料/器件分界。钙钛矿光伏及太阳能制氢边界混入明确保留，不据合并宣称全簇纯净。
M361,电力知识处理与智能决策系统,数字技术与测量,宽泛待细分,B361,1,4017,1143,2874,0,初审查看全簇主题词及中心/随机样本题名；包含多种子技术、对象或任务，粒度偏宽；整簇合并不能完成细分。,保留独立类群
M362,水泥混凝土性能与碳化,能源材料与电化学基础,关联基础研究,B362,1,6731,6681,50,0,初审查看全簇主题词及中心/随机样本题名；关联材料、方法或基础学科；是否属于能源电力范围需看逐条应用证据。,保留独立类群
M363,非贵金属氧还原电催化材料,能源材料与电化学基础,方向候选,B363,1,12269,12192,77,0,初审查看全簇主题词及中心/随机样本题名；可作为研究方向候选；仍可能含错分及外围文本，未验证簇纯度。,保留独立类群
M364,充电基础设施与公用事业接入政策混合,能源政策与治理,混杂待重分,B364,1,594,334,1,259,初审查看全簇主题词及中心/随机样本题名；样本或主题词呈现不同对象、任务或文本格式的混杂；不作为干净技术方向。充电政策关键词与公用事业收费接入政策混合，不能视为纯充电方向。,保留独立类群
M365,多孔碳材料及储能环境应用,能源材料与电化学基础,宽泛待细分,B365,1,10543,10503,40,0,初审查看全簇主题词及中心/随机样本题名；包含多种子技术、对象或任务，粒度偏宽；整簇合并不能完成细分。,保留独立类群
M366,机械装配传动与电气部件混合,制造与通用装置,混杂待重分,B366,1,3402,238,3164,0,初审查看全簇主题词及中心/随机样本题名；样本或主题词呈现不同对象、任务或文本格式的混杂；不作为干净技术方向。,保留独立类群
M367,荧光粉组分调控与发光性质,能源材料与电化学基础,关联基础研究,"B367,B403",2,20437,20426,11,0,初审查看全簇主题词及中心/随机样本题名；关联材料、方法或基础学科；是否属于能源电力范围需看逐条应用证据。另查已记录的可用正文片段、随机及边界样本；无正文记录只能核题名。多数核读中心/随机记录仅有标题；并簇仍受正文缺失与边界发光材料混入限制。；初审查看全簇主题词及中心/随机样本题名；关联材料、方法或基础学科；是否属于能源电力范围需看逐条应用证据。另查已记录的可用正文片段、随机及边界样本；无正文记录只能核题名。,簇367多个中心标题均为Eu等离子掺杂荧光粉结构及发光性质，与簇403含正文的固溶体荧光粉及随机Dy/Sm样本一致。簇367现存样本多无摘要，决定以多个中心标题和可读旁证为限，不声称完成充分正文验证；有机发光、二维GaS及光催化混入保留在基础研究风险中。
M368,镉基硫族半导体与量子点,能源材料与电化学基础,关联基础研究,B368,1,9931,9926,5,0,初审查看全簇主题词及中心/随机样本题名；关联材料、方法或基础学科；是否属于能源电力范围需看逐条应用证据。,保留独立类群
M369,有机场效应晶体管,能源材料与电化学基础,关联基础研究,B369,1,9524,9519,5,0,初审查看全簇主题词及中心/随机样本题名；关联材料、方法或基础学科；是否属于能源电力范围需看逐条应用证据。,保留独立类群
M370,电力通信与无线传输装置,数字技术与测量,宽泛待细分,B370,1,4550,2169,2381,0,初审查看全簇主题词及中心/随机样本题名；包含多种子技术、对象或任务，粒度偏宽；整簇合并不能完成细分。,保留独立类群
M371,功能纤维复合材料与织物,能源材料与电化学基础,关联基础研究,B371,1,9251,9090,161,0,初审查看全簇主题词及中心/随机样本题名；关联材料、方法或基础学科；是否属于能源电力范围需看逐条应用证据。,保留独立类群
M372,铁化合物反应与材料应用,能源材料与电化学基础,关联基础研究,B372,1,13574,13534,40,0,初审查看全簇主题词及中心/随机样本题名；关联材料、方法或基础学科；是否属于能源电力范围需看逐条应用证据。,保留独立类群
M373,铀钍及稀土分离提取,能源材料与电化学基础,宽泛待细分,B373,1,10938,10919,19,0,初审查看全簇主题词及中心/随机样本题名；包含多种子技术、对象或任务，粒度偏宽；整簇合并不能完成细分。,保留独立类群
M374,多体系二次电池材料与电解液综述,电化学储能,宽泛待细分,B374,1,21730,21711,19,0,初审查看全簇主题词及中心/随机样本题名；包含多种子技术、对象或任务，粒度偏宽；整簇合并不能完成细分。,保留独立类群
M375,电池状态测量与诊断装置,电化学储能,方向候选,B375,1,3837,1214,2622,1,初审查看全簇主题词及中心/随机样本题名；可作为研究方向候选；仍可能含错分及外围文本，未验证簇纯度。,保留独立类群
M376,太阳辐射测量估算与大气影响,太阳能,宽泛待细分,B376,1,12809,12809,0,0,初审查看全簇主题词及中心/随机样本题名；包含多种子技术、对象或任务，粒度偏宽；整簇合并不能完成细分。,保留独立类群
M377,电力节能与新能源应用泛论,电网与电力系统,宽泛待细分,B377,1,9832,9750,82,0,初审查看全簇主题词及中心/随机样本题名；包含多种子技术、对象或任务，粒度偏宽；整簇合并不能完成细分。,保留独立类群
M378,电源变流电路与电压控制装置,电力电子与电机,宽泛待细分,B378,1,4112,557,3555,0,初审查看全簇主题词及中心/随机样本题名；包含多种子技术、对象或任务，粒度偏宽；整簇合并不能完成细分。,保留独立类群
M379,电池包与模组结构装置,电化学储能,方向候选,B379,1,4695,54,4641,0,初审查看全簇主题词及中心/随机样本题名；可作为研究方向候选；仍可能含错分及外围文本，未验证簇纯度。另查已记录的可用正文片段、随机及边界样本；无正文记录只能核题名。,保留独立类群
M380,永磁同步电机设计与控制,电力电子与电机,宽泛待细分,B380,1,11869,11784,85,0,初审查看全簇主题词及中心/随机样本题名；包含多种子技术、对象或任务，粒度偏宽；整簇合并不能完成细分。,保留独立类群
M381,电气设备散热冷却结构,热工与能效,宽泛待细分,B381,1,3311,165,3146,0,初审查看全簇主题词及中心/随机样本题名；包含多种子技术、对象或任务，粒度偏宽；整簇合并不能完成细分。,保留独立类群
M382,换热器热泵与储热装置混合,热工与能效,混杂待重分,B382,1,3423,347,3076,0,初审查看全簇主题词及中心/随机样本题名；样本或主题词呈现不同对象、任务或文本格式的混杂；不作为干净技术方向。,保留独立类群
M383,纳米流体传热性质与强化,热工与能效,方向候选,B383,1,7917,7904,13,0,初审查看全簇主题词及中心/随机样本题名；可作为研究方向候选；仍可能含错分及外围文本，未验证簇纯度。,保留独立类群
M385,锅炉蒸汽系统与汽轮机运行,热工与能效,宽泛待细分,B385,1,14535,14473,62,0,初审查看全簇主题词及中心/随机样本题名；包含多种子技术、对象或任务，粒度偏宽；整簇合并不能完成细分。,保留独立类群
M386,天然气管网供给与市场治理,化石能源,宽泛待细分,B386,1,8668,8554,2,112,初审查看全簇主题词及中心/随机样本题名；包含多种子技术、对象或任务，粒度偏宽；整簇合并不能完成细分。,保留独立类群
M387,光伏发电功率预测方法与装置,太阳能,方向候选,B387,1,1947,774,1173,0,初审查看全簇主题词及中心/随机样本题名；可作为研究方向候选；仍可能含错分及外围文本，未验证簇纯度。另查已记录的可用正文片段、随机及边界样本；无正文记录只能核题名。随机正文含区域配置优化、边界含风电预测，方向名称不能替代逐条准确性。,保留独立类群
M388,碳纳米管、纳米纤维与功能复合材料,能源材料与电化学基础,关联基础研究,"B388,B452",2,24714,24375,339,0,初审查看全簇主题词及中心/随机样本题名；关联材料、方法或基础学科；是否属于能源电力范围需看逐条应用证据。另查已记录的可用正文片段、随机及边界样本；无正文记录只能核题名。随机正文包含无碳薄膜光伏及石墨烯脱盐，合并基础材料簇并未纠错。；初审查看全簇主题词及中心/随机样本题名；关联材料、方法或基础学科；是否属于能源电力范围需看逐条应用证据。另查已记录的可用正文片段、随机及边界样本；无正文记录只能核题名。,两簇主题词及多个中心/随机样本共同涉及CNT/CNF合成、聚合物包覆和电化学功能化；簇452补查专利正文支持CNT导电剂与复合纤维，与簇388的碳基纳米结构及电极应用一致。合并保留基础材料层级；簇388的无碳薄膜光伏及石墨烯等越界记录仍未修复，不能按全部计为碳纳米管热点证据。
M389,交通运输车辆与燃料效率,交通与充电,宽泛待细分,B389,1,11914,11909,2,3,初审查看全簇主题词及中心/随机样本题名；包含多种子技术、对象或任务，粒度偏宽；整簇合并不能完成细分。,保留独立类群
M390,电缆桥架支撑与线束安装,电网与电力系统,宽泛待细分,B390,1,3216,195,3021,0,初审查看全簇主题词及中心/随机样本题名；包含多种子技术、对象或任务，粒度偏宽；整簇合并不能完成细分。,保留独立类群
M391,辐照材料损伤与稳定性,核能与等离子体,宽泛待细分,B391,1,12500,12490,10,0,初审查看全簇主题词及中心/随机样本题名；包含多种子技术、对象或任务，粒度偏宽；整簇合并不能完成细分。另查已记录的可用正文片段、随机及边界样本；无正文记录只能核题名。,保留独立类群
M392,感应电机运行控制与性能,电力电子与电机,方向候选,B392,1,17317,17248,69,0,初审查看全簇主题词及中心/随机样本题名；可作为研究方向候选；仍可能含错分及外围文本，未验证簇纯度。,保留独立类群
M393,有机发光二极管与发光材料,能源材料与电化学基础,关联基础研究,B393,1,12959,12945,14,0,初审查看全簇主题词及中心/随机样本题名；关联材料、方法或基础学科；是否属于能源电力范围需看逐条应用证据。,保留独立类群
M394,风电机组变桨偏航与运行控制,风能与水能海洋能源,方向候选,B394,1,2361,1142,1219,0,初审查看全簇主题词及中心/随机样本题名；可作为研究方向候选；仍可能含错分及外围文本，未验证簇纯度。,保留独立类群
M395,计算流体力学与多相流,热工与能效,关联基础研究,B395,1,10991,10953,38,0,初审查看全簇主题词及中心/随机样本题名；关联材料、方法或基础学科；是否属于能源电力范围需看逐条应用证据。,保留独立类群
M396,开关谐振及功率调节电路,电力电子与电机,宽泛待细分,B396,1,2958,189,2769,0,初审查看全簇主题词及中心/随机样本题名；包含多种子技术、对象或任务，粒度偏宽；整簇合并不能完成细分。,保留独立类群
M397,水力发电与水轮机系统,风能与水能海洋能源,宽泛待细分,B397,1,9506,9432,74,0,初审查看全簇主题词及中心/随机样本题名；包含多种子技术、对象或任务，粒度偏宽；整簇合并不能完成细分。,保留独立类群
M398,电网电压无功与多目标运行优化,电网与电力系统,宽泛待细分,B398,1,3407,1375,2032,0,初审查看全簇主题词及中心/随机样本题名；包含多种子技术、对象或任务，粒度偏宽；整簇合并不能完成细分。,保留独立类群
M399,配位化学与分子晶体结构,能源材料与电化学基础,关联基础研究,B399,1,18666,18630,36,0,初审查看全簇主题词及中心/随机样本题名；关联材料、方法或基础学科；是否属于能源电力范围需看逐条应用证据。,保留独立类群
M400,电力负荷需求与电价预测,电网与电力系统,宽泛待细分,B400,1,13288,13259,29,0,初审查看全簇主题词及中心/随机样本题名；包含多种子技术、对象或任务，粒度偏宽；整簇合并不能完成细分。另查已记录的可用正文片段、随机及边界样本；无正文记录只能核题名。负荷/需求与电价预测同簇，不能宣称是单一细粒度负荷预测主题。,保留独立类群
M401,纳米材料热传导与热管理,热工与能效,关联基础研究,B401,1,9255,9229,26,0,初审查看全簇主题词及中心/随机样本题名；关联材料、方法或基础学科；是否属于能源电力范围需看逐条应用证据。,保留独立类群
M402,转写词与文本质量干扰的跨学科混杂,其他基础与关联学科,混杂待重分,B402,1,11107,11079,28,0,初审查看全簇主题词及中心/随机样本题名；样本或主题词呈现不同对象、任务或文本格式的混杂；不作为干净技术方向。,保留独立类群
M404,风机发电装置与机舱结构,风能与水能海洋能源,宽泛待细分,B404,1,1719,114,1605,0,初审查看全簇主题词及中心/随机样本题名；包含多种子技术、对象或任务，粒度偏宽；整簇合并不能完成细分。,保留独立类群
M405,锌锆系及其他无机纳米材料,能源材料与电化学基础,混杂待重分,B405,1,14430,14369,61,0,初审查看全簇主题词及中心/随机样本题名；样本或主题词呈现不同对象、任务或文本格式的混杂；不作为干净技术方向。,保留独立类群
M406,可见光催化材料与反应,能源材料与电化学基础,宽泛待细分,B406,1,18149,18147,2,0,初审查看全簇主题词及中心/随机样本题名；包含多种子技术、对象或任务，粒度偏宽；整簇合并不能完成细分。,保留独立类群
M407,分类算法与跨领域技术文本混合,数字技术与测量,混杂待重分,B407,1,9866,9849,17,0,初审查看全簇主题词及中心/随机样本题名；样本或主题词呈现不同对象、任务或文本格式的混杂；不作为干净技术方向。,保留独立类群
M408,期刊会议索引与出版信息,其他基础与关联学科,外围或非研究文本,B408,1,17545,17545,0,0,初审查看全簇主题词及中心/随机样本题名；外围学科、资讯、书目或模板记录占据显著主题特征；本轮保留追溯，不直接用于热点计数。,保留独立类群
M409,晶格声子热输运与热膨胀,能源材料与电化学基础,关联基础研究,B409,1,18451,18426,25,0,初审查看全簇主题词及中心/随机样本题名；关联材料、方法或基础学科；是否属于能源电力范围需看逐条应用证据。,保留独立类群
M410,汽车技术产品与零部件资讯,交通与充电,外围或非研究文本,B410,1,10629,10561,67,1,初审查看全簇主题词及中心/随机样本题名；外围学科、资讯、书目或模板记录占据显著主题特征；本轮保留追溯，不直接用于热点计数。,保留独立类群
M411,空调系统与能效控制装置,热工与能效,方向候选,B411,1,1857,551,1306,0,初审查看全簇主题词及中心/随机样本题名；可作为研究方向候选；仍可能含错分及外围文本，未验证簇纯度。,保留独立类群
M412,群智能与多目标优化算法,数字技术与测量,关联基础研究,B412,1,13242,13090,152,0,初审查看全簇主题词及中心/随机样本题名；关联材料、方法或基础学科；是否属于能源电力范围需看逐条应用证据。,保留独立类群
M413,结构基础抗震与工程力学,制造与通用装置,关联基础研究,B413,1,9183,9009,174,0,初审查看全簇主题词及中心/随机样本题名；关联材料、方法或基础学科；是否属于能源电力范围需看逐条应用证据。,保留独立类群
M414,水系锌电池负极及界面稳定,电化学储能,方向候选,B414,1,10659,10604,55,0,初审查看全簇主题词及中心/随机样本题名；可作为研究方向候选；仍可能含错分及外围文本，未验证簇纯度。,保留独立类群
M415,配电网重构与优化运行,电网与电力系统,方向候选,B415,1,12608,12605,3,0,初审查看全簇主题词及中心/随机样本题名；可作为研究方向候选；仍可能含错分及外围文本，未验证簇纯度。,保留独立类群
M416,氢氦在材料中的扩散与相互作用,能源材料与电化学基础,关联基础研究,B416,1,14435,14422,13,0,初审查看全簇主题词及中心/随机样本题名；关联材料、方法或基础学科；是否属于能源电力范围需看逐条应用证据。,保留独立类群
M417,沸石硅基及多孔材料合成,能源材料与电化学基础,关联基础研究,B417,1,13027,13025,2,0,初审查看全簇主题词及中心/随机样本题名；关联材料、方法或基础学科；是否属于能源电力范围需看逐条应用证据。,保留独立类群
M418,清洗清扫与净化装置混合,制造与通用装置,混杂待重分,B418,1,1769,419,1350,0,初审查看全簇主题词及中心/随机样本题名；样本或主题词呈现不同对象、任务或文本格式的混杂；不作为干净技术方向。,保留独立类群
M419,质子交换膜燃料电池运行与建模,氢能与燃料电池,方向候选,B419,1,9037,9025,12,0,初审查看全簇主题词及中心/随机样本题名；可作为研究方向候选；仍可能含错分及外围文本，未验证簇纯度。,保留独立类群
M421,二次电池正极活性材料,电化学储能,方向候选,B421,1,2201,140,2061,0,初审查看全簇主题词及中心/随机样本题名；可作为研究方向候选；仍可能含错分及外围文本，未验证簇纯度。,保留独立类群
M422,多孔介质两相流与界面润湿,热工与能效,关联基础研究,B422,1,12004,11990,14,0,初审查看全簇主题词及中心/随机样本题名；关联材料、方法或基础学科；是否属于能源电力范围需看逐条应用证据。,保留独立类群
M423,林木育种栽培与植物生产,生物质与资源循环,关联基础研究,B423,1,7897,7857,40,0,初审查看全簇主题词及中心/随机样本题名；关联材料、方法或基础学科；是否属于能源电力范围需看逐条应用证据。,保留独立类群
M425,晶体生长结构与性质,能源材料与电化学基础,关联基础研究,B425,1,12881,12875,6,0,初审查看全簇主题词及中心/随机样本题名；关联材料、方法或基础学科；是否属于能源电力范围需看逐条应用证据。,保留独立类群
M426,固体氧化物电解池与可逆电化学单元,氢能与燃料电池,方向候选,B426,1,8414,8347,67,0,初审查看全簇主题词及中心/随机样本题名；可作为研究方向候选；仍可能含错分及外围文本，未验证簇纯度。,保留独立类群
M427,通用信息管理与软件系统,数字技术与测量,外围或非研究文本,B427,1,15372,15284,87,1,初审查看全簇主题词及中心/随机样本题名；外围学科、资讯、书目或模板记录占据显著主题特征；本轮保留追溯，不直接用于热点计数。,保留独立类群
M428,聚合物气凝胶与复合材料,能源材料与电化学基础,关联基础研究,B428,1,12745,12713,32,0,初审查看全簇主题词及中心/随机样本题名；关联材料、方法或基础学科；是否属于能源电力范围需看逐条应用证据。,保留独立类群
M429,碳化硅功率半导体器件,电力电子与电机,方向候选,B429,1,12475,12414,61,0,初审查看全簇主题词及中心/随机样本题名；可作为研究方向候选；仍可能含错分及外围文本，未验证簇纯度。,保留独立类群
M430,柴油机及多燃料内燃机性能,化石能源,宽泛待细分,B430,1,11824,11753,70,1,初审查看全簇主题词及中心/随机样本题名；包含多种子技术、对象或任务，粒度偏宽；整簇合并不能完成细分。,保留独立类群
M431,配电网规划运行与配置方法,电网与电力系统,宽泛待细分,B431,1,3121,433,2688,0,初审查看全簇主题词及中心/随机样本题名；包含多种子技术、对象或任务，粒度偏宽；整簇合并不能完成细分。,保留独立类群
M432,气候变化适应与社会经济政策,碳与环境,宽泛待细分,B432,1,14196,14196,0,0,初审查看全簇主题词及中心/随机样本题名；包含多种子技术、对象或任务，粒度偏宽；整簇合并不能完成细分。,保留独立类群
M433,硅系半导体加工与材料性质,能源材料与电化学基础,关联基础研究,B433,1,19326,19254,72,0,初审查看全簇主题词及中心/随机样本题名；关联材料、方法或基础学科；是否属于能源电力范围需看逐条应用证据。,保留独立类群
M434,巡检机器人与自主移动装置,电网与电力系统,宽泛待细分,B434,1,5130,3819,1311,0,初审查看全簇主题词及中心/随机样本题名；包含多种子技术、对象或任务，粒度偏宽；整簇合并不能完成细分。,保留独立类群
M435,太阳能光热及光伏光热系统,太阳能,宽泛待细分,B435,1,16296,16292,4,0,初审查看全簇主题词及中心/随机样本题名；包含多种子技术、对象或任务，粒度偏宽；整簇合并不能完成细分。,保留独立类群
M436,通用电气工程应用与技术资料,电网与电力系统,宽泛待细分,B436,1,10680,10631,45,4,初审查看全簇主题词及中心/随机样本题名；包含多种子技术、对象或任务，粒度偏宽；整簇合并不能完成细分。,保留独立类群
M439,固废电子废物回收与处置,生物质与资源循环,宽泛待细分,B439,1,11100,11024,76,0,初审查看全簇主题词及中心/随机样本题名；包含多种子技术、对象或任务，粒度偏宽；整簇合并不能完成细分。,保留独立类群
M440,磁性材料与铁氧体磁学,能源材料与电化学基础,关联基础研究,B440,1,13946,13885,61,0,初审查看全簇主题词及中心/随机样本题名；关联材料、方法或基础学科；是否属于能源电力范围需看逐条应用证据。,保留独立类群
M441,电力系统电磁暂态与实时仿真,电网与电力系统,方向候选,B441,1,9737,9617,120,0,初审查看全簇主题词及中心/随机样本题名；可作为研究方向候选；仍可能含错分及外围文本，未验证簇纯度。,保留独立类群
M442,电池负极储能材料与储氢材料混合,能源材料与电化学基础,混杂待重分,B442,1,11968,11907,61,0,初审查看全簇主题词及中心/随机样本题名；样本或主题词呈现不同对象、任务或文本格式的混杂；不作为干净技术方向。,保留独立类群
M443,电机驱动控制方法与装置,电力电子与电机,宽泛待细分,B443,1,3733,1192,2541,0,初审查看全簇主题词及中心/随机样本题名；包含多种子技术、对象或任务，粒度偏宽；整簇合并不能完成细分。,保留独立类群
M444,风电功率预测与状态监测混合,风能与水能海洋能源,混杂待重分,B444,1,2295,1035,1260,0,初审查看全簇主题词及中心/随机样本题名；样本或主题词呈现不同对象、任务或文本格式的混杂；不作为干净技术方向。另查已记录的可用正文片段、随机及边界样本；无正文记录只能核题名。补查随机专利含空调能效，边界含风机覆冰监测，不整体并为风电预测。,保留独立类群
M445,风电光伏项目建设与扶持政策,能源政策与治理,政策类群,B445,1,808,434,0,374,初审查看全簇主题词及中心/随机样本题名；政策治理类群；行政公告及资质清单不等于技术创新证据，年份需按用途另筛。,保留独立类群
M446,智能电表物联网与用能监测,电网与电力系统,宽泛待细分,B446,1,9264,8684,579,1,初审查看全簇主题词及中心/随机样本题名；包含多种子技术、对象或任务，粒度偏宽；整簇合并不能完成细分。,保留独立类群
M447,钠离子电池电极材料,电化学储能,方向候选,B447,1,14314,14297,17,0,初审查看全簇主题词及中心/随机样本题名；可作为研究方向候选；仍可能含错分及外围文本，未验证簇纯度。,保留独立类群
M448,矿物岩石与黏土性质,其他基础与关联学科,关联基础研究,B448,1,13207,13204,3,0,初审查看全簇主题词及中心/随机样本题名；关联材料、方法或基础学科；是否属于能源电力范围需看逐条应用证据。,保留独立类群
M449,电力设备数据诊断与异常检测,电网与电力系统,宽泛待细分,B449,1,4093,964,3129,0,初审查看全簇主题词及中心/随机样本题名；包含多种子技术、对象或任务，粒度偏宽；整簇合并不能完成细分。,保留独立类群
M450,电气化铁路牵引与供电,交通与充电,方向候选,B450,1,9252,9163,89,0,初审查看全簇主题词及中心/随机样本题名；可作为研究方向候选；仍可能含错分及外围文本，未验证簇纯度。,保留独立类群
M451,铜基硫族薄膜与光伏吸收材料,太阳能,方向候选,B451,1,10558,10555,3,0,初审查看全簇主题词及中心/随机样本题名；可作为研究方向候选；仍可能含错分及外围文本，未验证簇纯度。,保留独立类群
M453,二次电池电解液添加剂与配方,电化学储能,方向候选,B453,1,3564,328,3236,0,初审查看全簇主题词及中心/随机样本题名；可作为研究方向候选；仍可能含错分及外围文本，未验证簇纯度。,保留独立类群
M454,能源专项监管与企业整改公告,能源政策与治理,政策类群,B454,1,558,186,1,371,初审查看全簇主题词及中心/随机样本题名；政策治理类群；行政公告及资质清单不等于技术创新证据，年份需按用途另筛。,保留独立类群
M455,建筑能效与居民供热用能,热工与能效,宽泛待细分,B455,1,14747,14704,42,1,初审查看全簇主题词及中心/随机样本题名；包含多种子技术、对象或任务，粒度偏宽；整簇合并不能完成细分。,保留独立类群
M456,通用计算硬件接口与电子系统,数字技术与测量,关联基础研究,B456,1,9770,9738,32,0,初审查看全簇主题词及中心/随机样本题名；关联材料、方法或基础学科；是否属于能源电力范围需看逐条应用证据。,保留独立类群
M457,雷电电磁场与天体物理混合,其他基础与关联学科,混杂待重分,B457,1,10254,10253,1,0,初审查看全簇主题词及中心/随机样本题名；样本或主题词呈现不同对象、任务或文本格式的混杂；不作为干净技术方向。,保留独立类群
M458,电力扰动孤岛及异常识别算法,电网与电力系统,宽泛待细分,B458,1,11771,11652,119,0,初审查看全簇主题词及中心/随机样本题名；包含多种子技术、对象或任务，粒度偏宽；整簇合并不能完成细分。,保留独立类群
M459,电力安全风险与故障预警系统,电网与电力系统,宽泛待细分,B459,1,3320,920,2400,0,初审查看全簇主题词及中心/随机样本题名；包含多种子技术、对象或任务，粒度偏宽；整簇合并不能完成细分。,保留独立类群
M460,水资源调度灌溉与水能利用,风能与水能海洋能源,宽泛待细分,B460,1,12173,12157,10,6,初审查看全簇主题词及中心/随机样本题名；包含多种子技术、对象或任务，粒度偏宽；整簇合并不能完成细分。,保留独立类群
M461,电池单体壳体与组件结构,电化学储能,宽泛待细分,B461,1,3683,215,3468,0,初审查看全簇主题词及中心/随机样本题名；包含多种子技术、对象或任务，粒度偏宽；整簇合并不能完成细分。另查已记录的可用正文片段、随机及边界样本；无正文记录只能核题名。,保留独立类群
M462,液压泵阀与流体传动,制造与通用装置,宽泛待细分,B462,1,12679,12581,98,0,初审查看全簇主题词及中心/随机样本题名；包含多种子技术、对象或任务，粒度偏宽；整簇合并不能完成细分。,保留独立类群
M463,电力系统暂态电压与稳定性分析,电网与电力系统,宽泛待细分,B463,1,14078,14033,45,0,初审查看全簇主题词及中心/随机样本题名；包含多种子技术、对象或任务，粒度偏宽；整簇合并不能完成细分。,保留独立类群
M464,风光储及混合能源系统配置,电网与电力系统,宽泛待细分,B464,1,12355,12295,60,0,初审查看全簇主题词及中心/随机样本题名；包含多种子技术、对象或任务，粒度偏宽；整簇合并不能完成细分。,保留独立类群
M465,电机制造与通用装配装置混合,制造与通用装置,混杂待重分,B465,1,2286,193,2093,0,初审查看全簇主题词及中心/随机样本题名；样本或主题词呈现不同对象、任务或文本格式的混杂；不作为干净技术方向。,保留独立类群
M467,木材加工与木质资源利用,生物质与资源循环,宽泛待细分,B467,1,10597,10595,2,0,初审查看全簇主题词及中心/随机样本题名；包含多种子技术、对象或任务，粒度偏宽；整簇合并不能完成细分。,保留独立类群
M468,污染物吸附氧化与分离,碳与环境,宽泛待细分,B468,1,13436,13417,19,0,初审查看全簇主题词及中心/随机样本题名；包含多种子技术、对象或任务，粒度偏宽；整簇合并不能完成细分。,保留独立类群
M469,电极组件与活性材料加工,电化学储能,宽泛待细分,B469,1,2530,441,2089,0,初审查看全簇主题词及中心/随机样本题名；包含多种子技术、对象或任务，粒度偏宽；整簇合并不能完成细分。,保留独立类群
M470,电网状态估计相量测量与系统分析,电网与电力系统,宽泛待细分,B470,1,10387,10375,12,0,初审查看全簇主题词及中心/随机样本题名；包含多种子技术、对象或任务，粒度偏宽；整簇合并不能完成细分。,保留独立类群
M471,气固流动分离与杂项工艺混合,热工与能效,混杂待重分,B471,1,8492,8464,28,0,初审查看全簇主题词及中心/随机样本题名；样本或主题词呈现不同对象、任务或文本格式的混杂；不作为干净技术方向。,保留独立类群
M472,钛合金陶瓷与MAX相材料,能源材料与电化学基础,关联基础研究,B472,1,13992,13975,17,0,初审查看全簇主题词及中心/随机样本题名；关联材料、方法或基础学科；是否属于能源电力范围需看逐条应用证据。,保留独立类群
M473,电场空间电荷与界面建模,能源材料与电化学基础,关联基础研究,B473,1,10903,10875,28,0,初审查看全簇主题词及中心/随机样本题名；关联材料、方法或基础学科；是否属于能源电力范围需看逐条应用证据。,保留独立类群
M474,电催化制氨与氮循环反应,氢能与燃料电池,宽泛待细分,B474,1,13803,13735,68,0,初审查看全簇主题词及中心/随机样本题名；包含多种子技术、对象或任务，粒度偏宽；整簇合并不能完成细分。,保留独立类群
M475,超导电力装置与故障限流,电网与电力系统,方向候选,B475,1,8148,8077,71,0,初审查看全簇主题词及中心/随机样本题名；可作为研究方向候选；仍可能含错分及外围文本，未验证簇纯度。,保留独立类群
M476,区域供热预测与热系统建模,热工与能效,宽泛待细分,B476,1,9485,9130,355,0,初审查看全簇主题词及中心/随机样本题名；包含多种子技术、对象或任务，粒度偏宽；整簇合并不能完成细分。,保留独立类群
M477,潜热及热化学储热系统,热工与能效,宽泛待细分,B477,1,11109,11049,60,0,初审查看全簇主题词及中心/随机样本题名；包含多种子技术、对象或任务，粒度偏宽；整簇合并不能完成细分。,保留独立类群
M478,功率因数校正与变流器电流控制,电力电子与电机,宽泛待细分,B478,1,18032,17816,216,0,初审查看全簇主题词及中心/随机样本题名；包含多种子技术、对象或任务，粒度偏宽；整簇合并不能完成细分。,保留独立类群
M479,新能源汽车产业与推广政策,能源政策与治理,政策类群,B479,1,409,272,2,135,初审查看全簇主题词及中心/随机样本题名；政策治理类群；行政公告及资质清单不等于技术创新证据，年份需按用途另筛。,保留独立类群
M480,燃料电池电堆与系统装置,氢能与燃料电池,宽泛待细分,B480,1,1762,158,1604,0,初审查看全簇主题词及中心/随机样本题名；包含多种子技术、对象或任务，粒度偏宽；整簇合并不能完成细分。,保留独立类群
M481,网络攻击检测与信息安全,数字技术与测量,宽泛待细分,B481,1,12625,12568,57,0,初审查看全簇主题词及中心/随机样本题名；包含多种子技术、对象或任务，粒度偏宽；整簇合并不能完成细分。,保留独立类群
M482,燃料电池技术与固体氧化物电池,氢能与燃料电池,宽泛待细分,B482,1,13232,13224,8,0,初审查看全簇主题词及中心/随机样本题名；包含多种子技术、对象或任务，粒度偏宽；整簇合并不能完成细分。,保留独立类群
M483,电力储能系统集成与运行装置,电化学储能,宽泛待细分,B483,1,1773,322,1451,0,初审查看全簇主题词及中心/随机样本题名；包含多种子技术、对象或任务，粒度偏宽；整簇合并不能完成细分。另查已记录的可用正文片段、随机及边界样本；无正文记录只能核题名。样本含消防温控集成与电表数据存储硬件，不能全部作储能容量优化证据。,保留独立类群
M484,风力机叶片塔架与气动结构,风能与水能海洋能源,方向候选,B484,1,2224,691,1533,0,初审查看全簇主题词及中心/随机样本题名；可作为研究方向候选；仍可能含错分及外围文本，未验证簇纯度。,保留独立类群
M485,多电平逆变器拓扑与调制,电力电子与电机,方向候选,B485,1,13483,13436,47,0,初审查看全簇主题词及中心/随机样本题名；可作为研究方向候选；仍可能含错分及外围文本，未验证簇纯度。,保留独立类群
M486,二氧化碳地质封存与驱油,碳与环境,方向候选,B486,1,13903,13889,14,0,初审查看全簇主题词及中心/随机样本题名；可作为研究方向候选；仍可能含错分及外围文本，未验证簇纯度。,保留独立类群
M487,焦炭钙基反应与无机工艺材料混合,能源材料与电化学基础,混杂待重分,B487,1,12953,12919,34,0,初审查看全簇主题词及中心/随机样本题名；样本或主题词呈现不同对象、任务或文本格式的混杂；不作为干净技术方向。,保留独立类群
M488,钢铁合金腐蚀与耐蚀性能,能源材料与电化学基础,关联基础研究,B488,1,14743,14664,79,0,初审查看全簇主题词及中心/随机样本题名；关联材料、方法或基础学科；是否属于能源电力范围需看逐条应用证据。,保留独立类群
M489,工业废水处理与电化学净化,碳与环境,方向候选,B489,1,11771,11749,22,0,初审查看全簇主题词及中心/随机样本题名；可作为研究方向候选；仍可能含错分及外围文本，未验证簇纯度。,保留独立类群
M490,节能审查与碳排放评价政策,能源政策与治理,政策类群,B490,1,643,288,3,352,初审查看全簇主题词及中心/随机样本题名；政策治理类群；行政公告及资质清单不等于技术创新证据，年份需按用途另筛。,保留独立类群
M491,抗菌生物医用纳米材料,其他基础与关联学科,外围或非研究文本,B491,1,10837,10818,19,0,初审查看全簇主题词及中心/随机样本题名；外围学科、资讯、书目或模板记录占据显著主题特征；本轮保留追溯，不直接用于热点计数。,保留独立类群
M492,电机绕组线圈与电磁部件,电力电子与电机,宽泛待细分,B492,1,2653,326,2327,0,初审查看全簇主题词及中心/随机样本题名；包含多种子技术、对象或任务，粒度偏宽；整簇合并不能完成细分。,保留独立类群
M493,燃气轮机与航空发动机装置,化石能源,宽泛待细分,B493,1,2225,348,1877,0,初审查看全簇主题词及中心/随机样本题名；包含多种子技术、对象或任务，粒度偏宽；整簇合并不能完成细分。,保留独立类群
M494,微生物燃料电池与生物产电,生物质与资源循环,方向候选,B494,1,8910,8826,84,0,初审查看全簇主题词及中心/随机样本题名；可作为研究方向候选；仍可能含错分及外围文本，未验证簇纯度。,保留独立类群
M495,半导体光电探测器,能源材料与电化学基础,关联基础研究,B495,1,12256,12248,8,0,初审查看全簇主题词及中心/随机样本题名；关联材料、方法或基础学科；是否属于能源电力范围需看逐条应用证据。,保留独立类群
M496,电催化氧化还原与催化材料综述,能源材料与电化学基础,宽泛待细分,B496,1,14468,14466,2,0,初审查看全簇主题词及中心/随机样本题名；包含多种子技术、对象或任务，粒度偏宽；整簇合并不能完成细分。,保留独立类群
M497,配电系统供电设备与可靠性,电网与电力系统,宽泛待细分,B497,1,15247,15222,24,1,初审查看全簇主题词及中心/随机样本题名；包含多种子技术、对象或任务，粒度偏宽；整簇合并不能完成细分。,保留独立类群
M498,锂钠储能负极纳米材料,电化学储能,宽泛待细分,B498,1,10542,10542,0,0,初审查看全簇主题词及中心/随机样本题名；包含多种子技术、对象或任务，粒度偏宽；整簇合并不能完成细分。,保留独立类群
M499,能源发展可及性与能源贫困,能源政策与治理,宽泛待细分,B499,1,19310,19301,5,4,初审查看全簇主题词及中心/随机样本题名；包含多种子技术、对象或任务，粒度偏宽；整簇合并不能完成细分。,保留独立类群
