raw_topic_id,cluster,reviewed_name,merged_topic_id,merged_name,domain,status,merged_domain,merged_status,merge_reason
B000,0,电池与充电设施热管理,M000,电池与充电设施热管理,电化学储能,宽泛待细分,电化学储能,宽泛待细分,保留独立类群
B001,1,功能传感材料与电化学检测,M001,功能传感材料与电化学检测,其他基础与关联学科,关联基础研究,其他基础与关联学科,关联基础研究,保留独立类群
B002,2,电力电子控制与频率调节,M002,电力电子控制与频率调节,电网与电力系统,混杂待重分,电网与电力系统,混杂待重分,保留独立类群
B003,3,风能开发与风电技术经济,M003,风能开发与风电技术经济,风能与水能海洋能源,宽泛待细分,风能与水能海洋能源,宽泛待细分,保留独立类群
B004,4,钙钛矿氧化物电催化,M004,钙钛矿氧化物电催化,能源材料与电化学基础,方向候选,能源材料与电化学基础,方向候选,保留独立类群
B005,5,电网建设与供电服务政策,M005,电网建设与供电服务政策,能源政策与治理,宽泛待细分,能源政策与治理,宽泛待细分,保留独立类群
B006,6,层状电池正极与离子导体,M006,层状电池正极与离子导体,电化学储能,混杂待重分,电化学储能,混杂待重分,保留独立类群
B007,7,电极涂布与通用成形加工,M007,电极涂布与通用成形加工,制造与通用装置,混杂待重分,制造与通用装置,混杂待重分,保留独立类群
B008,8,二氧化碳电还原催化,M008,二氧化碳电还原催化,碳与环境,方向候选,碳与环境,方向候选,保留独立类群
B009,9,土壤碳过程与土壤改良,M009,土壤碳过程与土壤改良,碳与环境,关联基础研究,碳与环境,关联基础研究,保留独立类群
B010,10,光催化与光生物制氢,M010,光催化与光生物制氢,氢能与燃料电池,宽泛待细分,氢能与燃料电池,宽泛待细分,保留独立类群
B011,11,聚合物介电绝缘与储能,M011,聚合物介电绝缘与储能,能源材料与电化学基础,宽泛待细分,能源材料与电化学基础,宽泛待细分,保留独立类群
B012,12,集成电路与电子封装,M012,集成电路与电子封装,电力电子与电机,宽泛待细分,电力电子与电机,宽泛待细分,保留独立类群
B013,13,电池单体模组及用电器件混合,M013,电池单体模组及用电器件混合,电化学储能,混杂待重分,电化学储能,混杂待重分,保留独立类群
B014,14,通用机器学习与优化算法,M014,通用机器学习与优化算法,数字技术与测量,关联基础研究,数字技术与测量,关联基础研究,保留独立类群
B015,15,生物质能源利用与可持续性,M015,生物质能源利用与可持续性,生物质与资源循环,宽泛待细分,生物质与资源循环,宽泛待细分,保留独立类群
B016,16,电磁场耦合与电磁换能,M016,电磁场耦合与电磁换能,电力电子与电机,宽泛待细分,电力电子与电机,宽泛待细分,保留独立类群
B017,17,电力智能算法与多场景辨识,M017,电力智能算法与多场景辨识,数字技术与测量,混杂待重分,数字技术与测量,混杂待重分,保留独立类群
B018,18,太阳能采集光学与空间应用,M018,太阳能采集光学与空间应用,太阳能,混杂待重分,太阳能,混杂待重分,保留独立类群
B019,19,纳米复合材料与多类器件,M019,纳米复合材料与多类器件,能源材料与电化学基础,混杂待重分,能源材料与电化学基础,混杂待重分,保留独立类群
B020,20,金属离子吸附与材料化学,M020,金属离子吸附与材料化学,碳与环境,混杂待重分,碳与环境,混杂待重分,保留独立类群
B021,21,钠离子电池材料与电解液,M021,钠离子电池材料与电解液,电化学储能,宽泛待细分,电化学储能,宽泛待细分,保留独立类群
B022,22,功率半导体器件与电路结构,M022,功率半导体器件与电路结构,电力电子与电机,宽泛待细分,电力电子与电机,宽泛待细分,保留独立类群
B023,23,海洋资源开发与海上工程,M023,海洋资源开发与海上工程,风能与水能海洋能源,宽泛待细分,风能与水能海洋能源,宽泛待细分,保留独立类群
B024,24,通用防护支撑与安装结构混杂簇024,M024,通用防护支撑与安装结构混杂簇024,制造与通用装置,混杂待重分,制造与通用装置,混杂待重分,保留独立类群
B025,25,硫化镉等硫族薄膜制备,M025,硫化镉等硫族薄膜制备,太阳能,方向候选,太阳能,方向候选,保留独立类群
B026,26,变压器与高压开关设备,M026,变压器与高压开关设备,电网与电力系统,宽泛待细分,电网与电力系统,宽泛待细分,保留独立类群
B027,27,电动汽车充电设施及并网,M027,电动汽车充电设施及并网,交通与充电,宽泛待细分,交通与充电,宽泛待细分,保留独立类群
B028,28,聚变等离子体诊断,M028,聚变等离子体诊断,核能与等离子体,方向候选,核能与等离子体,方向候选,保留独立类群
B029,29,碳基电极与多孔材料制备,M029,碳基电极与多孔材料制备,能源材料与电化学基础,混杂待重分,能源材料与电化学基础,混杂待重分,保留独立类群
B030,30,车辆驱动制动与运动控制,M030,车辆驱动制动与运动控制,交通与充电,宽泛待细分,交通与充电,宽泛待细分,保留独立类群
B031,31,煤炭产业布局与清洁利用政策,M031,煤炭产业布局与清洁利用政策,能源政策与治理,政策类群,能源政策与治理,政策类群,保留独立类群
B032,32,石油产业与油价经济,M032,石油产业与油价经济,化石能源,宽泛待细分,化石能源,宽泛待细分,保留独立类群
B033,33,污泥资源化与水处理,M033,污泥资源化与水处理,生物质与资源循环,宽泛待细分,生物质与资源循环,宽泛待细分,保留独立类群
B034,34,太阳能集热与热利用装置,M034,太阳能集热与热利用装置,太阳能,宽泛待细分,太阳能,宽泛待细分,保留独立类群
B035,35,风机传动支撑与轴承部件,M035,风机传动支撑与轴承部件,风能与水能海洋能源,混杂待重分,风能与水能海洋能源,混杂待重分,保留独立类群
B036,36,光催化二氧化碳转化与氧化还原,M036,光催化二氧化碳转化与氧化还原,碳与环境,宽泛待细分,碳与环境,宽泛待细分,保留独立类群
B037,37,电气计量校准与测量不确定度,M037,电气计量校准与测量不确定度,数字技术与测量,宽泛待细分,数字技术与测量,宽泛待细分,保留独立类群
B038,38,碳达峰与综合节能政策,M038,碳达峰与综合节能政策,能源政策与治理,政策类群,能源政策与治理,政策类群,保留独立类群
B039,39,碳定价与减排经济机制,M039,碳定价与减排经济机制,碳与环境,方向候选,碳与环境,方向候选,保留独立类群
B040,40,电池单体与模组构件装配,M040,电池单体与模组构件装配,电化学储能,宽泛待细分,电化学储能,宽泛待细分,保留独立类群
B041,41,无线充电与充电器结构,M041,无线充电与充电器结构,交通与充电,宽泛待细分,交通与充电,宽泛待细分,保留独立类群
B042,42,气体处理气化与天然气水合物,M042,气体处理气化与天然气水合物,化石能源,混杂待重分,化石能源,混杂待重分,保留独立类群
B043,43,二氧化碳及混合气体膜分离,M043,二氧化碳及混合气体膜分离,碳与环境,方向候选,碳与环境,方向候选,保留独立类群
B044,44,铜铟镓硒薄膜光伏,M044,铜铟镓硒薄膜光伏,太阳能,方向候选,太阳能,方向候选,保留独立类群
B045,45,煤气化与燃煤清洁转化,M045,煤气化与燃煤清洁转化,化石能源,宽泛待细分,化石能源,宽泛待细分,保留独立类群
B046,46,分离膜制备与膜污染控制,M046,分离膜制备与膜污染控制,碳与环境,宽泛待细分,碳与环境,宽泛待细分,保留独立类群
B047,47,配电网柔性调度与协同规划,M047,配电网柔性调度与协同规划,电网与电力系统,宽泛待细分,电网与电力系统,宽泛待细分,保留独立类群
B048,48,电池隔膜与聚合物电解质,M048,电池隔膜、聚合物电解质与粘结剂,电化学储能,宽泛待细分,电化学储能,宽泛待细分,两簇均反复出现锂电池复合隔膜、原位聚合或凝胶电解质及聚合物粘结剂；例如芳纶涂覆隔膜与LATP涂层隔膜、立构复合电解质与静电纺丝凝胶电解质。无法据此建立稳定的隔膜/电解质分界，合并为已有宽泛材料类群；不并入专门的固态电解质簇049。通用胶带等边界混入仍保留风险标记。
B049,49,固态及凝胶聚合物电解质,M049,固态及凝胶聚合物电解质,电化学储能,方向候选,电化学储能,方向候选,保留独立类群
B050,50,储能及通用装置温控换热,M050,储能及通用装置温控换热,热工与能效,混杂待重分,热工与能效,混杂待重分,保留独立类群
B051,51,电气故障保护与暂态检测,M051,电气故障保护与暂态检测,电网与电力系统,宽泛待细分,电网与电力系统,宽泛待细分,保留独立类群
B052,52,电能变换与驱动控制电路,M052,电能变换与驱动控制电路,电力电子与电机,宽泛待细分,电力电子与电机,宽泛待细分,保留独立类群
B053,53,电价与输配电价监管政策,M053,电价与输配电价监管政策,能源政策与治理,政策类群,能源政策与治理,政策类群,保留独立类群
B054,54,含铜化合物结构与功能,M054,含铜化合物结构与功能,能源材料与电化学基础,混杂待重分,能源材料与电化学基础,混杂待重分,保留独立类群
B055,55,电储能系统配置与运行,M055,电储能系统配置与运行,电化学储能,宽泛待细分,电化学储能,宽泛待细分,保留独立类群
B056,56,射频微波电路与功率放大,M056,射频微波电路与功率放大,电力电子与电机,关联基础研究,电力电子与电机,关联基础研究,保留独立类群
B057,57,有价金属浸出回收,M057,有价金属浸出回收,生物质与资源循环,方向候选,生物质与资源循环,方向候选,保留独立类群
B058,58,厌氧过程微生物与生物能源,M058,厌氧过程微生物与生物能源,生物质与资源循环,宽泛待细分,生物质与资源循环,宽泛待细分,保留独立类群
B059,59,超级电容器电极与器件,M059,超级电容器电极与器件,电化学储能,方向候选,电化学储能,方向候选,保留独立类群
B060,60,有机合成与分子功能材料,M060,有机合成与分子功能材料,其他基础与关联学科,关联基础研究,其他基础与关联学科,关联基础研究,保留独立类群
B061,61,热工设备换热与工况分析,M061,热工设备换热与工况分析,热工与能效,混杂待重分,热工与能效,混杂待重分,保留独立类群
B062,62,生物质热解与炭化,M062,生物质热解与炭化,生物质与资源循环,方向候选,生物质与资源循环,方向候选,保留独立类群
B063,63,锂钠电池电解液与正极配方,M063,锂钠电池电解液与正极配方,电化学储能,混杂待重分,电化学储能,混杂待重分,保留独立类群
B064,64,电磁兼容干扰与电缆检测,M064,电磁兼容干扰与电缆检测,电力电子与电机,混杂待重分,电力电子与电机,混杂待重分,保留独立类群
B065,65,环境税费补贴与市场规制,M065,环境税费补贴与市场规制,碳与环境,宽泛待细分,碳与环境,宽泛待细分,保留独立类群
B066,66,钙钛矿光伏结晶与界面调控,M066,钙钛矿太阳能电池界面与器件性能,太阳能,方向候选,太阳能,宽泛待细分,两簇的中心、随机和边界样本共同涉及钙钛矿太阳能电池空穴传输层、界面钝化及器件效率。簇220的表面处理与异质结钝化同样属于簇066的主任务，现有证据不支持以结晶/结构两个名称分开。合并保留多个器件子任务的宽泛属性，不并入卤化物钙钛矿基础物性类群。
B067,67,水热溶剂热合成与功能材料,M067,水热溶剂热合成与功能材料,能源材料与电化学基础,混杂待重分,能源材料与电化学基础,混杂待重分,保留独立类群
B068,68,宽禁带半导体外延与结器件,M068,宽禁带半导体外延与结器件,电力电子与电机,宽泛待细分,电力电子与电机,宽泛待细分,保留独立类群
B069,69,气象水文预测与环境评估,M069,气象水文预测与环境评估,数字技术与测量,宽泛待细分,数字技术与测量,宽泛待细分,保留独立类群
B070,70,功能聚合物合成与结构,M070,功能聚合物合成与结构,能源材料与电化学基础,关联基础研究,能源材料与电化学基础,关联基础研究,保留独立类群
B071,71,氢能产业与制氢技术经济,M071,氢能产业与制氢技术经济,氢能与燃料电池,宽泛待细分,氢能与燃料电池,宽泛待细分,保留独立类群
B072,72,电极过程与电化学沉积,M072,电极过程与电化学沉积,能源材料与电化学基础,宽泛待细分,能源材料与电化学基础,宽泛待细分,保留独立类群
B073,73,通用防护支撑与安装结构混杂簇073,M073,通用防护支撑与安装结构混杂簇073,制造与通用装置,混杂待重分,制造与通用装置,混杂待重分,保留独立类群
B074,74,铋基氧化物光催化材料,M074,铋基氧化物光催化材料,能源材料与电化学基础,方向候选,能源材料与电化学基础,方向候选,保留独立类群
B075,75,通用催化剂与催化反应工程,M075,通用催化剂与催化反应工程,能源材料与电化学基础,宽泛待细分,能源材料与电化学基础,宽泛待细分,保留独立类群
B076,76,机电传动与运动执行装置,M076,机电传动与运动执行装置,电力电子与电机,宽泛待细分,电力电子与电机,宽泛待细分,保留独立类群
B077,77,充电连接与通用部件混合,M077,充电连接与通用部件混合,交通与充电,混杂待重分,交通与充电,混杂待重分,保留独立类群
B078,78,燃料电池系统运行控制,M078,燃料电池系统运行控制,氢能与燃料电池,方向候选,氢能与燃料电池,方向候选,保留独立类群
B079,79,污染物光催化降解,M079,污染物光催化降解,碳与环境,方向候选,碳与环境,方向候选,保留独立类群
B080,80,电力市场与售电制度政策,M080,电力市场与售电制度政策,能源政策与治理,政策类群,能源政策与治理,政策类群,保留独立类群
B081,81,智能电网体系与通信,M081,智能电网体系与通信,电网与电力系统,宽泛待细分,电网与电力系统,宽泛待细分,保留独立类群
B082,82,配电网电压无功与电能质量,M082,配电网电压无功与电能质量,电网与电力系统,宽泛待细分,电网与电力系统,宽泛待细分,保留独立类群
B083,83,电池单体电极及模组结构,M083,电池单体电极及模组结构,电化学储能,宽泛待细分,电化学储能,宽泛待细分,保留独立类群
B084,84,多类功能薄膜与纳米器件,M084,多类功能薄膜与纳米器件,能源材料与电化学基础,混杂待重分,能源材料与电化学基础,混杂待重分,保留独立类群
B085,85,光伏组件性能建模与故障检测,M085,光伏组件性能建模与故障检测,太阳能,宽泛待细分,太阳能,宽泛待细分,保留独立类群
B086,86,制氢储氢与加氢系统,M086,制氢储氢与加氢系统,氢能与燃料电池,宽泛待细分,氢能与燃料电池,宽泛待细分,保留独立类群
B087,87,污水厌氧处理与产能回收,M087,污水厌氧处理与产能回收,生物质与资源循环,宽泛待细分,生物质与资源循环,宽泛待细分,保留独立类群
B088,88,信号处理测量与电力扰动,M088,信号处理测量与电力扰动,数字技术与测量,宽泛待细分,数字技术与测量,宽泛待细分,保留独立类群
B089,89,电动汽车充电控制,M089,电动汽车充电控制,交通与充电,方向候选,交通与充电,方向候选,保留独立类群
B090,90,等离子体湍流与不稳定性,M090,等离子体湍流与不稳定性,核能与等离子体,方向候选,核能与等离子体,方向候选,保留独立类群
B091,91,天然气输配与气价政策,M091,天然气输配与气价政策,能源政策与治理,政策类群,能源政策与治理,政策类群,保留独立类群
B092,92,电能变换波浪能与互感器混合,M092,电能变换波浪能与互感器混合,电力电子与电机,混杂待重分,电力电子与电机,混杂待重分,保留独立类群
B093,93,晶体缺陷外延与变形,M093,晶体缺陷外延与变形,能源材料与电化学基础,关联基础研究,能源材料与电化学基础,关联基础研究,保留独立类群
B094,94,泄漏检测与多设备状态监测,M094,泄漏检测与多设备状态监测,数字技术与测量,混杂待重分,数字技术与测量,混杂待重分,保留独立类群
B095,95,电力设备通信与控制系统,M095,电力设备通信与控制系统,数字技术与测量,宽泛待细分,数字技术与测量,宽泛待细分,保留独立类群
B096,96,永磁电机与磁路设计,M096,永磁电机与磁路设计,电力电子与电机,宽泛待细分,电力电子与电机,宽泛待细分,保留独立类群
B097,97,建筑与工业冷却节能,M097,建筑与工业冷却节能,热工与能效,宽泛待细分,热工与能效,宽泛待细分,保留独立类群
B098,98,无人机巡检与电网作业,M098,无人机巡检与电网作业,数字技术与测量,方向候选,数字技术与测量,方向候选,保留独立类群
B099,99,磁重联与磁场材料效应,M099,磁重联与磁场材料效应,核能与等离子体,混杂待重分,核能与等离子体,混杂待重分,保留独立类群
B100,100,人类世生态危机与社会转型,M100,人类世生态危机与社会转型,其他基础与关联学科,关联基础研究,其他基础与关联学科,关联基础研究,保留独立类群
B101,101,电力设备与线路故障检测诊断,M101,电力设备与线路故障检测、定位和诊断,电网与电力系统,宽泛待细分,电网与电力系统,宽泛待细分,三簇共同研究电力设备及线路的信号特征、故障识别、定位与诊断；配电网电弧接地检测、光伏接入配网诊断和架空线路故障分类在对象及任务上重合。文献/专利表达差异不足以形成独立方向。合并仅消除这一层的重复，保留多设备宽泛状态；汽车传动、软开关控制及钢丝绳缺陷等越界样本未被重分。
B102,102,金属基复合材料与耐磨制造,M102,金属基复合材料与耐磨制造,能源材料与电化学基础,关联基础研究,能源材料与电化学基础,关联基础研究,保留独立类群
B103,103,发动机燃气轮机与动力机械,M103,发动机燃气轮机与动力机械,化石能源,宽泛待细分,化石能源,宽泛待细分,保留独立类群
B104,104,微电网能量管理与优化,M104,微电网能量管理与优化,电网与电力系统,方向候选,电网与电力系统,方向候选,保留独立类群
B105,105,电动汽车推广与整车能耗,M105,电动汽车推广与整车能耗,交通与充电,宽泛待细分,交通与充电,宽泛待细分,保留独立类群
B106,106,模板化晶体数据库记录,M106,模板化晶体数据库记录,其他基础与关联学科,外围或非研究文本,其他基础与关联学科,外围或非研究文本,保留独立类群
B107,107,储能充放电与变流控制,M107,储能充放电与变流控制,电化学储能,宽泛待细分,电化学储能,宽泛待细分,保留独立类群
B108,108,水系锌电池与锌空气电池,M108,水系锌电池与锌空气电池,电化学储能,宽泛待细分,电化学储能,宽泛待细分,保留独立类群
B109,109,电气柜密封防护与开关部件,M109,电气柜密封防护与开关部件,电网与电力系统,混杂待重分,电网与电力系统,混杂待重分,保留独立类群
B110,110,机柜装配与通用机械部件,M110,机柜装配与通用机械部件,制造与通用装置,混杂待重分,制造与通用装置,混杂待重分,保留独立类群
B111,111,电站锅炉汽轮机与设备运维,M111,电站锅炉汽轮机与设备运维,化石能源,混杂待重分,化石能源,混杂待重分,保留独立类群
B112,112,二氧化钛基光催化材料,M112,二氧化钛光催化材料与反应,能源材料与电化学基础,方向候选,能源材料与电化学基础,宽泛待细分,两簇均以TiO2基复合或改性光催化剂及活性提升为中心，标题样本的水净化和补查正文的加替沙星降解与簇438的有机污染物降解直接重合。没有稳定证据将材料改性与催化性能作为互斥类群。两簇仍含光电探测、制氢及其他边界记录，合并名称不限定为纯污染物降解，状态保留宽泛。
B113,113,水分离采集与流体界面技术,M113,水分离采集与流体界面技术,热工与能效,混杂待重分,热工与能效,混杂待重分,保留独立类群
B114,114,二氧化碳吸收溶解与水合物,M114,二氧化碳吸收溶解与水合物,碳与环境,宽泛待细分,碳与环境,宽泛待细分,保留独立类群
B115,115,电源装置与供电电路结构,M115,电源装置与供电电路结构,电力电子与电机,宽泛待细分,电力电子与电机,宽泛待细分,保留独立类群
B116,116,制冷循环工质与能效,M116,制冷循环工质与能效,热工与能效,宽泛待细分,热工与能效,宽泛待细分,保留独立类群
B117,117,煤矿产能及经营公告,M117,煤矿产能及经营公告,能源政策与治理,政策类群,能源政策与治理,政策类群,保留独立类群
B118,118,煤矿安全生产与许可管理,M118,煤矿安全生产与许可管理,能源政策与治理,政策类群,能源政策与治理,政策类群,保留独立类群
B119,119,电力载波与通信传输,M119,电力载波与通信传输,数字技术与测量,宽泛待细分,数字技术与测量,宽泛待细分,保留独立类群
B120,120,波浪能装置与海洋水动力,M120,波浪能装置与海洋水动力,风能与水能海洋能源,宽泛待细分,风能与水能海洋能源,宽泛待细分,保留独立类群
B121,121,热电材料与性能优化Ⅰ,M121,热电材料与热电性能优化,能源材料与电化学基础,方向候选,能源材料与电化学基础,方向候选,两簇中心均为热电材料进展，随机样本重复出现碲化物/氧化物掺杂复合、Seebeck与ZT等热电性能优化；补查专利同样为掺杂Bi2Te3材料。未观察到可稳定区分两簇的材料体系或研究任务。热电器件热设计簇237继续独立；磁性材料等边界误入不因合并而消失。
B122,122,磁约束等离子体运行与边界,M122,磁约束等离子体运行与边界,核能与等离子体,方向候选,核能与等离子体,方向候选,保留独立类群
B123,123,电力系统碳计量与低碳调度,M123,电力系统碳计量与低碳调度,碳与环境,宽泛待细分,碳与环境,宽泛待细分,保留独立类群
B124,124,重整气化与合成气制氢,M124,重整气化与合成气制氢,氢能与燃料电池,宽泛待细分,氢能与燃料电池,宽泛待细分,保留独立类群
B125,125,氮化碳及复合光催化材料,M125,氮化碳及复合光催化材料,能源材料与电化学基础,宽泛待细分,能源材料与电化学基础,宽泛待细分,保留独立类群
B126,126,质子交换及功能聚合物膜,M126,质子交换及功能聚合物膜,氢能与燃料电池,宽泛待细分,氢能与燃料电池,宽泛待细分,保留独立类群
B127,127,石墨烯复合材料与多场景应用,M127,石墨烯复合材料与多场景应用,能源材料与电化学基础,宽泛待细分,能源材料与电化学基础,宽泛待细分,保留独立类群
B128,128,生物质与污泥厌氧消化产气,M128,生物质与污泥厌氧消化产气,生物质与资源循环,方向候选,生物质与资源循环,方向候选,保留独立类群
B129,129,能源网络安全与隐私保护,M129,能源网络安全与隐私保护,数字技术与测量,方向候选,数字技术与测量,方向候选,保留独立类群
B130,130,光伏电池及组件结构制造,M130,光伏电池及组件结构制造,太阳能,宽泛待细分,太阳能,宽泛待细分,保留独立类群
B131,131,超级电容器复合电极材料,M131,超级电容器复合电极材料,电化学储能,方向候选,电化学储能,方向候选,保留独立类群
B132,132,排放交易与污染治理政策研究,M132,排放交易与污染治理政策研究,碳与环境,宽泛待细分,碳与环境,宽泛待细分,保留独立类群
B133,133,功能薄膜沉积与表征,M133,功能薄膜沉积与表征,能源材料与电化学基础,关联基础研究,能源材料与电化学基础,关联基础研究,保留独立类群
B134,134,电连接器接线与端口结构,M134,电连接器接线与端口结构,电力电子与电机,宽泛待细分,电力电子与电机,宽泛待细分,保留独立类群
B135,135,电力市场机制与产消者经济,M135,电力市场机制与产消者经济,电网与电力系统,宽泛待细分,电网与电力系统,宽泛待细分,保留独立类群
B136,136,电解与其他路线制氢技术,M136,电解与其他路线制氢技术,氢能与燃料电池,宽泛待细分,氢能与燃料电池,宽泛待细分,保留独立类群
B137,137,光伏出力预测与系统参数建模,M137,光伏出力预测与系统参数建模,太阳能,宽泛待细分,太阳能,宽泛待细分,保留独立类群
B138,138,变压器油纸绝缘诊断,M138,变压器油纸绝缘诊断,电网与电力系统,方向候选,电网与电力系统,方向候选,保留独立类群
B139,139,厌氧微生物产甲烷机制,M139,厌氧微生物产甲烷机制,生物质与资源循环,方向候选,生物质与资源循环,方向候选,保留独立类群
B140,140,半导体载流子与电荷输运,M140,半导体载流子与电荷输运,能源材料与电化学基础,关联基础研究,能源材料与电化学基础,关联基础研究,保留独立类群
B141,141,电机转子定子与装配结构,M141,电机转子定子与装配结构,电力电子与电机,宽泛待细分,电力电子与电机,宽泛待细分,保留独立类群
B142,142,微电网变流器协调与功率分配,M142,微电网变流器协调与功率分配,电网与电力系统,方向候选,电网与电力系统,方向候选,保留独立类群
B143,143,能源作物种植与生物质采收,M143,能源作物种植与生物质采收,生物质与资源循环,方向候选,生物质与资源循环,方向候选,保留独立类群
B144,144,陆面气象与蒸散估计,M144,陆面气象与蒸散估计,其他基础与关联学科,关联基础研究,其他基础与关联学科,关联基础研究,保留独立类群
B145,145,铁基催化剂与氧电催化,M145,铁基催化剂与氧电催化,能源材料与电化学基础,宽泛待细分,能源材料与电化学基础,宽泛待细分,保留独立类群
B146,146,节能减排财政资金安排,M146,节能减排财政资金安排,能源政策与治理,政策类群,能源政策与治理,政策类群,保留独立类群
B147,147,电极与电机铁芯制造装置,M147,电极与电机铁芯制造装置,制造与通用装置,混杂待重分,制造与通用装置,混杂待重分,保留独立类群
B148,148,临床疾病与健康研究,M148,临床疾病与健康研究,其他基础与关联学科,外围或非研究文本,其他基础与关联学科,外围或非研究文本,保留独立类群
B149,149,储能技术与能量转换综述,M149,储能技术与能量转换综述,电化学储能,宽泛待细分,电化学储能,宽泛待细分,保留独立类群
B150,150,多孔碳吸附二氧化碳,M150,多孔碳吸附二氧化碳,碳与环境,方向候选,碳与环境,方向候选,保留独立类群
B151,151,镁基及多组元合金性质,M151,镁基及多组元合金性质,能源材料与电化学基础,关联基础研究,能源材料与电化学基础,关联基础研究,保留独立类群
B152,152,硅基材料与碳化硅陶瓷,M152,硅基材料与碳化硅陶瓷,能源材料与电化学基础,混杂待重分,能源材料与电化学基础,混杂待重分,保留独立类群
B153,153,无线电能传输电路与系统,M153,无线电能传输电路与系统,电力电子与电机,方向候选,电力电子与电机,方向候选,保留独立类群
B154,154,电解水析氧催化,M154,电解水析氧催化,氢能与燃料电池,方向候选,氢能与燃料电池,方向候选,保留独立类群
B155,155,电力交易竞价与市场优化,M155,电力交易竞价与市场优化,电网与电力系统,方向候选,电网与电力系统,方向候选,保留独立类群
B156,156,水工引水排水与杂项装置,M156,水工引水排水与杂项装置,制造与通用装置,混杂待重分,制造与通用装置,混杂待重分,保留独立类群
B157,157,电力设备故障识别与智能诊断,M101,电力设备与线路故障检测、定位和诊断,电网与电力系统,宽泛待细分,电网与电力系统,宽泛待细分,三簇共同研究电力设备及线路的信号特征、故障识别、定位与诊断；配电网电弧接地检测、光伏接入配网诊断和架空线路故障分类在对象及任务上重合。文献/专利表达差异不足以形成独立方向。合并仅消除这一层的重复，保留多设备宽泛状态；汽车传动、软开关控制及钢丝绳缺陷等越界样本未被重分。
B158,158,有机光伏及空穴传输材料,M158,有机光伏材料、器件与载流子输运,太阳能,宽泛待细分,太阳能,宽泛待细分,两簇均围绕聚合物/富勒烯异质结有机光伏、导电透明电极及器件性能，中心和随机正文呈现相同材料—器件研究链。没有足够证据把有机太阳能电池与organic photovoltaics另列。保留宽泛状态及钙钛矿空穴层、无机光电化学等混入提示；跨晶体管等器件的有机半导体基础簇243不并入。
B159,159,太阳辐照预测与光伏环境建模,M159,太阳辐照预测与光伏环境建模,太阳能,宽泛待细分,太阳能,宽泛待细分,保留独立类群
B160,160,通用互联网协议与通信网络,M160,通用互联网协议与通信网络,数字技术与测量,关联基础研究,数字技术与测量,关联基础研究,保留独立类群
B161,161,车辆操稳道路与轮胎交互,M161,车辆操稳道路与轮胎交互,交通与充电,宽泛待细分,交通与充电,宽泛待细分,保留独立类群
B162,162,电气传感与多设备测量,M162,电气传感与多设备测量,数字技术与测量,宽泛待细分,数字技术与测量,宽泛待细分,保留独立类群
B163,163,分布式电源接入与配电网运行,M163,分布式电源接入与配电网运行,电网与电力系统,方向候选,电网与电力系统,方向候选,保留独立类群
B164,164,输电线路雷电接地与电磁影响,M164,输电线路雷电接地与电磁影响,电网与电力系统,宽泛待细分,电网与电力系统,宽泛待细分,保留独立类群
B165,165,天然气供能与燃气动力系统,M165,天然气供能与燃气动力系统,化石能源,宽泛待细分,化石能源,宽泛待细分,保留独立类群
B166,166,多类太阳能电池结构与性能,M166,多类太阳能电池结构与性能,太阳能,宽泛待细分,太阳能,宽泛待细分,保留独立类群
B167,167,晶硅异质结与硅基光伏制造,M167,晶硅异质结与硅基光伏制造,太阳能,方向候选,太阳能,方向候选,保留独立类群
B168,168,粒子束辐照与半导体材料缺陷,M168,粒子束辐照与半导体材料缺陷,核能与等离子体,关联基础研究,核能与等离子体,关联基础研究,保留独立类群
B169,169,电池荷电状态健康状态与建模,M169,电池荷电状态健康状态与建模,电化学储能,宽泛待细分,电化学储能,宽泛待细分,保留独立类群
B170,170,热电材料与性能优化Ⅱ,M121,热电材料与热电性能优化,能源材料与电化学基础,方向候选,能源材料与电化学基础,方向候选,两簇中心均为热电材料进展，随机样本重复出现碲化物/氧化物掺杂复合、Seebeck与ZT等热电性能优化；补查专利同样为掺杂Bi2Te3材料。未观察到可稳定区分两簇的材料体系或研究任务。热电器件热设计簇237继续独立；磁性材料等边界误入不因合并而消失。
B171,171,能源转型与能源安全研究,M171,能源转型与能源安全研究,能源政策与治理,宽泛待细分,能源政策与治理,宽泛待细分,保留独立类群
B172,172,最优潮流与电网优化运行,M172,最优潮流与电网优化运行,电网与电力系统,方向候选,电网与电力系统,方向候选,保留独立类群
B173,173,燃烧稳定与低污染排放,M173,燃烧稳定与低污染排放,化石能源,方向候选,化石能源,方向候选,保留独立类群
B174,174,电池正极改性与再生工艺,M174,电池正极改性与再生工艺,电化学储能,宽泛待细分,电化学储能,宽泛待细分,保留独立类群
B175,175,电力负荷预测与短路等系统计算混合,M175,电力负荷预测与短路等系统计算混合,电网与电力系统,混杂待重分,电网与电力系统,混杂待重分,保留独立类群
B176,176,空化流动与水动力,M176,空化流动与水动力,热工与能效,关联基础研究,热工与能效,关联基础研究,保留独立类群
B177,177,光伏最大功率点跟踪,M177,光伏最大功率点跟踪,太阳能,方向候选,太阳能,方向候选,保留独立类群
B178,178,纳米结构输运与器件基础,M178,纳米结构输运与器件基础,能源材料与电化学基础,关联基础研究,能源材料与电化学基础,关联基础研究,保留独立类群
B179,179,离子液体与电解质基础,M179,离子液体与电解质基础,能源材料与电化学基础,宽泛待细分,能源材料与电化学基础,宽泛待细分,保留独立类群
B180,180,超导与量子材料基础,M180,超导与量子材料基础,能源材料与电化学基础,关联基础研究,能源材料与电化学基础,关联基础研究,保留独立类群
B181,181,电池组结构均衡与供能电路,M181,电池组结构均衡与供能电路,电化学储能,宽泛待细分,电化学储能,宽泛待细分,保留独立类群
B182,182,聚变装置与粒子束工程,M182,聚变装置与粒子束工程,核能与等离子体,宽泛待细分,核能与等离子体,宽泛待细分,保留独立类群
B183,183,导航定位与遥感观测,M183,导航定位与遥感观测,数字技术与测量,关联基础研究,数字技术与测量,关联基础研究,保留独立类群
B184,184,通用控制器与电力控制算法,M184,通用控制器与电力控制算法,数字技术与测量,宽泛待细分,数字技术与测量,宽泛待细分,保留独立类群
B185,185,卤化物钙钛矿结构及光电性质,M185,卤化物钙钛矿结构、光电物性与发光,能源材料与电化学基础,关联基础研究,能源材料与电化学基础,关联基础研究,两簇的卤化物钙钛矿低维结构、缺陷调控、光电及发光性质一致。补查簇185正文中的低维材料综述、红光LED晶粒调控，与簇270的低维卤化物缺陷及发光调控相符。材料基础研究与太阳能电池应用簇066/220保留区分；氧化物及电容用途等边界记录保持原归属。
B186,186,风电场运行与功率优化,M186,风电场运行与功率优化,风能与水能海洋能源,方向候选,风能与水能海洋能源,方向候选,保留独立类群
B187,187,煤热解气化与煤质特性,M187,煤热解气化与煤质特性,化石能源,方向候选,化石能源,方向候选,保留独立类群
B188,188,通用反应分离与气液处理装置,M188,通用反应分离与气液处理装置,制造与通用装置,混杂待重分,制造与通用装置,混杂待重分,保留独立类群
B189,189,欧洲能源转型与能源政策研究,M189,欧洲能源转型与能源政策研究,能源政策与治理,宽泛待细分,能源政策与治理,宽泛待细分,保留独立类群
B190,190,风力机叶片与气动设计,M190,风力机叶片与气动设计,风能与水能海洋能源,方向候选,风能与水能海洋能源,方向候选,保留独立类群
B191,191,充电负荷预测与园区用电调配,M191,充电负荷预测与园区用电调配,交通与充电,宽泛待细分,交通与充电,宽泛待细分,保留独立类群
B192,192,固态储氢材料与反应器,M192,固态储氢材料与反应器,氢能与燃料电池,方向候选,氢能与燃料电池,方向候选,保留独立类群
B193,193,含锂化合物与锂金属界面,M193,含锂化合物与锂金属界面,电化学储能,混杂待重分,电化学储能,混杂待重分,保留独立类群
B194,194,多设备温控与智能散热,M194,多设备温控与智能散热,热工与能效,宽泛待细分,热工与能效,宽泛待细分,保留独立类群
B195,195,股票价格与通用金融预测,M195,股票价格与通用金融预测,其他基础与关联学科,外围或非研究文本,其他基础与关联学科,外围或非研究文本,保留独立类群
B196,196,碳捕集封存与碳移除系统,M196,碳捕集封存与碳移除系统,碳与环境,宽泛待细分,碳与环境,宽泛待细分,保留独立类群
B197,197,混合动力与整车能量管理,M197,混合动力与整车能量管理,交通与充电,方向候选,交通与充电,方向候选,保留独立类群
B198,198,铜基热电及功能复合材料,M198,铜基热电及功能复合材料,能源材料与电化学基础,混杂待重分,能源材料与电化学基础,混杂待重分,保留独立类群
B199,199,电池负极活性材料与电池器件,M199,电池负极活性材料与电池器件,电化学储能,宽泛待细分,电化学储能,宽泛待细分,保留独立类群
B200,200,交直流供电与储备能源控制,M200,交直流供电与储备能源控制,电力电子与电机,宽泛待细分,电力电子与电机,宽泛待细分,保留独立类群
B201,201,直流输电保护与故障限流,M201,直流输电保护与故障限流,电网与电力系统,方向候选,电网与电力系统,方向候选,保留独立类群
B202,202,电化学电极与摩擦电材料混合,M202,电化学电极与摩擦电材料混合,能源材料与电化学基础,混杂待重分,能源材料与电化学基础,混杂待重分,保留独立类群
B203,203,氧化锌复合光催化材料,M203,氧化锌复合光催化材料,能源材料与电化学基础,方向候选,能源材料与电化学基础,方向候选,保留独立类群
B204,204,纳米表征与光学传感材料,M204,纳米表征与光学传感材料,能源材料与电化学基础,关联基础研究,能源材料与电化学基础,关联基础研究,保留独立类群
B205,205,发电项目电价结算及清单政策,M205,发电项目电价结算及清单政策,能源政策与治理,政策类群,能源政策与治理,政策类群,保留独立类群
B206,206,电池测试表征与性能评估,M206,电池测试表征与性能评估,电化学储能,宽泛待细分,电化学储能,宽泛待细分,保留独立类群
B207,207,激子量子点与发光机理,M207,激子量子点与发光机理,能源材料与电化学基础,关联基础研究,能源材料与电化学基础,关联基础研究,保留独立类群
B208,208,组件边框与通用结构材料,M208,组件边框与通用结构材料,制造与通用装置,混杂待重分,制造与通用装置,混杂待重分,保留独立类群
B209,209,能源企业组织投资与管理,M209,能源企业组织投资与管理,能源政策与治理,宽泛待细分,能源政策与治理,宽泛待细分,保留独立类群
B210,210,有机半导体光物理与光电响应,M210,有机半导体光物理与光电响应,能源材料与电化学基础,关联基础研究,能源材料与电化学基础,关联基础研究,保留独立类群
B211,211,地热资源开发与换热,M211,地热资源开发与换热,热工与能效,方向候选,热工与能效,方向候选,保留独立类群
B212,212,直流变换器拓扑与设计,M212,直流变换器拓扑与设计,电力电子与电机,方向候选,电力电子与电机,方向候选,保留独立类群
B213,213,等离子体波与高能粒子作用,M213,等离子体波与高能粒子作用,核能与等离子体,方向候选,核能与等离子体,方向候选,保留独立类群
B214,214,电力电缆绝缘与运行诊断,M214,电力电缆绝缘与运行诊断,电网与电力系统,方向候选,电网与电力系统,方向候选,保留独立类群
B215,215,通信网络路由与拓扑,M215,通信网络路由与拓扑,数字技术与测量,关联基础研究,数字技术与测量,关联基础研究,保留独立类群
B216,216,电池极耳焊接及耳机等混合部件,M216,电池极耳焊接及耳机等混合部件,制造与通用装置,混杂待重分,制造与通用装置,混杂待重分,保留独立类群
B217,217,电力可靠性与电气安全,M217,电力可靠性与电气安全,电网与电力系统,宽泛待细分,电网与电力系统,宽泛待细分,保留独立类群
B218,218,离子液体萃取与金属分离,M218,离子液体萃取与金属分离,碳与环境,方向候选,碳与环境,方向候选,保留独立类群
B219,219,气候变化治理与国际政策,M219,气候变化治理与国际政策,能源政策与治理,政策类群,能源政策与治理,政策类群,保留独立类群
B220,220,钙钛矿光伏结构与器件性能,M066,钙钛矿太阳能电池界面与器件性能,太阳能,宽泛待细分,太阳能,宽泛待细分,两簇的中心、随机和边界样本共同涉及钙钛矿太阳能电池空穴传输层、界面钝化及器件效率。簇220的表面处理与异质结钝化同样属于簇066的主任务，现有证据不支持以结晶/结构两个名称分开。合并保留多个器件子任务的宽泛属性，不并入卤化物钙钛矿基础物性类群。
B221,221,系统可靠性及暂态稳定混合,M221,系统可靠性及暂态稳定混合,电网与电力系统,混杂待重分,电网与电力系统,混杂待重分,保留独立类群
B222,222,局部放电电晕与放电物理,M222,局部放电电晕与放电物理,电网与电力系统,宽泛待细分,电网与电力系统,宽泛待细分,保留独立类群
B223,223,锂金属沉积与含锂电极材料,M223,锂金属沉积与含锂电极材料,电化学储能,宽泛待细分,电化学储能,宽泛待细分,保留独立类群
B224,224,木质纤维素预处理与生化转化,M224,木质纤维素预处理与生化转化,生物质与资源循环,宽泛待细分,生物质与资源循环,宽泛待细分,保留独立类群
B225,225,泵水轮机与水力机械流动,M225,泵水轮机与水力机械流动,热工与能效,方向候选,热工与能效,方向候选,保留独立类群
B226,226,生物炭制备与环境应用,M226,生物炭制备与环境应用,生物质与资源循环,宽泛待细分,生物质与资源循环,宽泛待细分,保留独立类群
B227,227,离子导电及功能聚合物,M227,离子导电及功能聚合物,能源材料与电化学基础,关联基础研究,能源材料与电化学基础,关联基础研究,保留独立类群
B228,228,过硫酸盐活化与高级氧化,M228,过硫酸盐活化与高级氧化,碳与环境,方向候选,碳与环境,方向候选,保留独立类群
B229,229,空调通风与空气处理,M229,空调通风与空气处理,热工与能效,方向候选,热工与能效,方向候选,保留独立类群
B230,230,能源审计与综合节能评估,M230,能源审计与综合节能评估,热工与能效,宽泛待细分,热工与能效,宽泛待细分,保留独立类群
B231,231,通用安装固定与机电结构,M231,通用安装固定与机电结构,制造与通用装置,混杂待重分,制造与通用装置,混杂待重分,保留独立类群
B232,232,高温钢材蠕变腐蚀与焊接,M232,高温钢材蠕变腐蚀与焊接,能源材料与电化学基础,关联基础研究,能源材料与电化学基础,关联基础研究,保留独立类群
B233,233,专利权利要求格式与杂项器件,M233,专利权利要求格式与杂项器件,制造与通用装置,混杂待重分,制造与通用装置,混杂待重分,保留独立类群
B234,234,多种掺杂氧化物及功能化合物,M234,多种掺杂氧化物及功能化合物,能源材料与电化学基础,混杂待重分,能源材料与电化学基础,混杂待重分,保留独立类群
B235,235,半导体光电化学水分解,M235,半导体光电化学水分解,氢能与燃料电池,方向候选,氢能与燃料电池,方向候选,保留独立类群
B236,236,软开关谐振与交流变换器,M236,软开关谐振与交流变换器,电力电子与电机,宽泛待细分,电力电子与电机,宽泛待细分,保留独立类群
B237,237,热电发电器件与热设计,M237,热电发电器件与热设计,热工与能效,方向候选,热工与能效,方向候选,保留独立类群
B238,238,氢能供给加氢与系统集成,M238,氢能供给加氢与系统集成,氢能与燃料电池,宽泛待细分,氢能与燃料电池,宽泛待细分,保留独立类群
B239,239,分布式光伏部署与技术经济,M239,分布式光伏部署与技术经济,太阳能,宽泛待细分,太阳能,宽泛待细分,保留独立类群
B240,240,农业农村经济与资源发展,M240,农业农村经济与资源发展,其他基础与关联学科,关联基础研究,其他基础与关联学科,关联基础研究,保留独立类群
B241,241,高温及绝缘陶瓷制备,M241,高温及绝缘陶瓷制备,能源材料与电化学基础,宽泛待细分,能源材料与电化学基础,宽泛待细分,保留独立类群
B242,242,薄膜晶体管与有机电子器件,M242,薄膜晶体管与有机电子器件,电力电子与电机,关联基础研究,电力电子与电机,关联基础研究,保留独立类群
B243,243,有机半导体供受体与分子器件材料,M243,有机半导体供受体与分子器件材料,能源材料与电化学基础,关联基础研究,能源材料与电化学基础,关联基础研究,保留独立类群
B244,244,文摘索引与教学资料记录,M244,文摘索引与教学资料记录,其他基础与关联学科,外围或非研究文本,其他基础与关联学科,外围或非研究文本,保留独立类群
B245,245,生物油热解与燃料升级,M245,生物油热解与燃料升级,生物质与资源循环,方向候选,生物质与资源循环,方向候选,保留独立类群
B246,246,电驱控制器与机电集成装置,M246,电驱控制器与机电集成装置,电力电子与电机,宽泛待细分,电力电子与电机,宽泛待细分,保留独立类群
B247,247,碳基超级电容器电极,M247,碳基超级电容器电极,电化学储能,方向候选,电化学储能,方向候选,保留独立类群
B248,248,虚拟电厂资源聚合与调度,M248,虚拟电厂资源聚合与调度,电网与电力系统,方向候选,电网与电力系统,方向候选,保留独立类群
B249,249,镍锰及多种无机功能材料,M249,镍锰及多种无机功能材料,能源材料与电化学基础,混杂待重分,能源材料与电化学基础,混杂待重分,保留独立类群
B250,250,电力安全生产与应急政策,M250,电力安全生产与应急政策,能源政策与治理,政策类群,能源政策与治理,政策类群,保留独立类群
B251,251,磁性材料磁路与磁场基础,M251,磁性材料磁路与磁场基础,能源材料与电化学基础,宽泛待细分,能源材料与电化学基础,宽泛待细分,保留独立类群
B252,252,热力循环余热与联供系统,M252,热力循环余热与联供系统,热工与能效,宽泛待细分,热工与能效,宽泛待细分,保留独立类群
B253,253,充电站选址与充电调度,M253,充电站选址与充电调度,交通与充电,方向候选,交通与充电,方向候选,保留独立类群
B254,254,热泵与区域供热供冷,M254,热泵与区域供热供冷,热工与能效,宽泛待细分,热工与能效,宽泛待细分,保留独立类群
B255,255,二氧化碳加氢与多类催化反应,M255,二氧化碳加氢与多类催化反应,碳与环境,宽泛待细分,碳与环境,宽泛待细分,保留独立类群
B256,256,电催化析氢与界面调控,M256,电催化析氢与界面调控,氢能与燃料电池,方向候选,氢能与燃料电池,方向候选,保留独立类群
B257,257,锂离子电池电极材料,M257,锂离子电池电极材料,电化学储能,宽泛待细分,电化学储能,宽泛待细分,保留独立类群
B258,258,磁电耦合与自旋极化基础,M258,磁电耦合与自旋极化基础,能源材料与电化学基础,关联基础研究,能源材料与电化学基础,关联基础研究,保留独立类群
B259,259,固体氧化物燃料电池,M259,固体氧化物燃料电池,氢能与燃料电池,方向候选,氢能与燃料电池,方向候选,保留独立类群
B260,260,综合能源系统管理与调度,M260,综合能源系统协同管理与优化调度,电网与电力系统,宽泛待细分,电网与电力系统,宽泛待细分,两簇的文献及专利中心共同涉及综合能源系统、多能源互补、需求响应、能量枢纽与多目标调度；簇260两篇文献和簇300中心正文研究任务直接重合。合并为同层的宽泛综合能源系统方向，不再扩并微电网协调、储能控制等其他类群；太阳能烹饪、公交充放电等边界混入仍未逐条修复。
B261,261,锂硫电池正极与多硫化物调控,M261,锂硫电池正极与多硫化物调控,电化学储能,方向候选,电化学储能,方向候选,保留独立类群
B262,262,电压电流检测与校验电路,M262,电压电流检测与校验电路,数字技术与测量,宽泛待细分,数字技术与测量,宽泛待细分,保留独立类群
B263,263,保护电路与开关控制,M263,保护电路与开关控制,电力电子与电机,宽泛待细分,电力电子与电机,宽泛待细分,保留独立类群
B264,264,电池外壳盖板与封装,M264,电池外壳盖板与封装,电化学储能,方向候选,电化学储能,方向候选,保留独立类群
B265,265,碳基氧还原及单原子催化,M265,碳基氧还原及单原子催化,能源材料与电化学基础,宽泛待细分,能源材料与电化学基础,宽泛待细分,保留独立类群
B266,266,绿色发展可持续性与绿色金融,M266,绿色发展可持续性与绿色金融,能源政策与治理,宽泛待细分,能源政策与治理,宽泛待细分,保留独立类群
B267,267,覆冰冻结与除冰传热,M267,覆冰冻结与除冰传热,热工与能效,宽泛待细分,热工与能效,宽泛待细分,保留独立类群
B268,268,燃料电池质子交换膜,M268,燃料电池质子交换膜,氢能与燃料电池,方向候选,氢能与燃料电池,方向候选,保留独立类群
B269,269,通用数学方程与数值方法,M269,通用数学方程与数值方法,其他基础与关联学科,关联基础研究,其他基础与关联学科,关联基础研究,保留独立类群
B270,270,卤化物钙钛矿光电及介电性质,M185,卤化物钙钛矿结构、光电物性与发光,能源材料与电化学基础,关联基础研究,能源材料与电化学基础,关联基础研究,两簇的卤化物钙钛矿低维结构、缺陷调控、光电及发光性质一致。补查簇185正文中的低维材料综述、红光LED晶粒调控，与簇270的低维卤化物缺陷及发光调控相符。材料基础研究与太阳能电池应用簇066/220保留区分；氧化物及电容用途等边界记录保持原归属。
B271,271,液冷流体通道与杂项机电装置,M271,液冷流体通道与杂项机电装置,热工与能效,混杂待重分,热工与能效,混杂待重分,保留独立类群
B272,272,有机发光与分子光物理材料,M272,有机发光与分子光物理材料,能源材料与电化学基础,关联基础研究,能源材料与电化学基础,关联基础研究,保留独立类群
B273,273,翼型螺旋桨与航空气动,M273,翼型螺旋桨与航空气动,其他基础与关联学科,关联基础研究,其他基础与关联学科,关联基础研究,保留独立类群
B274,274,沼气及多路线生物燃料,M274,沼气及多路线生物燃料,生物质与资源循环,宽泛待细分,生物质与资源循环,宽泛待细分,保留独立类群
B275,275,高分子绝缘与复合材料混合,M275,高分子绝缘与复合材料混合,能源材料与电化学基础,混杂待重分,能源材料与电化学基础,混杂待重分,保留独立类群
B276,276,电机调制谐波与转矩控制,M276,电机调制谐波与转矩控制,电力电子与电机,宽泛待细分,电力电子与电机,宽泛待细分,保留独立类群
B277,277,电缆结构材料与敷设,M277,电缆结构材料与敷设,电网与电力系统,宽泛待细分,电网与电力系统,宽泛待细分,保留独立类群
B278,278,风电发电机与并网控制,M278,风电发电机与并网控制,风能与水能海洋能源,方向候选,风能与水能海洋能源,方向候选,保留独立类群
B279,279,锂离子电池负极材料,M279,锂离子电池负极材料,电化学储能,方向候选,电化学储能,方向候选,保留独立类群
B280,280,分子生物学与医学机制,M280,分子生物学与医学机制,其他基础与关联学科,外围或非研究文本,其他基础与关联学科,外围或非研究文本,保留独立类群
B281,281,整体电催化水分解,M281,整体电催化水分解,氢能与燃料电池,方向候选,氢能与燃料电池,方向候选,保留独立类群
B282,282,光伏支架与组件机械固定,M282,光伏支架与组件机械固定,太阳能,方向候选,太阳能,方向候选,保留独立类群
B283,283,航空器无人机设计与飞控,M283,航空器无人机设计与飞控,其他基础与关联学科,关联基础研究,其他基础与关联学科,关联基础研究,保留独立类群
B284,284,电机磁路转子与铁芯设计,M284,电机磁路转子与铁芯设计,电力电子与电机,宽泛待细分,电力电子与电机,宽泛待细分,保留独立类群
B285,285,金融投资与风险经济,M285,金融投资与风险经济,其他基础与关联学科,关联基础研究,其他基础与关联学科,关联基础研究,保留独立类群
B286,286,油路液压与油浸电气装置,M286,油路液压与油浸电气装置,制造与通用装置,混杂待重分,制造与通用装置,混杂待重分,保留独立类群
B287,287,能源标准化许可与专项监管,M287,能源标准化许可与专项监管,能源政策与治理,宽泛待细分,能源政策与治理,宽泛待细分,保留独立类群
B288,288,热泵换热器与热管理设计,M288,热泵换热器与热管理设计,热工与能效,宽泛待细分,热工与能效,宽泛待细分,保留独立类群
B289,289,燃料电池铂基催化剂,M289,燃料电池铂基催化剂,氢能与燃料电池,方向候选,氢能与燃料电池,方向候选,保留独立类群
B290,290,核裂变聚变与核电工程,M290,核裂变聚变与核电工程,核能与等离子体,宽泛待细分,核能与等离子体,宽泛待细分,保留独立类群
B291,291,多体系电池配方与器件,M291,多体系电池配方与器件,电化学储能,混杂待重分,电化学储能,混杂待重分,保留独立类群
B292,292,锌基硫族及氧化物薄膜,M292,锌基硫族及氧化物薄膜,能源材料与电化学基础,关联基础研究,能源材料与电化学基础,关联基础研究,保留独立类群
B293,293,铁氧化物磁性纳米材料,M293,铁氧化物磁性纳米材料,能源材料与电化学基础,关联基础研究,能源材料与电化学基础,关联基础研究,保留独立类群
B294,294,瓶装液化石油气价格政策,M294,瓶装液化石油气价格政策,能源政策与治理,政策类群,能源政策与治理,政策类群,保留独立类群
B295,295,仿真软件硬件在环与教学平台,M295,仿真软件硬件在环与教学平台,数字技术与测量,宽泛待细分,数字技术与测量,宽泛待细分,保留独立类群
B296,296,电池系统管理与全寿命利用,M296,电池系统管理与全寿命利用,电化学储能,宽泛待细分,电化学储能,宽泛待细分,保留独立类群
B297,297,电池管理与均衡控制,M297,电池管理与均衡控制,电化学储能,方向候选,电化学储能,方向候选,保留独立类群
B298,298,光学薄膜与发光表征,M298,光学薄膜与发光表征,能源材料与电化学基础,关联基础研究,能源材料与电化学基础,关联基础研究,保留独立类群
B299,299,供水管网水力状态与节能调度,M299,供水管网水力状态与节能调度,热工与能效,方向候选,热工与能效,方向候选,保留独立类群
B300,300,综合能源系统协同调度与优化,M260,综合能源系统协同管理与优化调度,电网与电力系统,宽泛待细分,电网与电力系统,宽泛待细分,两簇的文献及专利中心共同涉及综合能源系统、多能源互补、需求响应、能量枢纽与多目标调度；簇260两篇文献和簇300中心正文研究任务直接重合。合并为同层的宽泛综合能源系统方向，不再扩并微电网协调、储能控制等其他类群；太阳能烹饪、公交充放电等边界混入仍未逐条修复。
B301,301,废旧锂电池回收与材料再生,M301,废旧锂电池回收、分离与材料再生,电化学储能,方向候选,电化学储能,方向候选,簇301文献与簇437专利均以废旧锂电池中锂及过渡金属回收、正负极分离和直接修复为目标；文献的回收综述、拆解过程与专利的浸出和再生工艺属于同一生命周期阶段。来源不同不另列方向；不并入一般有价金属浸出簇057或原生电极材料制备簇174。
B302,302,场效应晶体管结构与建模,M302,场效应晶体管结构与建模,电力电子与电机,宽泛待细分,电力电子与电机,宽泛待细分,保留独立类群
B303,303,温度测量监测与温控装置,M303,温度测量监测与温控装置,数字技术与测量,宽泛待细分,数字技术与测量,宽泛待细分,保留独立类群
B304,304,出版商模板干扰的多能源文本,M304,出版商模板干扰的多能源文本,其他基础与关联学科,混杂待重分,其他基础与关联学科,混杂待重分,保留独立类群
B305,305,半导体离子注入与辐照缺陷,M305,半导体离子注入与辐照缺陷,能源材料与电化学基础,关联基础研究,能源材料与电化学基础,关联基础研究,保留独立类群
B306,306,制冷循环与余热驱动制冷,M306,制冷循环与余热驱动制冷,热工与能效,宽泛待细分,热工与能效,宽泛待细分,保留独立类群
B307,307,照明灯具与光学部件,M307,照明灯具与光学部件,电力电子与电机,宽泛待细分,电力电子与电机,宽泛待细分,保留独立类群
B308,308,二氧化钛纳米材料与应用,M308,二氧化钛纳米结构制备与基础应用,能源材料与电化学基础,关联基础研究,能源材料与电化学基础,关联基础研究,两簇均跨越TiO2形貌、晶相、表面制备及复合材料，随机/边界正文互相覆盖负载催化、碳复合电极和水热生长，没有稳定的纳米结构/晶相分界。合并保留关联基础研究属性；与光催化应用类群112/438仍有内容交叠，不能据此宣称目录已互斥或均为能源研究。
B309,309,电气设备防护监测及杂项装置,M309,电气设备防护监测及杂项装置,电网与电力系统,混杂待重分,电网与电力系统,混杂待重分,保留独立类群
B310,310,电能质量谐波检测与信号分析,M310,电能质量谐波检测与信号分析,电网与电力系统,方向候选,电网与电力系统,方向候选,保留独立类群
B311,311,对流換热与换热器热工分析,M311,对流換热与换热器热工分析,热工与能效,宽泛待细分,热工与能效,宽泛待细分,保留独立类群
B312,312,变电站自动化与电网监控,M312,变电站自动化与电网监控,电网与电力系统,宽泛待细分,电网与电力系统,宽泛待细分,保留独立类群
B313,313,电动车辆及充电系统装置,M313,电动车辆及充电系统装置,交通与充电,宽泛待细分,交通与充电,宽泛待细分,保留独立类群
B314,314,复合氧化物合成与电化学性质,M314,复合氧化物合成与电化学性质,能源材料与电化学基础,混杂待重分,能源材料与电化学基础,混杂待重分,保留独立类群
B315,315,变换器与电机变压器保护混合,M315,变换器与电机变压器保护混合,电力电子与电机,混杂待重分,电力电子与电机,混杂待重分,保留独立类群
B316,316,书目碎片封面与其他非研究文本,M316,书目碎片封面与其他非研究文本,其他基础与关联学科,外围或非研究文本,其他基础与关联学科,外围或非研究文本,保留独立类群
B317,317,电力系统频率控制及通用控制方法,M317,电力系统频率控制及通用控制方法,电网与电力系统,混杂待重分,电网与电力系统,混杂待重分,保留独立类群
B318,318,多体系电催化剂与电池材料制备,M318,多体系电催化剂与电池材料制备,能源材料与电化学基础,混杂待重分,能源材料与电化学基础,混杂待重分,保留独立类群
B319,319,中国能源转型与区域低碳经济,M319,中国能源转型与区域低碳经济,能源政策与治理,宽泛待细分,能源政策与治理,宽泛待细分,保留独立类群
B320,320,多种燃料燃烧与排放评估,M320,多种燃料燃烧与排放评估,化石能源,宽泛待细分,化石能源,宽泛待细分,保留独立类群
B321,321,溶剂萃取与化学分离,M321,溶剂萃取与化学分离,能源材料与电化学基础,关联基础研究,能源材料与电化学基础,关联基础研究,保留独立类群
B322,322,时钟同步与时延建模,M322,时钟同步与时延建模,数字技术与测量,关联基础研究,数字技术与测量,关联基础研究,保留独立类群
B323,323,等离子体动力学与磁约束,M323,等离子体动力学与磁约束,核能与等离子体,宽泛待细分,核能与等离子体,宽泛待细分,保留独立类群
B324,324,二氧化碳捕集材料与工艺,M324,二氧化碳捕集材料与工艺,碳与环境,宽泛待细分,碳与环境,宽泛待细分,保留独立类群
B325,325,海上风电平台与波浪能装置,M325,海上风电平台与波浪能装置,风能与水能海洋能源,混杂待重分,风能与水能海洋能源,混杂待重分,保留独立类群
B326,326,有机光伏器件与性能,M158,有机光伏材料、器件与载流子输运,太阳能,方向候选,太阳能,宽泛待细分,两簇均围绕聚合物/富勒烯异质结有机光伏、导电透明电极及器件性能，中心和随机正文呈现相同材料—器件研究链。没有足够证据把有机太阳能电池与organic photovoltaics另列。保留宽泛状态及钙钛矿空穴层、无机光电化学等混入提示；跨晶体管等器件的有机半导体基础簇243不并入。
B327,327,硫化物固态电解质与锂硫材料混合,M327,硫化物固态电解质与锂硫材料混合,电化学储能,混杂待重分,电化学储能,混杂待重分,保留独立类群
B328,328,林业经营与森林资源利用,M328,林业经营与森林资源利用,生物质与资源循环,宽泛待细分,生物质与资源循环,宽泛待细分,保留独立类群
B329,329,多体系纳米结构与复合材料,M329,多体系纳米结构与复合材料,能源材料与电化学基础,关联基础研究,能源材料与电化学基础,关联基础研究,保留独立类群
B330,330,锅炉气化与工业余热回收装置,M330,锅炉气化与工业余热回收装置,热工与能效,混杂待重分,热工与能效,混杂待重分,保留独立类群
B331,331,心血管及其他临床医学研究,M331,心血管及其他临床医学研究,其他基础与关联学科,外围或非研究文本,其他基础与关联学科,外围或非研究文本,保留独立类群
B332,332,风速与风电出力预测,M332,风速与风电出力预测,风能与水能海洋能源,方向候选,风能与水能海洋能源,方向候选,保留独立类群
B333,333,太阳能集热器与光热利用,M333,太阳能集热器与光热利用,太阳能,宽泛待细分,太阳能,宽泛待细分,保留独立类群
B334,334,电机驱动与机械传动装置,M334,电机驱动与机械传动装置,电力电子与电机,宽泛待细分,电力电子与电机,宽泛待细分,保留独立类群
B335,335,太阳能界面蒸发与海水淡化,M335,太阳能界面蒸发与海水淡化,太阳能,方向候选,太阳能,方向候选,保留独立类群
B336,336,能效标识与多类财税结算政策混合,M336,能效标识与多类财税结算政策混合,能源政策与治理,混杂待重分,能源政策与治理,混杂待重分,保留独立类群
B337,337,可编程芯片与实时硬件实现,M337,可编程芯片与实时硬件实现,数字技术与测量,宽泛待细分,数字技术与测量,宽泛待细分,保留独立类群
B338,338,网格数值计算与跨领域仿真混合,M338,网格数值计算与跨领域仿真混合,其他基础与关联学科,混杂待重分,其他基础与关联学科,混杂待重分,保留独立类群
B339,339,钴基氧化物电催化与储能材料,M339,钴基氧化物电催化与储能材料,能源材料与电化学基础,宽泛待细分,能源材料与电化学基础,宽泛待细分,保留独立类群
B340,340,供电连接与电源电路装置,M340,供电连接与电源电路装置,电力电子与电机,宽泛待细分,电力电子与电机,宽泛待细分,保留独立类群
B341,341,硅碳负极材料与制备,M341,硅碳负极材料与制备,电化学储能,方向候选,电化学储能,方向候选,保留独立类群
B342,342,光伏跟踪与太阳能装置控制,M342,光伏跟踪与太阳能装置控制,太阳能,宽泛待细分,太阳能,宽泛待细分,保留独立类群
B343,343,相变储热材料与传热增强,M343,相变储热材料与传热增强,热工与能效,方向候选,热工与能效,方向候选,保留独立类群
B344,344,关键矿产供给与采矿资源,M344,关键矿产供给与采矿资源,其他基础与关联学科,关联基础研究,其他基础与关联学科,关联基础研究,保留独立类群
B345,345,甲醇电氧化与贵金属催化剂,M345,甲醇电氧化与贵金属催化剂,氢能与燃料电池,方向候选,氢能与燃料电池,方向候选,保留独立类群
B346,346,层状二维材料电子及声子性质,M346,层状二维材料电子及声子性质,能源材料与电化学基础,关联基础研究,能源材料与电化学基础,关联基础研究,保留独立类群
B347,347,生物质热解气化与水热转化,M347,生物质热解气化与水热转化,生物质与资源循环,宽泛待细分,生物质与资源循环,宽泛待细分,保留独立类群
B348,348,锂电池热行为与安全机制,M348,锂电池热行为与安全机制,电化学储能,宽泛待细分,电化学储能,宽泛待细分,保留独立类群
B349,349,电池热管理排气与壳体安全装置,M349,电池热管理排气与壳体安全装置,电化学储能,宽泛待细分,电化学储能,宽泛待细分,保留独立类群
B350,350,共轭高分子与光电复合材料,M350,共轭高分子与光电复合材料,能源材料与电化学基础,关联基础研究,能源材料与电化学基础,关联基础研究,保留独立类群
B351,351,离子交换膜传输及电化学应用,M351,离子交换膜传输及电化学应用,能源材料与电化学基础,宽泛待细分,能源材料与电化学基础,宽泛待细分,保留独立类群
B352,352,欧洲能源转型与一般区域政治混合,M352,欧洲能源转型与一般区域政治混合,能源政策与治理,混杂待重分,能源政策与治理,混杂待重分,保留独立类群
B353,353,智能电网信息安全与韧性,M353,智能电网信息安全与韧性,电网与电力系统,宽泛待细分,电网与电力系统,宽泛待细分,保留独立类群
B354,354,二硫化钼等二维材料与器件,M354,二硫化钼等二维材料与器件,能源材料与电化学基础,关联基础研究,能源材料与电化学基础,关联基础研究,保留独立类群
B355,355,能源地缘政治与一般国际关系混合,M355,能源地缘政治与一般国际关系混合,能源政策与治理,混杂待重分,能源政策与治理,混杂待重分,保留独立类群
B356,356,输配电线路视觉巡检与无人机检测,M356,输配电线路视觉巡检与无人机检测,电网与电力系统,方向候选,电网与电力系统,方向候选,保留独立类群
B357,357,机械摩擦传动与力学测量,M357,机械摩擦传动与力学测量,制造与通用装置,宽泛待细分,制造与通用装置,宽泛待细分,保留独立类群
B358,358,能源发展规划与综合指导政策,M358,能源发展规划与综合指导政策,能源政策与治理,政策类群,能源政策与治理,政策类群,保留独立类群
B359,359,可再生能源发展与多技术评价,M359,可再生能源发展与多技术评价,能源政策与治理,宽泛待细分,能源政策与治理,宽泛待细分,保留独立类群
B360,360,染料敏化太阳能电池器件与制备,M360,染料敏化太阳能电池材料与器件,太阳能,方向候选,太阳能,方向候选,两簇共享DSSC器件、染料敏化、TiO2光阳极及效率改进；簇360的固态及塑料基底DSSC与簇384补查的混合染料DSSC正文都覆盖电极、染料及器件性能，现有样本不支持稳定的材料/器件分界。钙钛矿光伏及太阳能制氢边界混入明确保留，不据合并宣称全簇纯净。
B361,361,电力知识处理与智能决策系统,M361,电力知识处理与智能决策系统,数字技术与测量,宽泛待细分,数字技术与测量,宽泛待细分,保留独立类群
B362,362,水泥混凝土性能与碳化,M362,水泥混凝土性能与碳化,能源材料与电化学基础,关联基础研究,能源材料与电化学基础,关联基础研究,保留独立类群
B363,363,非贵金属氧还原电催化材料,M363,非贵金属氧还原电催化材料,能源材料与电化学基础,方向候选,能源材料与电化学基础,方向候选,保留独立类群
B364,364,充电基础设施与公用事业接入政策混合,M364,充电基础设施与公用事业接入政策混合,能源政策与治理,混杂待重分,能源政策与治理,混杂待重分,保留独立类群
B365,365,多孔碳材料及储能环境应用,M365,多孔碳材料及储能环境应用,能源材料与电化学基础,宽泛待细分,能源材料与电化学基础,宽泛待细分,保留独立类群
B366,366,机械装配传动与电气部件混合,M366,机械装配传动与电气部件混合,制造与通用装置,混杂待重分,制造与通用装置,混杂待重分,保留独立类群
B367,367,荧光粉与掺杂发光材料,M367,荧光粉组分调控与发光性质,能源材料与电化学基础,关联基础研究,能源材料与电化学基础,关联基础研究,簇367多个中心标题均为Eu等离子掺杂荧光粉结构及发光性质，与簇403含正文的固溶体荧光粉及随机Dy/Sm样本一致。簇367现存样本多无摘要，决定以多个中心标题和可读旁证为限，不声称完成充分正文验证；有机发光、二维GaS及光催化混入保留在基础研究风险中。
B368,368,镉基硫族半导体与量子点,M368,镉基硫族半导体与量子点,能源材料与电化学基础,关联基础研究,能源材料与电化学基础,关联基础研究,保留独立类群
B369,369,有机场效应晶体管,M369,有机场效应晶体管,能源材料与电化学基础,关联基础研究,能源材料与电化学基础,关联基础研究,保留独立类群
B370,370,电力通信与无线传输装置,M370,电力通信与无线传输装置,数字技术与测量,宽泛待细分,数字技术与测量,宽泛待细分,保留独立类群
B371,371,功能纤维复合材料与织物,M371,功能纤维复合材料与织物,能源材料与电化学基础,关联基础研究,能源材料与电化学基础,关联基础研究,保留独立类群
B372,372,铁化合物反应与材料应用,M372,铁化合物反应与材料应用,能源材料与电化学基础,关联基础研究,能源材料与电化学基础,关联基础研究,保留独立类群
B373,373,铀钍及稀土分离提取,M373,铀钍及稀土分离提取,能源材料与电化学基础,宽泛待细分,能源材料与电化学基础,宽泛待细分,保留独立类群
B374,374,多体系二次电池材料与电解液综述,M374,多体系二次电池材料与电解液综述,电化学储能,宽泛待细分,电化学储能,宽泛待细分,保留独立类群
B375,375,电池状态测量与诊断装置,M375,电池状态测量与诊断装置,电化学储能,方向候选,电化学储能,方向候选,保留独立类群
B376,376,太阳辐射测量估算与大气影响,M376,太阳辐射测量估算与大气影响,太阳能,宽泛待细分,太阳能,宽泛待细分,保留独立类群
B377,377,电力节能与新能源应用泛论,M377,电力节能与新能源应用泛论,电网与电力系统,宽泛待细分,电网与电力系统,宽泛待细分,保留独立类群
B378,378,电源变流电路与电压控制装置,M378,电源变流电路与电压控制装置,电力电子与电机,宽泛待细分,电力电子与电机,宽泛待细分,保留独立类群
B379,379,电池包与模组结构装置,M379,电池包与模组结构装置,电化学储能,方向候选,电化学储能,方向候选,保留独立类群
B380,380,永磁同步电机设计与控制,M380,永磁同步电机设计与控制,电力电子与电机,宽泛待细分,电力电子与电机,宽泛待细分,保留独立类群
B381,381,电气设备散热冷却结构,M381,电气设备散热冷却结构,热工与能效,宽泛待细分,热工与能效,宽泛待细分,保留独立类群
B382,382,换热器热泵与储热装置混合,M382,换热器热泵与储热装置混合,热工与能效,混杂待重分,热工与能效,混杂待重分,保留独立类群
B383,383,纳米流体传热性质与强化,M383,纳米流体传热性质与强化,热工与能效,方向候选,热工与能效,方向候选,保留独立类群
B384,384,染料敏化太阳能电池材料与性能,M360,染料敏化太阳能电池材料与器件,太阳能,方向候选,太阳能,方向候选,两簇共享DSSC器件、染料敏化、TiO2光阳极及效率改进；簇360的固态及塑料基底DSSC与簇384补查的混合染料DSSC正文都覆盖电极、染料及器件性能，现有样本不支持稳定的材料/器件分界。钙钛矿光伏及太阳能制氢边界混入明确保留，不据合并宣称全簇纯净。
B385,385,锅炉蒸汽系统与汽轮机运行,M385,锅炉蒸汽系统与汽轮机运行,热工与能效,宽泛待细分,热工与能效,宽泛待细分,保留独立类群
B386,386,天然气管网供给与市场治理,M386,天然气管网供给与市场治理,化石能源,宽泛待细分,化石能源,宽泛待细分,保留独立类群
B387,387,光伏发电功率预测方法与装置,M387,光伏发电功率预测方法与装置,太阳能,方向候选,太阳能,方向候选,保留独立类群
B388,388,碳纳米管与碳基纳米复合材料,M388,碳纳米管、纳米纤维与功能复合材料,能源材料与电化学基础,关联基础研究,能源材料与电化学基础,关联基础研究,两簇主题词及多个中心/随机样本共同涉及CNT/CNF合成、聚合物包覆和电化学功能化；簇452补查专利正文支持CNT导电剂与复合纤维，与簇388的碳基纳米结构及电极应用一致。合并保留基础材料层级；簇388的无碳薄膜光伏及石墨烯等越界记录仍未修复，不能按全部计为碳纳米管热点证据。
B389,389,交通运输车辆与燃料效率,M389,交通运输车辆与燃料效率,交通与充电,宽泛待细分,交通与充电,宽泛待细分,保留独立类群
B390,390,电缆桥架支撑与线束安装,M390,电缆桥架支撑与线束安装,电网与电力系统,宽泛待细分,电网与电力系统,宽泛待细分,保留独立类群
B391,391,辐照材料损伤与稳定性,M391,辐照材料损伤与稳定性,核能与等离子体,宽泛待细分,核能与等离子体,宽泛待细分,保留独立类群
B392,392,感应电机运行控制与性能,M392,感应电机运行控制与性能,电力电子与电机,方向候选,电力电子与电机,方向候选,保留独立类群
B393,393,有机发光二极管与发光材料,M393,有机发光二极管与发光材料,能源材料与电化学基础,关联基础研究,能源材料与电化学基础,关联基础研究,保留独立类群
B394,394,风电机组变桨偏航与运行控制,M394,风电机组变桨偏航与运行控制,风能与水能海洋能源,方向候选,风能与水能海洋能源,方向候选,保留独立类群
B395,395,计算流体力学与多相流,M395,计算流体力学与多相流,热工与能效,关联基础研究,热工与能效,关联基础研究,保留独立类群
B396,396,开关谐振及功率调节电路,M396,开关谐振及功率调节电路,电力电子与电机,宽泛待细分,电力电子与电机,宽泛待细分,保留独立类群
B397,397,水力发电与水轮机系统,M397,水力发电与水轮机系统,风能与水能海洋能源,宽泛待细分,风能与水能海洋能源,宽泛待细分,保留独立类群
B398,398,电网电压无功与多目标运行优化,M398,电网电压无功与多目标运行优化,电网与电力系统,宽泛待细分,电网与电力系统,宽泛待细分,保留独立类群
B399,399,配位化学与分子晶体结构,M399,配位化学与分子晶体结构,能源材料与电化学基础,关联基础研究,能源材料与电化学基础,关联基础研究,保留独立类群
B400,400,电力负荷需求与电价预测,M400,电力负荷需求与电价预测,电网与电力系统,宽泛待细分,电网与电力系统,宽泛待细分,保留独立类群
B401,401,纳米材料热传导与热管理,M401,纳米材料热传导与热管理,热工与能效,关联基础研究,热工与能效,关联基础研究,保留独立类群
B402,402,转写词与文本质量干扰的跨学科混杂,M402,转写词与文本质量干扰的跨学科混杂,其他基础与关联学科,混杂待重分,其他基础与关联学科,混杂待重分,保留独立类群
B403,403,荧光粉发光性能与组分调控,M367,荧光粉组分调控与发光性质,能源材料与电化学基础,关联基础研究,能源材料与电化学基础,关联基础研究,簇367多个中心标题均为Eu等离子掺杂荧光粉结构及发光性质，与簇403含正文的固溶体荧光粉及随机Dy/Sm样本一致。簇367现存样本多无摘要，决定以多个中心标题和可读旁证为限，不声称完成充分正文验证；有机发光、二维GaS及光催化混入保留在基础研究风险中。
B404,404,风机发电装置与机舱结构,M404,风机发电装置与机舱结构,风能与水能海洋能源,宽泛待细分,风能与水能海洋能源,宽泛待细分,保留独立类群
B405,405,锌锆系及其他无机纳米材料,M405,锌锆系及其他无机纳米材料,能源材料与电化学基础,混杂待重分,能源材料与电化学基础,混杂待重分,保留独立类群
B406,406,可见光催化材料与反应,M406,可见光催化材料与反应,能源材料与电化学基础,宽泛待细分,能源材料与电化学基础,宽泛待细分,保留独立类群
B407,407,分类算法与跨领域技术文本混合,M407,分类算法与跨领域技术文本混合,数字技术与测量,混杂待重分,数字技术与测量,混杂待重分,保留独立类群
B408,408,期刊会议索引与出版信息,M408,期刊会议索引与出版信息,其他基础与关联学科,外围或非研究文本,其他基础与关联学科,外围或非研究文本,保留独立类群
B409,409,晶格声子热输运与热膨胀,M409,晶格声子热输运与热膨胀,能源材料与电化学基础,关联基础研究,能源材料与电化学基础,关联基础研究,保留独立类群
B410,410,汽车技术产品与零部件资讯,M410,汽车技术产品与零部件资讯,交通与充电,外围或非研究文本,交通与充电,外围或非研究文本,保留独立类群
B411,411,空调系统与能效控制装置,M411,空调系统与能效控制装置,热工与能效,方向候选,热工与能效,方向候选,保留独立类群
B412,412,群智能与多目标优化算法,M412,群智能与多目标优化算法,数字技术与测量,关联基础研究,数字技术与测量,关联基础研究,保留独立类群
B413,413,结构基础抗震与工程力学,M413,结构基础抗震与工程力学,制造与通用装置,关联基础研究,制造与通用装置,关联基础研究,保留独立类群
B414,414,水系锌电池负极及界面稳定,M414,水系锌电池负极及界面稳定,电化学储能,方向候选,电化学储能,方向候选,保留独立类群
B415,415,配电网重构与优化运行,M415,配电网重构与优化运行,电网与电力系统,方向候选,电网与电力系统,方向候选,保留独立类群
B416,416,氢氦在材料中的扩散与相互作用,M416,氢氦在材料中的扩散与相互作用,能源材料与电化学基础,关联基础研究,能源材料与电化学基础,关联基础研究,保留独立类群
B417,417,沸石硅基及多孔材料合成,M417,沸石硅基及多孔材料合成,能源材料与电化学基础,关联基础研究,能源材料与电化学基础,关联基础研究,保留独立类群
B418,418,清洗清扫与净化装置混合,M418,清洗清扫与净化装置混合,制造与通用装置,混杂待重分,制造与通用装置,混杂待重分,保留独立类群
B419,419,质子交换膜燃料电池运行与建模,M419,质子交换膜燃料电池运行与建模,氢能与燃料电池,方向候选,氢能与燃料电池,方向候选,保留独立类群
B420,420,电力故障检测定位及诊断,M101,电力设备与线路故障检测、定位和诊断,电网与电力系统,宽泛待细分,电网与电力系统,宽泛待细分,三簇共同研究电力设备及线路的信号特征、故障识别、定位与诊断；配电网电弧接地检测、光伏接入配网诊断和架空线路故障分类在对象及任务上重合。文献/专利表达差异不足以形成独立方向。合并仅消除这一层的重复，保留多设备宽泛状态；汽车传动、软开关控制及钢丝绳缺陷等越界样本未被重分。
B421,421,二次电池正极活性材料,M421,二次电池正极活性材料,电化学储能,方向候选,电化学储能,方向候选,保留独立类群
B422,422,多孔介质两相流与界面润湿,M422,多孔介质两相流与界面润湿,热工与能效,关联基础研究,热工与能效,关联基础研究,保留独立类群
B423,423,林木育种栽培与植物生产,M423,林木育种栽培与植物生产,生物质与资源循环,关联基础研究,生物质与资源循环,关联基础研究,保留独立类群
B424,424,二氧化钛晶相制备与复合材料,M308,二氧化钛纳米结构制备与基础应用,能源材料与电化学基础,关联基础研究,能源材料与电化学基础,关联基础研究,两簇均跨越TiO2形貌、晶相、表面制备及复合材料，随机/边界正文互相覆盖负载催化、碳复合电极和水热生长，没有稳定的纳米结构/晶相分界。合并保留关联基础研究属性；与光催化应用类群112/438仍有内容交叠，不能据此宣称目录已互斥或均为能源研究。
B425,425,晶体生长结构与性质,M425,晶体生长结构与性质,能源材料与电化学基础,关联基础研究,能源材料与电化学基础,关联基础研究,保留独立类群
B426,426,固体氧化物电解池与可逆电化学单元,M426,固体氧化物电解池与可逆电化学单元,氢能与燃料电池,方向候选,氢能与燃料电池,方向候选,保留独立类群
B427,427,通用信息管理与软件系统,M427,通用信息管理与软件系统,数字技术与测量,外围或非研究文本,数字技术与测量,外围或非研究文本,保留独立类群
B428,428,聚合物气凝胶与复合材料,M428,聚合物气凝胶与复合材料,能源材料与电化学基础,关联基础研究,能源材料与电化学基础,关联基础研究,保留独立类群
B429,429,碳化硅功率半导体器件,M429,碳化硅功率半导体器件,电力电子与电机,方向候选,电力电子与电机,方向候选,保留独立类群
B430,430,柴油机及多燃料内燃机性能,M430,柴油机及多燃料内燃机性能,化石能源,宽泛待细分,化石能源,宽泛待细分,保留独立类群
B431,431,配电网规划运行与配置方法,M431,配电网规划运行与配置方法,电网与电力系统,宽泛待细分,电网与电力系统,宽泛待细分,保留独立类群
B432,432,气候变化适应与社会经济政策,M432,气候变化适应与社会经济政策,碳与环境,宽泛待细分,碳与环境,宽泛待细分,保留独立类群
B433,433,硅系半导体加工与材料性质,M433,硅系半导体加工与材料性质,能源材料与电化学基础,关联基础研究,能源材料与电化学基础,关联基础研究,保留独立类群
B434,434,巡检机器人与自主移动装置,M434,巡检机器人与自主移动装置,电网与电力系统,宽泛待细分,电网与电力系统,宽泛待细分,保留独立类群
B435,435,太阳能光热及光伏光热系统,M435,太阳能光热及光伏光热系统,太阳能,宽泛待细分,太阳能,宽泛待细分,保留独立类群
B436,436,通用电气工程应用与技术资料,M436,通用电气工程应用与技术资料,电网与电力系统,宽泛待细分,电网与电力系统,宽泛待细分,保留独立类群
B437,437,废旧锂电池材料回收与修复工艺,M301,废旧锂电池回收、分离与材料再生,电化学储能,方向候选,电化学储能,方向候选,簇301文献与簇437专利均以废旧锂电池中锂及过渡金属回收、正负极分离和直接修复为目标；文献的回收综述、拆解过程与专利的浸出和再生工艺属于同一生命周期阶段。来源不同不另列方向；不并入一般有价金属浸出簇057或原生电极材料制备簇174。
B438,438,二氧化钛光催化与污染物降解,M112,二氧化钛光催化材料与反应,碳与环境,方向候选,能源材料与电化学基础,宽泛待细分,两簇均以TiO2基复合或改性光催化剂及活性提升为中心，标题样本的水净化和补查正文的加替沙星降解与簇438的有机污染物降解直接重合。没有稳定证据将材料改性与催化性能作为互斥类群。两簇仍含光电探测、制氢及其他边界记录，合并名称不限定为纯污染物降解，状态保留宽泛。
B439,439,固废电子废物回收与处置,M439,固废电子废物回收与处置,生物质与资源循环,宽泛待细分,生物质与资源循环,宽泛待细分,保留独立类群
B440,440,磁性材料与铁氧体磁学,M440,磁性材料与铁氧体磁学,能源材料与电化学基础,关联基础研究,能源材料与电化学基础,关联基础研究,保留独立类群
B441,441,电力系统电磁暂态与实时仿真,M441,电力系统电磁暂态与实时仿真,电网与电力系统,方向候选,电网与电力系统,方向候选,保留独立类群
B442,442,电池负极储能材料与储氢材料混合,M442,电池负极储能材料与储氢材料混合,能源材料与电化学基础,混杂待重分,能源材料与电化学基础,混杂待重分,保留独立类群
B443,443,电机驱动控制方法与装置,M443,电机驱动控制方法与装置,电力电子与电机,宽泛待细分,电力电子与电机,宽泛待细分,保留独立类群
B444,444,风电功率预测与状态监测混合,M444,风电功率预测与状态监测混合,风能与水能海洋能源,混杂待重分,风能与水能海洋能源,混杂待重分,保留独立类群
B445,445,风电光伏项目建设与扶持政策,M445,风电光伏项目建设与扶持政策,能源政策与治理,政策类群,能源政策与治理,政策类群,保留独立类群
B446,446,智能电表物联网与用能监测,M446,智能电表物联网与用能监测,电网与电力系统,宽泛待细分,电网与电力系统,宽泛待细分,保留独立类群
B447,447,钠离子电池电极材料,M447,钠离子电池电极材料,电化学储能,方向候选,电化学储能,方向候选,保留独立类群
B448,448,矿物岩石与黏土性质,M448,矿物岩石与黏土性质,其他基础与关联学科,关联基础研究,其他基础与关联学科,关联基础研究,保留独立类群
B449,449,电力设备数据诊断与异常检测,M449,电力设备数据诊断与异常检测,电网与电力系统,宽泛待细分,电网与电力系统,宽泛待细分,保留独立类群
B450,450,电气化铁路牵引与供电,M450,电气化铁路牵引与供电,交通与充电,方向候选,交通与充电,方向候选,保留独立类群
B451,451,铜基硫族薄膜与光伏吸收材料,M451,铜基硫族薄膜与光伏吸收材料,太阳能,方向候选,太阳能,方向候选,保留独立类群
B452,452,碳纳米管纳米纤维及功能化,M388,碳纳米管、纳米纤维与功能复合材料,能源材料与电化学基础,关联基础研究,能源材料与电化学基础,关联基础研究,两簇主题词及多个中心/随机样本共同涉及CNT/CNF合成、聚合物包覆和电化学功能化；簇452补查专利正文支持CNT导电剂与复合纤维，与簇388的碳基纳米结构及电极应用一致。合并保留基础材料层级；簇388的无碳薄膜光伏及石墨烯等越界记录仍未修复，不能按全部计为碳纳米管热点证据。
B453,453,二次电池电解液添加剂与配方,M453,二次电池电解液添加剂与配方,电化学储能,方向候选,电化学储能,方向候选,保留独立类群
B454,454,能源专项监管与企业整改公告,M454,能源专项监管与企业整改公告,能源政策与治理,政策类群,能源政策与治理,政策类群,保留独立类群
B455,455,建筑能效与居民供热用能,M455,建筑能效与居民供热用能,热工与能效,宽泛待细分,热工与能效,宽泛待细分,保留独立类群
B456,456,通用计算硬件接口与电子系统,M456,通用计算硬件接口与电子系统,数字技术与测量,关联基础研究,数字技术与测量,关联基础研究,保留独立类群
B457,457,雷电电磁场与天体物理混合,M457,雷电电磁场与天体物理混合,其他基础与关联学科,混杂待重分,其他基础与关联学科,混杂待重分,保留独立类群
B458,458,电力扰动孤岛及异常识别算法,M458,电力扰动孤岛及异常识别算法,电网与电力系统,宽泛待细分,电网与电力系统,宽泛待细分,保留独立类群
B459,459,电力安全风险与故障预警系统,M459,电力安全风险与故障预警系统,电网与电力系统,宽泛待细分,电网与电力系统,宽泛待细分,保留独立类群
B460,460,水资源调度灌溉与水能利用,M460,水资源调度灌溉与水能利用,风能与水能海洋能源,宽泛待细分,风能与水能海洋能源,宽泛待细分,保留独立类群
B461,461,电池单体壳体与组件结构,M461,电池单体壳体与组件结构,电化学储能,宽泛待细分,电化学储能,宽泛待细分,保留独立类群
B462,462,液压泵阀与流体传动,M462,液压泵阀与流体传动,制造与通用装置,宽泛待细分,制造与通用装置,宽泛待细分,保留独立类群
B463,463,电力系统暂态电压与稳定性分析,M463,电力系统暂态电压与稳定性分析,电网与电力系统,宽泛待细分,电网与电力系统,宽泛待细分,保留独立类群
B464,464,风光储及混合能源系统配置,M464,风光储及混合能源系统配置,电网与电力系统,宽泛待细分,电网与电力系统,宽泛待细分,保留独立类群
B465,465,电机制造与通用装配装置混合,M465,电机制造与通用装配装置混合,制造与通用装置,混杂待重分,制造与通用装置,混杂待重分,保留独立类群
B466,466,聚合物电解质与电池隔膜制备,M048,电池隔膜、聚合物电解质与粘结剂,电化学储能,宽泛待细分,电化学储能,宽泛待细分,两簇均反复出现锂电池复合隔膜、原位聚合或凝胶电解质及聚合物粘结剂；例如芳纶涂覆隔膜与LATP涂层隔膜、立构复合电解质与静电纺丝凝胶电解质。无法据此建立稳定的隔膜/电解质分界，合并为已有宽泛材料类群；不并入专门的固态电解质簇049。通用胶带等边界混入仍保留风险标记。
B467,467,木材加工与木质资源利用,M467,木材加工与木质资源利用,生物质与资源循环,宽泛待细分,生物质与资源循环,宽泛待细分,保留独立类群
B468,468,污染物吸附氧化与分离,M468,污染物吸附氧化与分离,碳与环境,宽泛待细分,碳与环境,宽泛待细分,保留独立类群
B469,469,电极组件与活性材料加工,M469,电极组件与活性材料加工,电化学储能,宽泛待细分,电化学储能,宽泛待细分,保留独立类群
B470,470,电网状态估计相量测量与系统分析,M470,电网状态估计相量测量与系统分析,电网与电力系统,宽泛待细分,电网与电力系统,宽泛待细分,保留独立类群
B471,471,气固流动分离与杂项工艺混合,M471,气固流动分离与杂项工艺混合,热工与能效,混杂待重分,热工与能效,混杂待重分,保留独立类群
B472,472,钛合金陶瓷与MAX相材料,M472,钛合金陶瓷与MAX相材料,能源材料与电化学基础,关联基础研究,能源材料与电化学基础,关联基础研究,保留独立类群
B473,473,电场空间电荷与界面建模,M473,电场空间电荷与界面建模,能源材料与电化学基础,关联基础研究,能源材料与电化学基础,关联基础研究,保留独立类群
B474,474,电催化制氨与氮循环反应,M474,电催化制氨与氮循环反应,氢能与燃料电池,宽泛待细分,氢能与燃料电池,宽泛待细分,保留独立类群
B475,475,超导电力装置与故障限流,M475,超导电力装置与故障限流,电网与电力系统,方向候选,电网与电力系统,方向候选,保留独立类群
B476,476,区域供热预测与热系统建模,M476,区域供热预测与热系统建模,热工与能效,宽泛待细分,热工与能效,宽泛待细分,保留独立类群
B477,477,潜热及热化学储热系统,M477,潜热及热化学储热系统,热工与能效,宽泛待细分,热工与能效,宽泛待细分,保留独立类群
B478,478,功率因数校正与变流器电流控制,M478,功率因数校正与变流器电流控制,电力电子与电机,宽泛待细分,电力电子与电机,宽泛待细分,保留独立类群
B479,479,新能源汽车产业与推广政策,M479,新能源汽车产业与推广政策,能源政策与治理,政策类群,能源政策与治理,政策类群,保留独立类群
B480,480,燃料电池电堆与系统装置,M480,燃料电池电堆与系统装置,氢能与燃料电池,宽泛待细分,氢能与燃料电池,宽泛待细分,保留独立类群
B481,481,网络攻击检测与信息安全,M481,网络攻击检测与信息安全,数字技术与测量,宽泛待细分,数字技术与测量,宽泛待细分,保留独立类群
B482,482,燃料电池技术与固体氧化物电池,M482,燃料电池技术与固体氧化物电池,氢能与燃料电池,宽泛待细分,氢能与燃料电池,宽泛待细分,保留独立类群
B483,483,电力储能系统集成与运行装置,M483,电力储能系统集成与运行装置,电化学储能,宽泛待细分,电化学储能,宽泛待细分,保留独立类群
B484,484,风力机叶片塔架与气动结构,M484,风力机叶片塔架与气动结构,风能与水能海洋能源,方向候选,风能与水能海洋能源,方向候选,保留独立类群
B485,485,多电平逆变器拓扑与调制,M485,多电平逆变器拓扑与调制,电力电子与电机,方向候选,电力电子与电机,方向候选,保留独立类群
B486,486,二氧化碳地质封存与驱油,M486,二氧化碳地质封存与驱油,碳与环境,方向候选,碳与环境,方向候选,保留独立类群
B487,487,焦炭钙基反应与无机工艺材料混合,M487,焦炭钙基反应与无机工艺材料混合,能源材料与电化学基础,混杂待重分,能源材料与电化学基础,混杂待重分,保留独立类群
B488,488,钢铁合金腐蚀与耐蚀性能,M488,钢铁合金腐蚀与耐蚀性能,能源材料与电化学基础,关联基础研究,能源材料与电化学基础,关联基础研究,保留独立类群
B489,489,工业废水处理与电化学净化,M489,工业废水处理与电化学净化,碳与环境,方向候选,碳与环境,方向候选,保留独立类群
B490,490,节能审查与碳排放评价政策,M490,节能审查与碳排放评价政策,能源政策与治理,政策类群,能源政策与治理,政策类群,保留独立类群
B491,491,抗菌生物医用纳米材料,M491,抗菌生物医用纳米材料,其他基础与关联学科,外围或非研究文本,其他基础与关联学科,外围或非研究文本,保留独立类群
B492,492,电机绕组线圈与电磁部件,M492,电机绕组线圈与电磁部件,电力电子与电机,宽泛待细分,电力电子与电机,宽泛待细分,保留独立类群
B493,493,燃气轮机与航空发动机装置,M493,燃气轮机与航空发动机装置,化石能源,宽泛待细分,化石能源,宽泛待细分,保留独立类群
B494,494,微生物燃料电池与生物产电,M494,微生物燃料电池与生物产电,生物质与资源循环,方向候选,生物质与资源循环,方向候选,保留独立类群
B495,495,半导体光电探测器,M495,半导体光电探测器,能源材料与电化学基础,关联基础研究,能源材料与电化学基础,关联基础研究,保留独立类群
B496,496,电催化氧化还原与催化材料综述,M496,电催化氧化还原与催化材料综述,能源材料与电化学基础,宽泛待细分,能源材料与电化学基础,宽泛待细分,保留独立类群
B497,497,配电系统供电设备与可靠性,M497,配电系统供电设备与可靠性,电网与电力系统,宽泛待细分,电网与电力系统,宽泛待细分,保留独立类群
B498,498,锂钠储能负极纳米材料,M498,锂钠储能负极纳米材料,电化学储能,宽泛待细分,电化学储能,宽泛待细分,保留独立类群
B499,499,能源发展可及性与能源贫困,M499,能源发展可及性与能源贫困,能源政策与治理,宽泛待细分,能源政策与治理,宽泛待细分,保留独立类群
