category_index,category_id,category_name,documents,countable_documents,supported_documents,needs_review_documents,retracted_documents,text_cleaned_documents,semantic_label_changes,paper_documents,patent_documents,policy_documents
0,C0001,电池与充电设施热管理,2068,2067,0,2068,1,0,0,296,1772,0
1,C0002,功能传感材料与电化学检测,8079,8070,0,71,9,1,0,8049,30,0
2,C0003,电力电子控制与频率调节,6071,6070,0,6071,1,2,0,4619,1452,0
3,C0004,风能开发与风电技术经济,16789,16781,0,16789,8,7,0,16787,1,1
4,C0005,钙钛矿氧化物电催化,6707,6706,0,1253,1,31,0,6707,0,0
5,C0006,电网建设与供电服务政策,891,891,12,879,0,0,2,511,6,374
6,C0007,层状电池正极与离子导体,10778,10777,0,10778,1,35,0,10760,18,0
7,C0008,电极涂布与通用成形加工,2640,2640,0,2640,0,0,0,1180,1460,0
8,C0009,二氧化碳电还原催化,18060,18055,6922,2416,5,24,3147,18050,10,0
9,C0010,土壤碳过程与土壤改良,8771,8770,0,144,1,4,0,8759,12,0
10,C0011,光催化与光生物制氢,8403,8398,0,8403,5,18,0,8398,5,0
11,C0012,聚合物介电绝缘与储能,8560,8554,0,8560,6,1,0,8541,19,0
12,C0013,集成电路与电子封装,6305,6303,0,6305,2,0,0,6045,260,0
13,C0014,电池单体模组及用电器件混合,2653,2653,0,2653,0,0,0,31,2622,0
14,C0015,通用机器学习与优化算法,12972,12938,0,120,34,0,0,12972,0,0
15,C0016,生物质能源利用与可持续性,14627,14622,0,14627,5,9,0,14617,4,6
16,C0017,电磁场耦合与电磁换能,11236,11233,0,11236,3,1,0,11205,31,0
17,C0018,电力智能算法与多场景辨识,5803,5798,0,5803,5,0,0,4257,1546,0
18,C0019,太阳能采集光学与空间应用,12392,12385,0,12392,7,1,0,12366,26,0
19,C0020,纳米复合材料与多类器件,11869,11858,0,11869,11,24,0,11662,207,0
20,C0021,金属离子吸附与材料化学,12882,12871,0,12882,11,28,0,12857,25,0
21,C0022,钠离子电池材料与电解液,2536,2536,0,2536,0,15,0,639,1897,0
22,C0023,功率半导体器件与电路结构,2786,2786,0,2786,0,0,0,65,2721,0
23,C0024,海洋资源开发与海上工程,8670,8670,0,8670,0,1,0,8668,2,0
24,C0025,通用防护支撑与安装结构混杂簇024,2257,2257,0,2257,0,0,0,123,2134,0
25,C0026,硫化镉等硫族薄膜制备,6429,6426,0,86,3,0,0,6415,14,0
26,C0027,变压器与高压开关设备,13474,13473,0,13474,1,0,0,13464,10,0
27,C0028,电动汽车充电设施及并网,6665,6653,0,6665,12,0,0,6618,47,0
28,C0029,聚变等离子体诊断,12510,12506,0,852,4,0,0,12472,38,0
29,C0030,碳基电极与多孔材料制备,2546,2545,0,2546,1,0,0,873,1673,0
30,C0031,车辆驱动制动与运动控制,14154,14146,0,14154,8,3,0,13910,244,0
31,C0032,煤炭产业布局与清洁利用政策,1739,1739,0,16,0,1,0,1390,7,342
32,C0033,石油产业与油价经济,19492,19488,0,19492,4,0,0,19487,0,5
33,C0034,污泥资源化与水处理,9785,9783,0,9785,2,4,0,9677,108,0
34,C0035,太阳能集热与热利用装置,1814,1814,0,1814,0,0,0,1074,740,0
35,C0036,风机传动支撑与轴承部件,2006,2006,0,2006,0,0,0,304,1702,0
36,C0037,光催化二氧化碳转化与氧化还原,17096,17075,0,17096,21,44,0,17093,3,0
37,C0038,电气计量校准与测量不确定度,10427,10425,0,10427,2,0,0,10358,68,1
38,C0039,碳达峰与综合节能政策,862,862,0,29,0,0,0,576,4,282
39,C0040,碳定价与减排经济机制,17615,17586,0,501,29,0,0,17608,3,4
40,C0041,电池单体与模组构件装配,4989,4989,0,4989,0,0,0,53,4936,0
41,C0042,无线充电与充电器结构,2024,2022,0,2024,2,0,0,567,1457,0
42,C0043,气体处理气化与天然气水合物,10603,10599,0,10603,4,2,0,10578,25,0
43,C0044,二氧化碳及混合气体膜分离,6911,6907,0,873,4,7,0,6883,28,0
44,C0045,铜铟镓硒薄膜光伏,16487,16469,0,1182,18,15,0,16427,60,0
45,C0046,煤气化与燃煤清洁转化,7769,7768,0,7769,1,3,0,7706,63,0
46,C0047,分离膜制备与膜污染控制,15227,15219,0,15227,8,2,0,15162,65,0
47,C0048,配电网柔性调度与协同规划,10358,10349,0,10358,9,3,0,10078,280,0
48,C0049,电池隔膜、聚合物电解质与粘结剂,5322,5322,0,5322,0,2,0,1012,4310,0
49,C0050,固态及凝胶聚合物电解质,10596,10594,0,1786,2,17,0,10586,10,0
50,C0051,储能及通用装置温控换热,3344,3344,0,3344,0,0,0,991,2353,0
51,C0052,电气故障保护与暂态检测,2875,2875,0,2875,0,1,0,972,1903,0
52,C0053,电能变换与驱动控制电路,2268,2267,0,2268,1,0,0,977,1291,0
53,C0054,电价与输配电价监管政策,735,735,0,50,0,0,0,292,1,442
54,C0055,含铜化合物结构与功能,9722,9711,0,9722,11,41,0,9712,10,0
55,C0056,电储能系统配置与运行,9423,9394,0,9423,29,1,0,9378,45,0
56,C0057,射频微波电路与功率放大,18791,18786,0,350,5,1,0,18672,119,0
57,C0058,有价金属浸出回收,16905,16902,0,261,3,3,0,16838,67,0
58,C0059,厌氧过程微生物与生物能源,9884,9879,0,9884,5,2,0,9839,45,0
59,C0060,超级电容器电极与器件,28623,28584,26907,95,39,37,3868,28409,214,0
60,C0061,有机合成与分子功能材料,16956,16944,0,877,12,366,0,16816,140,0
61,C0062,热工设备换热与工况分析,10988,10986,0,10988,2,0,0,10952,36,0
62,C0063,生物质热解与炭化,16544,16539,4885,1180,5,18,3168,16534,10,0
63,C0064,锂钠电池电解液与正极配方,3043,3043,0,3043,0,0,0,294,2749,0
64,C0065,电磁兼容干扰与电缆检测,9067,9058,0,9067,9,0,0,9056,11,0
65,C0066,环境税费补贴与市场规制,13266,13259,0,13266,7,0,0,13265,0,1
66,C0067,钙钛矿太阳能电池界面与器件性能,23090,23068,0,23090,22,23,0,23089,1,0
67,C0068,水热溶剂热合成与功能材料,8405,8397,0,8405,8,15,0,8405,0,0
68,C0069,宽禁带半导体外延与结器件,10227,10219,0,10227,8,6,0,10223,4,0
69,C0070,气象水文预测与环境评估,8178,8166,0,8178,12,0,0,7857,321,0
70,C0071,功能聚合物合成与结构,17650,17645,0,308,5,51,0,17503,147,0
71,C0072,氢能产业与制氢技术经济,10314,10287,0,10314,27,4,0,10278,13,23
72,C0073,电极过程与电化学沉积,16800,16797,0,16800,3,16,0,16766,34,0
73,C0074,通用防护支撑与安装结构混杂簇073,2048,2048,0,2048,0,0,0,19,2029,0
74,C0075,铋基氧化物光催化材料,9178,9168,0,1896,10,66,0,9178,0,0
75,C0076,通用催化剂与催化反应工程,18071,18063,0,18071,8,82,0,18054,17,0
76,C0077,机电传动与运动执行装置,2866,2865,0,2866,1,1,0,1072,1794,0
77,C0078,充电连接与通用部件混合,2245,2245,0,2245,0,0,0,20,2225,0
78,C0079,燃料电池系统运行控制,2150,2150,0,169,0,0,0,779,1371,0
79,C0080,污染物光催化降解,14060,14038,0,2289,22,37,0,14059,1,0
80,C0081,电力市场与售电制度政策,1033,1032,0,106,1,0,0,607,5,421
81,C0082,智能电网体系与通信,11967,11951,0,11967,16,12,0,11947,19,1
82,C0083,配电网电压无功与电能质量,11053,11039,0,11053,14,2,0,11011,42,0
83,C0084,电池单体电极及模组结构,4706,4706,0,4706,0,0,0,19,4687,0
84,C0085,多类功能薄膜与纳米器件,7945,7938,0,7945,7,2,0,7945,0,0
85,C0086,光伏组件性能建模与故障检测,13829,13821,0,13829,8,1,0,13811,18,0
86,C0087,制氢储氢与加氢系统,2088,2088,0,2088,0,0,0,258,1830,0
87,C0088,污水厌氧处理与产能回收,11007,11000,0,11007,7,9,0,10922,85,0
88,C0089,信号处理测量与电力扰动,17989,17987,0,17989,2,1,0,17729,260,0
89,C0090,电动汽车充电控制,2994,2994,0,67,0,0,0,516,2478,0
90,C0091,等离子体湍流与不稳定性,11517,11515,0,229,2,0,0,11517,0,0
91,C0092,天然气输配与气价政策,579,579,0,1,0,0,0,360,0,219
92,C0093,电能变换波浪能与互感器混合,11005,10992,0,11005,13,0,0,11005,0,0
93,C0094,晶体缺陷外延与变形,9428,9426,0,88,2,2,0,9335,93,0
94,C0095,泄漏检测与多设备状态监测,3359,3359,0,3359,0,0,0,1972,1386,1
95,C0096,电力设备通信与控制系统,3299,3299,0,3299,0,0,0,1289,2010,0
96,C0097,永磁电机与磁路设计,4701,4700,0,4701,1,0,0,3280,1421,0
97,C0098,建筑与工业冷却节能,10115,10112,0,10115,3,0,0,10052,63,0
98,C0099,无人机巡检与电网作业,1654,1654,0,31,0,0,0,292,1362,0
99,C0100,磁重联与磁场材料效应,13025,13020,0,13025,5,1,0,13018,7,0
100,C0101,人类世生态危机与社会转型,9450,9448,0,2,2,0,0,9449,1,0
101,C0102,电力设备与线路故障检测、定位和诊断,21019,21002,0,21019,17,1,0,17234,3785,0
102,C0103,金属基复合材料与耐磨制造,10563,10548,0,104,15,0,0,10508,55,0
103,C0104,发动机燃气轮机与动力机械,11593,11589,0,11593,4,0,0,11465,128,0
104,C0105,微电网能量管理与优化,10962,10932,0,2983,30,0,0,10811,151,0
105,C0106,电动汽车推广与整车能耗,11899,11891,0,11899,8,0,0,11895,4,0
106,C0107,模板化晶体数据库记录,10465,10463,0,10465,2,7,0,10433,32,0
107,C0108,储能充放电与变流控制,2002,2002,0,2002,0,0,0,307,1694,1
108,C0109,水系锌电池与锌空气电池,9518,9511,0,9518,7,18,0,9487,31,0
109,C0110,电气柜密封防护与开关部件,2606,2606,0,2606,0,0,0,136,2470,0
110,C0111,机柜装配与通用机械部件,3155,3155,0,3155,0,0,0,148,3007,0
111,C0112,电站锅炉汽轮机与设备运维,8434,8434,0,8434,0,1,0,8421,12,1
112,C0113,二氧化钛光催化材料与反应,38720,38686,0,38720,34,58,0,38720,0,0
113,C0114,水分离采集与流体界面技术,11433,11429,0,11433,4,6,0,11406,27,0
114,C0115,二氧化碳吸收溶解与水合物,10722,10722,0,10722,0,8,0,10715,7,0
115,C0116,电源装置与供电电路结构,2180,2180,0,2180,0,0,0,237,1943,0
116,C0117,制冷循环工质与能效,11564,11559,0,11564,5,3,0,11518,46,0
117,C0118,煤矿产能及经营公告,298,298,0,1,0,0,0,100,0,198
118,C0119,煤矿安全生产与许可管理,590,590,0,1,0,0,0,210,5,375
119,C0120,电力载波与通信传输,12726,12720,0,12726,6,0,0,12656,70,0
120,C0121,波浪能装置与海洋水动力,17713,17706,0,17713,7,0,0,17692,21,0
121,C0122,热电材料与热电性能优化,28891,28884,860,3584,7,43,104,28879,12,0
122,C0123,磁约束等离子体运行与边界,12766,12756,0,2459,10,1,0,12760,6,0
123,C0124,电力系统碳计量与低碳调度,3391,3386,219,3171,5,0,61,2343,1048,0
124,C0125,重整气化与合成气制氢,11227,11222,0,11227,5,16,0,10979,248,0
125,C0126,氮化碳及复合光催化材料,15701,15677,0,15701,24,74,0,15701,0,0
126,C0127,质子交换及功能聚合物膜,13564,13558,0,13564,6,7,0,13409,155,0
127,C0128,石墨烯复合材料与多场景应用,19841,19824,0,19841,17,25,0,19840,1,0
128,C0129,生物质与污泥厌氧消化产气,15747,15731,2150,1930,16,5,587,15721,26,0
129,C0130,能源网络安全与隐私保护,12250,12236,0,91,14,0,0,12004,246,0
130,C0131,光伏电池及组件结构制造,2674,2674,0,2674,0,0,0,185,2489,0
131,C0132,超级电容器复合电极材料,12789,12783,0,3858,6,7,0,12735,54,0
132,C0133,排放交易与污染治理政策研究,16000,15989,0,16000,11,1,0,16000,0,0
133,C0134,功能薄膜沉积与表征,13172,13160,0,162,12,6,0,13159,13,0
134,C0135,电连接器接线与端口结构,2483,2483,0,2483,0,0,0,465,2018,0
135,C0136,电力市场机制与产消者经济,19158,19150,0,19158,8,0,0,19138,19,1
136,C0137,电解与其他路线制氢技术,11821,11814,0,11821,7,15,0,11647,174,0
137,C0138,光伏出力预测与系统参数建模,10193,10171,0,10193,22,1,0,10172,21,0
138,C0139,变压器油纸绝缘诊断,5471,5468,0,192,3,0,0,5454,17,0
139,C0140,厌氧微生物产甲烷机制,11081,11073,0,288,8,6,0,11059,22,0
140,C0141,半导体载流子与电荷输运,14702,14697,0,309,5,21,0,14701,1,0
141,C0142,电机转子定子与装配结构,2327,2327,0,2327,0,0,0,121,2206,0
142,C0143,微电网变流器协调与功率分配,11721,11710,0,2181,11,2,0,11693,28,0
143,C0144,能源作物种植与生物质采收,10637,10631,0,272,6,1,0,10626,11,0
144,C0145,陆面气象与蒸散估计,11328,11324,0,71,4,0,0,11327,0,1
145,C0146,铁基催化剂与氧电催化,11540,11537,0,11540,3,15,0,11490,50,0
146,C0147,节能减排财政资金安排,240,240,0,0,0,0,0,41,0,199
147,C0148,电极与电机铁芯制造装置,2006,2006,0,2006,0,0,0,188,1818,0
148,C0149,临床疾病与健康研究,9305,9299,0,9305,6,2,0,9298,7,0
149,C0150,储能技术与能量转换综述,4282,4280,0,4282,2,6,0,4204,78,0
150,C0151,多孔碳吸附二氧化碳,15323,15314,754,3889,9,81,469,15265,58,0
151,C0152,镁基及多组元合金性质,11885,11882,0,64,3,1,0,11873,12,0
152,C0153,硅基材料与碳化硅陶瓷,12386,12383,0,12386,3,4,0,12356,30,0
153,C0154,无线电能传输电路与系统,12987,12983,4887,217,4,7,438,12620,366,1
154,C0155,电解水析氧催化,21799,21788,5379,2379,11,20,2954,21709,90,0
155,C0156,电力交易竞价与市场优化,12402,12386,425,715,16,0,195,12337,65,0
156,C0157,水工引水排水与杂项装置,2210,2209,0,2210,1,0,0,1200,1010,0
157,C0158,有机光伏材料、器件与载流子输运,22530,22515,0,22530,15,60,0,22518,12,0
158,C0159,太阳辐照预测与光伏环境建模,7709,7701,0,7709,8,5,0,7676,33,0
159,C0160,通用互联网协议与通信网络,13675,13671,0,35,4,6,0,13608,62,5
160,C0161,车辆操稳道路与轮胎交互,9559,9552,0,9559,7,3,0,9296,263,0
161,C0162,电气传感与多设备测量,5216,5214,0,5216,2,0,0,3900,1316,0
162,C0163,分布式电源接入与配电网运行,3542,3541,0,597,1,0,0,2625,917,0
163,C0164,输电线路雷电接地与电磁影响,11542,11541,0,11542,1,0,0,11523,19,0
164,C0165,天然气供能与燃气动力系统,8085,8083,0,8085,2,0,0,8056,28,1
165,C0166,多类太阳能电池结构与性能,12467,12461,0,12467,6,11,0,12425,42,0
166,C0167,晶硅异质结与硅基光伏制造,14347,14339,0,2965,8,3,0,14270,77,0
167,C0168,粒子束辐照与半导体材料缺陷,8490,8490,0,156,0,0,0,8486,4,0
168,C0169,电池荷电状态健康状态与建模,7680,7677,0,7680,3,5,0,7637,43,0
169,C0170,能源转型与能源安全研究,20605,20579,0,20605,26,0,0,20604,0,1
170,C0171,最优潮流与电网优化运行,10617,10609,0,520,8,0,0,10577,40,0
171,C0172,燃烧稳定与低污染排放,13452,13449,0,323,3,10,0,13416,36,0
172,C0173,电池正极改性与再生工艺,2668,2668,0,2668,0,0,0,447,2221,0
173,C0174,电力负荷预测与短路等系统计算混合,4483,4473,0,4483,10,2,0,3179,1304,0
174,C0175,空化流动与水动力,11501,11493,0,110,8,0,0,11496,5,0
175,C0176,光伏最大功率点跟踪,16567,16542,0,1269,25,0,0,16522,45,0
176,C0177,纳米结构输运与器件基础,11231,11224,0,74,7,5,0,11218,13,0
177,C0178,离子液体与电解质基础,11504,11501,0,11504,3,12,0,11481,23,0
178,C0179,超导与量子材料基础,6121,6115,0,467,6,5,0,6114,7,0
179,C0180,电池组结构均衡与供能电路,3509,3509,0,3509,0,0,0,544,2965,0
180,C0181,聚变装置与粒子束工程,10669,10667,0,10669,2,0,0,10640,29,0
181,C0182,导航定位与遥感观测,9124,9120,0,16,4,0,0,9021,103,0
182,C0183,通用控制器与电力控制算法,17208,17194,0,17208,14,2,0,16921,287,0
183,C0184,卤化物钙钛矿结构、光电物性与发光,30730,30717,0,913,13,36,0,30730,0,0
184,C0185,风电场运行与功率优化,13574,13561,0,944,13,7,0,13509,65,0
185,C0186,煤热解气化与煤质特性,11798,11794,0,209,4,2,0,11786,12,0
186,C0187,通用反应分离与气液处理装置,1968,1968,0,1968,0,1,0,626,1342,0
187,C0188,欧洲能源转型与能源政策研究,16861,16856,0,16861,5,0,0,16861,0,0
188,C0189,风力机叶片与气动设计,20539,20533,0,386,6,0,0,20517,22,0
189,C0190,充电负荷预测与园区用电调配,1687,1687,0,1687,0,0,0,229,1458,0
190,C0191,固态储氢材料与反应器,16891,16884,2264,965,7,57,598,16608,283,0
191,C0192,含锂化合物与锂金属界面,12223,12223,0,12223,0,49,0,12214,9,0
192,C0193,多设备温控与智能散热,4406,4406,0,4406,0,0,0,2237,2169,0
193,C0194,股票价格与通用金融预测,12328,12244,0,12328,84,0,0,12314,14,0
194,C0195,碳捕集封存与碳移除系统,13262,13256,0,13262,6,7,0,13251,9,2
195,C0196,混合动力与整车能量管理,15676,15652,0,1125,24,0,0,15628,48,0
196,C0197,铜基热电及功能复合材料,6333,6333,0,6333,0,33,0,6305,28,0
197,C0198,电池负极活性材料与电池器件,2559,2559,0,2559,0,0,0,63,2496,0
198,C0199,交直流供电与储备能源控制,3092,3092,0,3092,0,0,0,777,2315,0
199,C0200,直流输电保护与故障限流,11031,11025,0,485,6,0,0,10989,42,0
200,C0201,电化学电极与摩擦电材料混合,9685,9679,0,9685,6,5,0,9676,9,0
201,C0202,氧化锌复合光催化材料,13005,12983,0,2544,22,15,0,13002,3,0
202,C0203,纳米表征与光学传感材料,8394,8388,0,125,6,13,0,8363,31,0
203,C0204,发电项目电价结算及清单政策,231,231,0,6,0,0,0,101,1,129
204,C0205,电池测试表征与性能评估,9010,9007,0,9010,3,1,0,8936,74,0
205,C0206,激子量子点与发光机理,16014,16008,0,225,6,7,0,16007,7,0
206,C0207,组件边框与通用结构材料,2110,2110,0,2110,0,0,0,265,1845,0
207,C0208,能源企业组织投资与管理,12691,12686,0,12691,5,1,0,12661,25,5
208,C0209,有机半导体光物理与光电响应,10829,10826,0,606,3,12,0,10828,1,0
209,C0210,地热资源开发与换热,11871,11867,0,1751,4,2,0,11821,49,1
210,C0211,直流变换器拓扑与设计,18808,18798,0,2004,10,4,0,18034,774,0
211,C0212,等离子体波与高能粒子作用,14465,14462,0,1249,3,0,0,14464,1,0
212,C0213,电力电缆绝缘与运行诊断,8594,8588,0,1582,6,2,0,8324,269,1
213,C0214,通信网络路由与拓扑,13770,13755,0,128,15,0,0,13570,200,0
214,C0215,电池极耳焊接及耳机等混合部件,1059,1059,0,1059,0,0,0,92,967,0
215,C0216,电力可靠性与电气安全,12063,12060,0,12063,3,2,0,12007,55,1
216,C0217,离子液体萃取与金属分离,8337,8333,0,201,4,18,0,8327,10,0
217,C0218,气候变化治理与国际政策,21895,21890,0,1710,5,1,0,21895,0,0
218,C0219,系统可靠性及暂态稳定混合,10951,10944,0,10951,7,1,0,10803,148,0
219,C0220,局部放电电晕与放电物理,7985,7984,0,7985,1,0,0,7981,4,0
220,C0221,锂金属沉积与含锂电极材料,15769,15769,0,15769,0,42,0,15756,13,0
221,C0222,木质纤维素预处理与生化转化,13717,13714,0,13717,3,6,0,13705,12,0
222,C0223,泵水轮机与水力机械流动,15408,15405,0,228,3,0,0,15395,13,0
223,C0224,生物炭制备与环境应用,8602,8594,0,8602,8,15,0,8583,19,0
224,C0225,离子导电及功能聚合物,13534,13526,0,572,8,3,0,13261,273,0
225,C0226,过硫酸盐活化与高级氧化,13343,13336,3673,506,7,12,600,13341,2,0
226,C0227,空调通风与空气处理,8973,8969,0,182,4,0,0,8924,49,0
227,C0228,能源审计与综合节能评估,19317,19307,0,19317,10,1,0,19308,9,0
228,C0229,通用安装固定与机电结构,4241,4241,0,4241,0,0,0,35,4206,0
229,C0230,高温钢材蠕变腐蚀与焊接,10408,10406,0,136,2,1,0,10375,33,0
230,C0231,专利权利要求格式与杂项器件,2831,2831,0,2831,0,0,0,164,2667,0
231,C0232,多种掺杂氧化物及功能化合物,11909,11905,0,11909,4,68,0,11889,20,0
232,C0233,半导体光电化学水分解,10970,10964,2686,878,6,53,714,10970,0,0
233,C0234,软开关谐振与交流变换器,13196,13192,0,13196,4,3,0,13157,39,0
234,C0235,热电发电器件与热设计,15016,15013,0,768,3,3,0,14966,50,0
235,C0236,氢能供给加氢与系统集成,8347,8336,0,8347,11,0,0,8202,145,0
236,C0237,分布式光伏部署与技术经济,23692,23675,0,23692,17,13,0,23673,8,11
237,C0238,农业农村经济与资源发展,9577,9566,0,10,11,0,0,9577,0,0
238,C0239,高温及绝缘陶瓷制备,9985,9980,0,9985,5,6,0,9912,73,0
239,C0240,薄膜晶体管与有机电子器件,8242,8239,0,201,3,8,0,8241,1,0
240,C0241,有机半导体供受体与分子器件材料,13229,13222,0,818,7,9,0,13214,15,0
241,C0242,文摘索引与教学资料记录,5446,5443,0,5446,3,3214,0,5445,1,0
242,C0243,生物油热解与燃料升级,13582,13573,0,819,9,14,0,13536,46,0
243,C0244,电驱控制器与机电集成装置,2134,2134,0,2134,0,0,0,144,1990,0
244,C0245,碳基超级电容器电极,12699,12688,0,10159,11,2,0,12690,9,0
245,C0246,虚拟电厂资源聚合与调度,2610,2604,1823,83,6,0,209,1905,686,19
246,C0247,镍锰及多种无机功能材料,11497,11490,0,11497,7,7,0,11424,73,0
247,C0248,电力安全生产与应急政策,965,965,0,106,0,0,0,623,6,336
248,C0249,磁性材料磁路与磁场基础,12703,12696,0,12703,7,17,0,12579,124,0
249,C0250,热力循环余热与联供系统,9533,9522,0,9533,11,2,0,9502,28,3
250,C0251,充电站选址与充电调度,9621,9600,0,2514,21,0,0,9567,54,0
251,C0252,热泵与区域供热供冷,10959,10953,0,10959,6,9,0,10913,43,3
252,C0253,二氧化碳加氢与多类催化反应,9613,9609,0,9613,4,33,0,9611,2,0
253,C0254,电催化析氢与界面调控,19499,19487,4974,993,12,34,3190,19471,28,0
254,C0255,锂离子电池电极材料,13320,13311,0,13320,9,94,0,13309,11,0
255,C0256,磁电耦合与自旋极化基础,11714,11709,0,56,5,6,0,11712,2,0
256,C0257,固体氧化物燃料电池,18799,18789,12407,745,10,125,5197,18601,198,0
257,C0258,综合能源系统协同管理与优化调度,19593,19541,0,19593,52,3,0,18448,1135,10
258,C0259,锂硫电池正极与多硫化物调控,11208,11206,7657,943,2,22,2461,11049,159,0
259,C0260,电压电流检测与校验电路,3082,3081,0,3082,1,0,0,647,2435,0
260,C0261,保护电路与开关控制,3277,3277,0,3277,0,0,0,564,2713,0
261,C0262,电池外壳盖板与封装,3146,3146,0,1269,0,0,0,21,3125,0
262,C0263,碳基氧还原及单原子催化,12569,12558,0,12569,11,18,0,12567,2,0
263,C0264,绿色发展可持续性与绿色金融,16115,16081,0,16115,34,2,0,16109,5,1
264,C0265,覆冰冻结与除冰传热,4246,4246,0,4246,0,0,0,4130,116,0
265,C0266,燃料电池质子交换膜,12065,12060,345,5576,5,18,106,12032,33,0
266,C0267,通用数学方程与数值方法,15483,15476,0,136,7,1,0,15467,16,0
267,C0268,液冷流体通道与杂项机电装置,2231,2231,0,2231,0,0,0,112,2119,0
268,C0269,有机发光与分子光物理材料,13964,13960,0,1973,4,93,0,13953,11,0
269,C0270,翼型螺旋桨与航空气动,15706,15704,0,81,2,0,0,15671,35,0
270,C0271,沼气及多路线生物燃料,13989,13981,0,13989,8,20,0,13925,64,0
271,C0272,高分子绝缘与复合材料混合,9187,9180,0,9187,7,0,0,9155,32,0
272,C0273,电机调制谐波与转矩控制,3473,3473,0,3473,0,0,0,1097,2376,0
273,C0274,电缆结构材料与敷设,3320,3320,0,3320,0,0,0,455,2865,0
274,C0275,风电发电机与并网控制,15613,15595,0,421,18,8,0,15392,221,0
275,C0276,锂离子电池负极材料,23866,23858,0,2303,8,37,0,23863,3,0
276,C0277,分子生物学与医学机制,10192,10156,0,10192,36,3,0,10185,7,0
277,C0278,整体电催化水分解,14069,14054,1590,3032,15,17,189,14064,5,0
278,C0279,光伏支架与组件机械固定,2893,2893,0,275,0,0,0,27,2866,0
279,C0280,航空器无人机设计与飞控,13159,13156,0,46,3,1,0,13066,93,0
280,C0281,电机磁路转子与铁芯设计,3413,3412,0,3413,1,0,0,281,3132,0
281,C0282,金融投资与风险经济,12326,12309,0,61,17,0,0,12326,0,0
282,C0283,油路液压与油浸电气装置,1308,1308,0,1308,0,0,0,176,1132,0
283,C0284,能源标准化许可与专项监管,1326,1326,0,1326,0,0,0,844,0,482
284,C0285,热泵换热器与热管理设计,11841,11836,0,11841,5,1,0,11832,9,0
285,C0286,燃料电池铂基催化剂,14654,14648,0,2650,6,27,0,14578,76,0
286,C0287,核裂变聚变与核电工程,9653,9649,0,9653,4,0,0,9170,480,3
287,C0288,多体系电池配方与器件,4481,4480,0,4481,1,8,0,1790,2691,0
288,C0289,锌基硫族及氧化物薄膜,13393,13384,0,631,9,6,0,13392,1,0
289,C0290,铁氧化物磁性纳米材料,16456,16427,0,284,29,33,0,16437,19,0
290,C0291,瓶装液化石油气价格政策,218,218,0,0,0,0,0,39,0,179
291,C0292,仿真软件硬件在环与教学平台,10712,10706,0,10712,6,4,0,10546,166,0
292,C0293,电池系统管理与全寿命利用,9865,9856,0,9865,9,5,0,9802,61,2
293,C0294,电池管理与均衡控制,3982,3982,0,992,0,1,0,1538,2444,0
294,C0295,光学薄膜与发光表征,11116,11104,0,78,12,2,0,11105,11,0
295,C0296,供水管网水力状态与节能调度,6751,6748,0,326,3,5,0,6068,683,0
296,C0297,废旧锂电池回收、分离与材料再生,8343,8341,0,1814,2,17,0,7244,1099,0
297,C0298,场效应晶体管结构与建模,11901,11895,1961,9940,6,1,522,11873,28,0
298,C0299,温度测量监测与温控装置,2838,2837,0,2838,1,0,0,1517,1321,0
299,C0300,出版商模板干扰的多能源文本,11350,11347,0,11350,3,5638,0,11349,1,0
300,C0301,半导体离子注入与辐照缺陷,9288,9286,0,519,2,0,0,9279,9,0
301,C0302,制冷循环与余热驱动制冷,7475,7468,0,7475,7,0,0,7474,1,0
302,C0303,照明灯具与光学部件,6011,6009,0,6011,2,0,0,4960,1050,1
303,C0304,二氧化钛纳米结构制备与基础应用,35044,35023,0,2157,21,55,0,34984,60,0
304,C0305,电气设备防护监测及杂项装置,3112,3112,0,3112,0,0,0,251,2861,0
305,C0306,电能质量谐波检测与信号分析,16094,16087,0,689,7,5,0,16045,49,0
306,C0307,对流換热与换热器热工分析,14706,14700,0,14706,6,0,0,14693,13,0
307,C0308,变电站自动化与电网监控,12737,12735,0,12737,2,5,0,12285,452,0
308,C0309,电动车辆及充电系统装置,2888,2888,0,2888,0,0,0,1093,1794,1
309,C0310,复合氧化物合成与电化学性质,10419,10418,0,10419,1,207,0,10262,157,0
310,C0311,变换器与电机变压器保护混合,13450,13446,0,13450,4,3,0,13389,61,0
311,C0312,书目碎片封面与其他非研究文本,3892,3891,0,3892,1,0,0,3887,4,1
312,C0313,电力系统频率控制及通用控制方法,10080,10065,0,10080,15,0,0,10079,1,0
313,C0314,多体系电催化剂与电池材料制备,3076,3076,0,3076,0,1,0,448,2628,0
314,C0315,中国能源转型与区域低碳经济,15098,15077,0,15098,21,0,0,15093,0,5
315,C0316,多种燃料燃烧与排放评估,11126,11122,0,11126,4,18,0,11126,0,0
316,C0317,溶剂萃取与化学分离,12010,12004,0,234,6,14,0,12007,3,0
317,C0318,时钟同步与时延建模,9040,9036,0,82,4,2,0,8853,187,0
318,C0319,等离子体动力学与磁约束,12382,12352,0,12382,30,0,0,12381,1,0
319,C0320,二氧化碳捕集材料与工艺,10508,10499,0,10508,9,15,0,10006,502,0
320,C0321,海上风电平台与波浪能装置,3640,3638,0,3640,2,0,0,2675,964,1
321,C0322,硫化物固态电解质与锂硫材料混合,1312,1312,0,1312,0,0,0,542,770,0
322,C0323,林业经营与森林资源利用,13405,13403,0,13405,2,1,0,13394,10,1
323,C0324,多体系纳米结构与复合材料,12869,12860,0,224,9,74,0,12772,97,0
324,C0325,锅炉气化与工业余热回收装置,2837,2837,0,2837,0,1,0,603,2234,0
325,C0326,心血管及其他临床医学研究,8159,8152,0,8159,7,0,0,8155,4,0
326,C0327,风速与风电出力预测,6143,6125,0,911,18,0,0,6120,23,0
327,C0328,太阳能集热器与光热利用,13971,13963,0,13971,8,0,0,13957,14,0
328,C0329,电机驱动与机械传动装置,2639,2639,0,2639,0,0,0,966,1673,0
329,C0330,太阳能界面蒸发与海水淡化,11270,11257,1028,647,13,3,339,11202,68,0
330,C0331,能效标识与多类财税结算政策混合,385,385,0,385,0,0,0,125,0,260
331,C0332,可编程芯片与实时硬件实现,8577,8574,0,8577,3,4,0,8455,122,0
332,C0333,网格数值计算与跨领域仿真混合,9398,9392,0,9398,6,0,0,9398,0,0
333,C0334,钴基氧化物电催化与储能材料,9586,9575,0,9586,11,38,0,9503,83,0
334,C0335,供电连接与电源电路装置,2322,2322,0,2322,0,0,0,342,1980,0
335,C0336,硅碳负极材料与制备,3071,3070,2087,239,1,3,1428,1531,1540,0
336,C0337,光伏跟踪与太阳能装置控制,5409,5407,0,5409,2,0,0,3898,1511,0
337,C0338,相变储热材料与传热增强,11745,11741,0,372,4,10,0,11317,428,0
338,C0339,关键矿产供给与采矿资源,10275,10274,0,135,1,0,0,10270,4,1
339,C0340,甲醇电氧化与贵金属催化剂,14352,14333,0,1018,19,130,0,14272,80,0
340,C0341,层状二维材料电子及声子性质,15760,15758,0,72,2,5,0,15759,1,0
341,C0342,生物质热解气化与水热转化,9663,9657,0,9663,6,4,0,9652,11,0
342,C0343,锂电池热行为与安全机制,11803,11789,0,11803,14,4,0,11797,6,0
343,C0344,电池热管理排气与壳体安全装置,1790,1790,0,1790,0,0,0,13,1777,0
344,C0345,共轭高分子与光电复合材料,10495,10490,0,533,5,16,0,10480,15,0
345,C0346,离子交换膜传输及电化学应用,8263,8261,0,8263,2,2,0,8146,117,0
346,C0347,欧洲能源转型与一般区域政治混合,9789,9789,0,9789,0,0,0,9788,0,1
347,C0348,智能电网信息安全与韧性,7783,7768,0,7783,15,0,0,7711,72,0
348,C0349,二硫化钼等二维材料与器件,11392,11382,0,729,10,9,0,11369,23,0
349,C0350,能源地缘政治与一般国际关系混合,15605,15602,0,15605,3,0,0,15605,0,0
350,C0351,输配电线路视觉巡检与无人机检测,4023,4021,0,73,2,0,0,1223,2800,0
351,C0352,机械摩擦传动与力学测量,13037,13035,0,13037,2,1,0,12958,79,0
352,C0353,能源发展规划与综合指导政策,1440,1440,0,60,0,0,0,1108,1,331
353,C0354,可再生能源发展与多技术评价,18807,18787,0,18807,20,0,0,18771,7,29
354,C0355,染料敏化太阳能电池材料与器件,18402,18384,11728,629,18,59,1030,18347,55,0
355,C0356,电力知识处理与智能决策系统,3934,3931,0,3934,3,0,0,1134,2800,0
356,C0357,水泥混凝土性能与碳化,6615,6609,0,224,6,4,0,6566,49,0
357,C0358,非贵金属氧还原电催化材料,13639,13634,2222,3796,5,36,1609,13560,79,0
358,C0359,充电基础设施与公用事业接入政策混合,528,528,0,528,0,0,0,331,1,196
359,C0360,多孔碳材料及储能环境应用,9681,9674,0,9681,7,18,0,9643,38,0
360,C0361,机械装配传动与电气部件混合,3347,3347,0,3347,0,0,0,237,3110,0
361,C0362,荧光粉组分调控与发光性质,20258,20250,0,569,8,100,0,20247,11,0
362,C0363,镉基硫族半导体与量子点,9898,9887,0,107,11,22,0,9893,5,0
363,C0364,有机场效应晶体管,9261,9250,0,536,11,9,0,9256,5,0
364,C0365,电力通信与无线传输装置,4344,4344,0,4344,0,1,0,2118,2226,0
365,C0366,功能纤维复合材料与织物,9030,9025,0,373,5,1,0,8870,160,0
366,C0367,铁化合物反应与材料应用,13464,13458,0,285,6,42,0,13424,40,0
367,C0368,铀钍及稀土分离提取,8956,8951,0,8956,5,6,0,8938,18,0
368,C0369,多体系二次电池材料与电解液综述,17643,17638,0,17643,5,35,0,17627,16,0
369,C0370,电池状态测量与诊断装置,3517,3517,0,589,0,0,0,1057,2459,1
370,C0371,太阳辐射测量估算与大气影响,11796,11793,0,11796,3,1,0,11796,0,0
371,C0372,电力节能与新能源应用泛论,9685,9679,0,9685,6,0,0,9604,81,0
372,C0373,电源变流电路与电压控制装置,4046,4046,0,4046,0,0,0,553,3493,0
373,C0374,电池包与模组结构装置,4363,4363,0,1384,0,0,0,49,4314,0
374,C0375,永磁同步电机设计与控制,8518,8514,0,8518,4,5,0,8462,56,0
375,C0376,电气设备散热冷却结构,3212,3212,0,3212,0,0,0,164,3048,0
376,C0377,换热器热泵与储热装置混合,3253,3253,0,3253,0,0,0,338,2915,0
377,C0378,纳米流体传热性质与强化,7502,7484,0,210,18,2,0,7489,13,0
378,C0379,锅炉蒸汽系统与汽轮机运行,13765,13764,0,13765,1,0,0,13704,61,0
379,C0380,天然气管网供给与市场治理,8620,8619,0,8620,1,6,0,8507,2,111
380,C0381,光伏发电功率预测方法与装置,2987,2984,1468,173,3,0,1182,1892,1095,0
381,C0382,碳纳米管、纳米纤维与功能复合材料,24173,24149,0,1356,24,44,0,23841,332,0
382,C0383,交通运输车辆与燃料效率,11706,11701,0,11706,5,0,0,11701,2,3
383,C0384,电缆桥架支撑与线束安装,2710,2710,0,2710,0,0,0,187,2523,0
384,C0385,辐照材料损伤与稳定性,12273,12270,0,12273,3,0,0,12263,10,0
385,C0386,感应电机运行控制与性能,17650,17642,3591,3776,8,29,931,17568,82,0
386,C0387,有机发光二极管与发光材料,13177,13171,8128,114,6,11,236,13163,14,0
387,C0388,风电机组变桨偏航与运行控制,2259,2258,0,143,1,8,0,1070,1189,0
388,C0389,计算流体力学与多相流,10897,10894,0,259,3,4,0,10860,37,0
389,C0390,开关谐振及功率调节电路,2859,2859,0,2859,0,0,0,180,2679,0
390,C0391,水力发电与水轮机系统,9100,9097,0,9100,3,0,0,9028,72,0
391,C0392,电网电压无功与多目标运行优化,3334,3333,0,3334,1,0,0,1357,1977,0
392,C0393,配位化学与分子晶体结构,18524,18522,0,416,2,203,0,18488,36,0
393,C0394,电力负荷需求与电价预测,10024,10003,0,10024,21,1,0,10003,21,0
394,C0395,纳米材料热传导与热管理,8808,8799,0,371,9,8,0,8783,25,0
395,C0396,转写词与文本质量干扰的跨学科混杂,11038,11036,0,11038,2,0,0,11010,28,0
396,C0397,风机发电装置与机舱结构,1653,1653,0,1653,0,0,0,108,1545,0
397,C0398,锌锆系及其他无机纳米材料,13986,13968,0,13986,18,61,0,13926,60,0
398,C0399,可见光催化材料与反应,15726,15700,0,15726,26,53,0,15724,2,0
399,C0400,分类算法与跨领域技术文本混合,9854,9828,0,9854,26,0,0,9837,17,0
400,C0401,期刊会议索引与出版信息,17498,17490,0,17498,8,1,0,17498,0,0
401,C0402,晶格声子热输运与热膨胀,18241,18238,0,447,3,48,0,18218,23,0
402,C0403,汽车技术产品与零部件资讯,10587,10586,0,10587,1,1,0,10523,63,1
403,C0404,空调系统与能效控制装置,1823,1823,0,31,0,0,0,536,1287,0
404,C0405,群智能与多目标优化算法,12905,12875,0,368,30,1,0,12761,144,0
405,C0406,结构基础抗震与工程力学,9105,9102,0,81,3,1,0,8932,173,0
406,C0407,水系锌电池负极及界面稳定,8655,8651,626,1503,4,1,134,8601,54,0
407,C0408,配电网重构与优化运行,11748,11727,1376,1260,21,2,320,11689,59,0
408,C0409,氢氦在材料中的扩散与相互作用,14327,14323,0,267,4,6,0,14317,10,0
409,C0410,沸石硅基及多孔材料合成,12772,12767,0,345,5,124,0,12770,2,0
410,C0411,清洗清扫与净化装置混合,1742,1742,0,1742,0,0,0,417,1325,0
411,C0412,质子交换膜燃料电池运行与建模,9377,9372,1494,3255,5,4,611,9355,22,0
412,C0413,二次电池正极活性材料,2153,2153,0,135,0,0,0,138,2015,0
413,C0414,多孔介质两相流与界面润湿,11753,11751,0,365,2,2,0,11740,13,0
414,C0415,林木育种栽培与植物生产,7893,7890,0,14,3,0,0,7853,40,0
415,C0416,晶体生长结构与性质,12808,12806,0,133,2,80,0,12802,6,0
416,C0417,固体氧化物电解池与可逆电化学单元,8704,8700,709,1225,4,9,497,8635,69,0
417,C0418,通用信息管理与软件系统,15366,15360,0,15366,6,3,0,15278,87,1
418,C0419,聚合物气凝胶与复合材料,12457,12448,0,539,9,9,0,12426,31,0
419,C0420,碳化硅功率半导体器件,12500,12497,3366,1983,3,10,373,12434,66,0
420,C0421,柴油机及多燃料内燃机性能,10802,10794,0,10802,8,2,0,10735,67,0
421,C0422,配电网规划运行与配置方法,2945,2944,0,2945,1,0,0,426,2519,0
422,C0423,气候变化适应与社会经济政策,13409,13397,0,13409,12,0,0,13409,0,0
423,C0424,硅系半导体加工与材料性质,19179,19175,0,1008,4,5,0,19107,72,0
424,C0425,巡检机器人与自主移动装置,4837,4831,0,4837,6,0,0,3697,1140,0
425,C0426,太阳能光热及光伏光热系统,12671,12662,0,12671,9,1,0,12667,4,0
426,C0427,通用电气工程应用与技术资料,10503,10502,0,10503,1,6,0,10454,45,4
427,C0428,固废电子废物回收与处置,10519,10511,0,10519,8,12,0,10444,75,0
428,C0429,磁性材料与铁氧体磁学,13892,13879,0,112,13,31,0,13835,57,0
429,C0430,电力系统电磁暂态与实时仿真,9599,9597,0,282,2,5,0,9484,115,0
430,C0431,电池负极储能材料与储氢材料混合,9390,9388,0,9390,2,10,0,9333,57,0
431,C0432,电机驱动控制方法与装置,3557,3556,0,3557,1,0,0,1131,2426,0
432,C0433,风电功率预测与状态监测混合,1894,1893,0,1894,1,3,0,851,1043,0
433,C0434,风电光伏项目建设与扶持政策,782,781,0,120,1,0,0,432,0,350
434,C0435,智能电表物联网与用能监测,9392,9376,661,8730,16,3,235,8727,664,1
435,C0436,钠离子电池电极材料,11337,11333,0,2615,4,2,0,11322,15,0
436,C0437,矿物岩石与黏土性质,13018,13014,0,275,4,3,0,13015,3,0
437,C0438,电力设备数据诊断与异常检测,3993,3993,0,3993,0,0,0,944,3049,0
438,C0439,电气化铁路牵引与供电,9216,9212,0,530,4,0,0,9128,88,0
439,C0440,铜基硫族薄膜与光伏吸收材料,10514,10505,0,102,9,25,0,10511,3,0
440,C0441,二次电池电解液添加剂与配方,3867,3867,525,522,0,0,423,662,3205,0
441,C0442,能源专项监管与企业整改公告,538,538,0,14,0,0,0,186,1,351
442,C0443,建筑能效与居民供热用能,14418,14394,0,14418,24,3,0,14375,42,1
443,C0444,通用计算硬件接口与电子系统,9748,9746,0,59,2,0,0,9716,32,0
444,C0445,雷电电磁场与天体物理混合,10190,10179,0,10190,11,1,0,10189,1,0
445,C0446,电力扰动孤岛及异常识别算法,10590,10562,0,10590,28,2,0,10477,113,0
446,C0447,电力安全风险与故障预警系统,3207,3206,0,3207,1,0,0,886,2321,0
447,C0448,水资源调度灌溉与水能利用,12061,12057,0,12061,4,5,0,12045,10,6
448,C0449,电池单体壳体与组件结构,3292,3292,0,3292,0,0,0,207,3085,0
449,C0450,液压泵阀与流体传动,12536,12531,0,12536,5,0,0,12439,97,0
450,C0451,电力系统暂态电压与稳定性分析,12178,12172,0,12178,6,2,0,12138,40,0
451,C0452,风光储及混合能源系统配置,11691,11669,0,11691,22,2,0,11633,58,0
452,C0453,电机制造与通用装配装置混合,2232,2232,0,2232,0,0,0,193,2039,0
453,C0454,木材加工与木质资源利用,10199,10198,0,10199,1,0,0,10197,2,0
454,C0455,污染物吸附氧化与分离,12686,12678,0,12686,8,7,0,12667,19,0
455,C0456,电极组件与活性材料加工,2490,2490,0,2490,0,0,0,427,2063,0
456,C0457,电网状态估计相量测量与系统分析,9518,9506,0,9518,12,0,0,9506,12,0
457,C0458,气固流动分离与杂项工艺混合,8207,8205,0,8207,2,4,0,8181,26,0
458,C0459,钛合金陶瓷与MAX相材料,13802,13796,0,199,6,15,0,13787,15,0
459,C0460,电场空间电荷与界面建模,10769,10767,0,274,2,2,0,10741,28,0
460,C0461,电催化制氨与氮循环反应,12028,12025,0,12028,3,13,0,11962,66,0
461,C0462,超导电力装置与故障限流,7935,7929,0,1121,6,1,0,7865,70,0
462,C0463,区域供热预测与热系统建模,8736,8730,0,8736,6,6,0,8397,339,0
463,C0464,潜热及热化学储热系统,7724,7722,0,7724,2,1,0,7666,58,0
464,C0465,功率因数校正与变流器电流控制,16282,16275,0,16282,7,1,0,16086,196,0
465,C0466,新能源汽车产业与推广政策,406,406,0,2,0,0,0,271,2,133
466,C0467,燃料电池电堆与系统装置,1650,1649,0,1650,1,0,0,143,1507,0
467,C0468,网络攻击检测与信息安全,10981,10963,0,10981,18,0,0,10934,47,0
468,C0469,燃料电池技术与固体氧化物电池,10275,10269,0,10275,6,10,0,10267,8,0
469,C0470,电力储能系统集成与运行装置,1709,1709,0,1709,0,0,0,314,1395,0
470,C0471,风力机叶片塔架与气动结构,2210,2209,0,85,1,0,0,685,1525,0
471,C0472,多电平逆变器拓扑与调制,13900,13892,3222,381,8,8,703,13842,58,0
472,C0473,二氧化碳地质封存与驱油,13587,13582,1007,1154,5,0,102,13573,14,0
473,C0474,焦炭钙基反应与无机工艺材料混合,12492,12485,0,12492,7,18,0,12460,32,0
474,C0475,钢铁合金腐蚀与耐蚀性能,14630,14627,0,195,3,2,0,14552,78,0
475,C0476,工业废水处理与电化学净化,10981,10967,0,756,14,2,0,10959,22,0
476,C0477,节能审查与碳排放评价政策,612,612,0,11,0,0,0,286,3,323
477,C0478,抗菌生物医用纳米材料,10637,10609,0,10637,28,24,0,10618,19,0
478,C0479,电机绕组线圈与电磁部件,2587,2587,0,2587,0,0,0,326,2261,0
479,C0480,燃气轮机与航空发动机装置,2200,2200,0,2200,0,0,0,343,1857,0
480,C0481,微生物燃料电池与生物产电,9337,9330,4819,286,7,6,573,9252,85,0
481,C0482,半导体光电探测器,12215,12210,0,152,5,4,0,12207,8,0
482,C0483,电催化氧化还原与催化材料综述,12870,12860,0,12870,10,32,0,12868,2,0
483,C0484,配电系统供电设备与可靠性,14541,14534,0,14541,7,7,0,14518,22,1
484,C0485,锂钠储能负极纳米材料,9846,9836,0,9846,10,21,0,9846,0,0
485,C0486,能源发展可及性与能源贫困,18681,18665,0,18681,16,2,0,18672,5,4
486,C0487,电池冷却与散热,5409,5389,5389,0,20,2,5409,4246,1163,0
487,C0488,电池低温预热,175,175,175,0,0,0,175,158,17,0
488,C0489,海上风电开发与技术经济,337,336,336,0,1,0,337,336,1,0
489,C0490,风能资源评估与选址,1906,1905,1905,0,1,1,1906,1905,1,0
490,C0491,电池电极涂布与辊压,187,187,187,0,0,0,187,32,155,0
491,C0492,光生物制氢,45,45,45,0,0,0,45,45,0,0
492,C0493,光催化制氢,12129,12117,12117,0,12,36,12129,12110,19,0
493,C0494,聚合物介电储能,4,4,4,0,0,0,4,4,0,0
494,C0495,聚合物电气绝缘,49,49,49,0,0,0,49,49,0,0
495,C0496,集成电路与功率模块封装,99,99,99,0,0,0,99,77,22,0
496,C0497,藻类生物燃料,154,154,154,0,0,0,154,149,5,0
497,C0498,生物能源生命周期与可持续性,2257,2251,2251,0,6,2,2257,2257,0,0
498,C0499,电磁能量采集,481,481,481,0,0,0,481,481,0,0
499,C0500,压电能量采集,657,657,657,0,0,0,657,657,0,0
500,C0501,钠电池电解液与界面,1714,1714,1714,0,0,3,1714,1574,140,0
501,C0502,潮汐与潮流能开发,380,380,380,0,0,0,380,378,2,0
502,C0503,充电设施散热,34,34,34,0,0,0,34,0,34,0
503,C0504,电动汽车充电并网影响,587,586,586,0,1,1,587,573,14,0
504,C0505,石油产业投资与经营,23,23,23,0,0,1,23,23,0,0
505,C0506,石油价格与市场经济,2430,2425,2425,0,5,0,2430,2429,0,1
506,C0507,污水污泥营养元素回收,22,22,22,0,0,0,22,22,0,0
507,C0508,污泥脱水与调理,160,160,160,0,0,0,160,160,0,0
508,C0509,太阳能热水与供热装置,2447,2445,2445,0,2,1,2447,2329,117,1
509,C0510,光催化二氧化碳还原,4770,4765,4765,0,5,16,4770,4770,0,0
510,C0511,电池装配工装与制造设备,498,498,498,0,0,0,498,5,493,0
511,C0512,无线充电器与装置,1215,1214,1214,0,1,1,1215,625,590,0
512,C0513,天然气水合物生成与分解,607,607,607,0,0,0,607,607,0,0
513,C0514,煤气化工艺与反应,1126,1125,1125,0,1,3,1126,1123,3,0
514,C0515,膜法海水淡化,1645,1641,1641,0,4,0,1645,1645,0,0
515,C0516,分离膜污染与清洗,2417,2415,2415,0,2,0,2417,2416,1,0
516,C0517,配电网需求响应与柔性调度,676,675,675,0,1,0,676,613,63,0
517,C0518,电池电极粘结剂,1440,1440,1440,0,0,0,1440,1242,198,0
518,C0519,电池隔膜制备与改性,1406,1406,1406,0,0,0,1406,576,830,0
519,C0520,凝胶聚合物锂电解质,1044,1044,1044,0,0,0,1044,988,56,0
520,C0521,固态聚合物锂电解质,1868,1868,1868,0,0,0,1868,1761,107,0
521,C0522,销售电价与用户电费政策,83,83,83,0,0,0,83,1,0,82
522,C0523,输配电价监管政策,55,55,55,0,0,0,55,4,0,51
523,C0524,储能运行调度与收益,684,682,682,0,2,1,684,679,5,0
524,C0525,储能容量配置与选址,590,590,590,0,0,0,590,518,72,0
525,C0526,厌氧发酵生物制氢,808,806,806,0,2,1,808,807,1,0
526,C0527,碳税与环境税费,2666,2662,2662,0,4,0,2666,2666,0,0
527,C0528,可再生能源补贴机制,120,120,120,0,0,0,120,102,0,18
528,C0529,钙钛矿吸收层结晶与成膜,501,500,500,0,1,0,501,501,0,0
529,C0530,钙钛矿电池界面、钝化与传输层,6900,6897,6897,0,3,2,6900,6891,9,0
530,C0531,钙钛矿电池稳定性与衰减,282,282,282,0,0,1,282,282,0,0
531,C0532,钙钛矿叠层太阳能电池,1746,1746,1746,0,0,0,1746,1710,36,0
532,C0533,氮化镓功率与结器件,3162,3160,3160,0,2,7,3162,3160,2,0
533,C0534,氢能技术经济与生命周期,1447,1445,1445,0,2,0,1447,1447,0,0
534,C0535,燃料电池供气与空压控制,151,151,151,0,0,0,151,138,13,0
535,C0536,燃料电池水管理,361,361,361,0,0,0,361,358,3,0
536,C0537,其他材料光催化污染物降解,24294,24240,24240,0,54,24,24294,24294,0,0
537,C0538,智能电网通信架构,803,802,802,0,1,1,803,791,12,0
538,C0539,配电网谐波与电能质量治理,1173,1172,1172,0,1,3,1173,1134,39,0
539,C0540,配电网电压无功优化,1149,1149,1149,0,0,0,1149,1147,2,0
540,C0541,光伏组件退化与寿命,400,399,399,0,1,0,400,398,2,0
541,C0542,光伏组件故障与缺陷检测,1478,1476,1476,0,2,3,1478,1355,123,0
542,C0543,加氢站与氢气加注,517,517,517,0,0,0,517,483,34,0
543,C0544,厌氧污水处理反应器,280,280,280,0,0,1,280,277,3,0
544,C0545,电动汽车有序充放电调度,839,837,837,0,2,0,839,795,44,0
545,C0546,永磁电机磁路与结构设计,233,233,233,0,0,0,233,159,74,0
546,C0547,建筑冷却与被动降温,106,106,106,0,0,0,106,106,0,0
547,C0548,输配电线路故障检测与定位,1392,1391,1391,0,1,3,1392,1331,61,0
548,C0549,开关设备故障检测,372,372,372,0,0,0,372,340,32,0
549,C0550,变压器故障诊断,2108,2105,2105,0,3,3,2108,1868,240,0
550,C0551,燃气轮机热力性能,1773,1771,1771,0,2,0,1773,1741,32,0
551,C0552,微电网能量管理与经济调度,2969,2958,2958,0,11,2,2969,2911,58,0
552,C0553,电动汽车推广与购买行为,2028,2028,2028,0,0,0,2028,2027,0,1
553,C0554,电动汽车整车能耗与续航,456,456,456,0,0,0,456,455,1,0
554,C0555,锌空气电池,1964,1964,1964,0,0,1,1964,1960,4,0
555,C0556,水系锌离子电池,5994,5992,5992,0,2,0,5994,5764,230,0
556,C0557,TiO₂光催化污染物降解,8762,8750,8750,0,12,3,8762,8762,0,0
557,C0558,油水分离界面与膜材料,460,460,460,0,0,0,460,460,0,0
558,C0559,大气集水与雾水采集,62,62,62,0,0,0,62,60,2,0
559,C0560,二氧化碳水合物形成与分离,1950,1948,1948,0,2,2,1950,1945,5,0
560,C0561,蒸汽压缩制冷循环,439,437,437,0,2,0,439,438,1,0
561,C0562,制冷工质及其热物性,49,49,49,0,0,0,49,48,1,0
562,C0563,电力线载波通信,750,750,750,0,0,2,750,692,58,0
563,C0564,波浪能转换装置,3151,3151,3151,0,0,0,3151,3122,29,0
564,C0565,二氧化碳干重整制合成气,416,416,416,0,0,0,416,414,2,0
565,C0566,蒸汽重整制氢与合成气,881,881,881,0,0,1,881,866,15,0
566,C0567,石墨烯结构复合材料,98,98,98,0,0,0,98,97,1,0
567,C0568,石墨烯分离膜,2,2,2,0,0,0,2,2,0,0
568,C0569,餐厨垃圾或污泥厌氧消化,2902,2897,2897,0,5,0,2902,2881,21,0
569,C0570,畜禽粪便与农业残余厌氧消化,1040,1040,1040,0,0,0,1040,1039,1,0
570,C0571,光伏电池与组件制造工艺,814,814,814,0,0,1,814,401,413,0
571,C0572,碳排放交易机制,2766,2764,2764,0,2,0,2766,2725,21,20
572,C0573,电连接器与接线端子,84,84,84,0,0,0,84,6,78,0
573,C0574,电力市场机制与制度设计,515,515,515,0,0,1,515,507,5,3
574,C0575,产消者能源交易,967,966,966,0,1,0,967,962,5,0
575,C0576,碱性水电解制氢,1480,1479,1479,0,1,0,1480,1446,34,0
576,C0577,质子交换膜水电解制氢,1556,1556,1556,0,0,0,1556,1547,9,0
577,C0578,光伏电池与组件模型参数辨识,515,514,514,0,1,1,515,512,3,0
578,C0579,电机转子结构与制造,350,350,350,0,0,0,350,41,309,0
579,C0580,电机定子结构与制造,301,301,301,0,0,0,301,8,293,0
580,C0581,微电网下垂控制与功率分配,1001,997,997,0,4,1,1001,990,11,0
581,C0582,微电网孤岛切换与动态控制,1570,1568,1568,0,2,0,1570,1541,29,0
582,C0583,碳化硅陶瓷结构材料,1245,1243,1243,0,2,2,1245,1243,2,0
583,C0584,聚合物有机太阳能电池,5826,5826,5826,0,0,8,5826,5826,0,0
584,C0585,有机光伏印刷与规模制造,130,128,128,0,2,0,130,130,0,0
585,C0586,小分子有机太阳能电池,1163,1163,1163,0,0,7,1163,1163,0,0
586,C0587,太阳辐照度预测估算,3121,3116,3116,0,5,1,3121,3117,4,0
587,C0588,电网接地与地网安全,207,207,207,0,0,0,207,207,0,0
588,C0589,输电线路雷击与防雷,760,759,759,0,1,5,760,747,13,0
589,C0590,非钙钛矿多结太阳能电池,2129,2128,2128,0,1,1,2129,2024,105,0
590,C0591,电池等效电路与参数辨识,306,306,306,0,0,0,306,304,2,0
591,C0592,电池荷电状态估计,3713,3711,3711,0,2,4,3713,3676,37,0
592,C0593,电池健康状态与寿命预测,3714,3713,3713,0,1,0,3714,3636,78,0
593,C0594,能源安全与转型战略,323,322,322,0,1,0,323,323,0,0
594,C0595,电网短路电流计算,17,17,17,0,0,0,17,16,1,0
595,C0596,聚变加热与中性束注入,202,202,202,0,0,0,202,202,0,0
596,C0597,电动汽车充电负荷预测,357,357,357,0,0,0,357,305,52,0
597,C0598,锂资源提取与分离,2185,2185,2185,0,0,3,2185,2137,48,0
598,C0599,电气设备温度监测与控制,11,11,11,0,0,0,11,7,4,0
599,C0600,直接空气捕碳,553,553,553,0,0,0,553,509,44,0
600,C0601,铜基热电材料,536,536,536,0,0,3,536,535,1,0
601,C0602,摩擦纳米发电机,2009,2009,2009,0,0,0,2009,2004,5,0
602,C0603,ZnO光催化污染物降解,2695,2689,2689,0,6,0,2695,2695,0,0
603,C0604,电池老化实验与循环寿命,1180,1180,1180,0,0,0,1180,1140,40,0
604,C0605,电池阻抗表征,424,424,424,0,0,0,424,409,15,0
605,C0606,地热资源勘探与储层建模,1522,1522,1522,0,0,0,1522,1513,9,0
606,C0607,地热供热与发电利用,645,644,644,0,1,0,645,626,19,0
607,C0608,隔离型DC-DC变换器,667,666,666,0,1,0,667,638,29,0
608,C0609,非隔离DC-DC变换器,423,423,423,0,0,2,423,406,17,0
609,C0610,电池极耳焊接,9,9,9,0,0,0,9,0,9,0
610,C0611,电气安全与触电风险,441,441,441,0,0,1,441,416,25,0
611,C0612,国际气候协定与治理,371,371,371,0,0,0,371,371,0,0
612,C0613,电力系统可靠性评估,429,429,429,0,0,0,429,392,37,0
613,C0614,电晕放电与电晕损耗,846,846,846,0,0,0,846,846,0,0
614,C0615,电气绝缘局部放电,1808,1808,1808,0,0,3,1808,1725,83,0
615,C0616,锂金属负极界面稳定与枝晶抑制,2474,2473,2473,0,1,0,2474,2466,8,0
616,C0617,木质纤维素生物乙醇,122,122,122,0,0,0,122,122,0,0
617,C0618,木质纤维素预处理,171,169,169,0,2,0,171,171,0,0
618,C0619,生物炭土壤改良,527,527,527,0,0,0,527,527,0,0
619,C0620,生物炭水污染物去除,7,7,7,0,0,0,7,7,0,0
620,C0621,工业能源审计与节能评估,274,274,274,0,0,0,274,245,0,29
621,C0622,谐振与软开关变换器,4795,4794,4794,0,1,7,4795,4561,234,0
622,C0623,氢能供应链与基础设施规划,782,782,782,0,0,1,782,780,2,0
623,C0624,农光互补与农光协同,557,557,557,0,0,0,557,556,1,0
624,C0625,光伏技术经济与投资,434,434,434,0,0,2,434,434,0,0
625,C0626,屋顶与分布式光伏部署,579,579,579,0,0,1,579,532,36,11
626,C0627,永磁材料与磁性设计,397,397,397,0,0,3,397,387,10,0
627,C0628,软磁材料与磁损耗,57,57,57,0,0,1,57,52,5,0
628,C0629,超临界二氧化碳布雷顿循环,413,412,412,0,1,0,413,412,1,0
629,C0630,有机朗肯循环发电,2359,2357,2357,0,2,0,2359,2358,1,0
630,C0631,电动汽车充电站选址规划,684,682,682,0,2,1,684,681,3,0
631,C0632,电动汽车路径与补能规划,442,442,442,0,0,0,442,438,4,0
632,C0633,区域供热供冷系统,3336,3335,3335,0,1,2,3336,3332,4,0
633,C0634,二氧化碳催化加氢与甲烷化,2539,2538,2538,0,1,11,2539,2524,15,0
634,C0635,综合能源系统规划配置,398,397,397,0,1,0,398,369,29,0
635,C0636,综合能源系统优化调度,1149,1141,1141,0,8,0,1149,1024,125,0
636,C0637,电流检测与测量电路,426,426,426,0,0,0,426,225,201,0
637,C0638,电压检测与测量电路,393,393,393,0,0,2,393,299,94,0
638,C0639,漏电与剩余电流保护,166,166,166,0,0,0,166,72,94,0
639,C0640,浪涌与过压保护电路,63,63,63,0,0,0,63,0,63,0
640,C0641,电池盖板、端子与密封结构,1230,1230,1230,0,0,0,1230,5,1225,0
641,C0642,绿色金融与能源投资,968,956,956,0,12,0,968,967,0,1
642,C0643,电力设施覆冰与除冰,147,147,147,0,0,0,147,65,82,0
643,C0644,沼气提纯与生物甲烷升级,929,929,929,0,0,0,929,909,20,0
644,C0645,电机驱动PWM与谐波控制,851,851,851,0,0,0,851,804,47,0
645,C0646,电机转矩脉动抑制,448,448,448,0,0,0,448,418,30,0
646,C0647,电缆绝缘护套与导体结构,2265,2262,2262,0,3,2,2265,1825,440,0
647,C0648,锂电石墨负极,253,253,253,0,0,0,253,173,80,0
648,C0649,能源电力标准化政策,71,71,71,0,0,0,71,2,1,68
649,C0650,空气源热泵,653,653,653,0,0,0,653,500,152,1
650,C0651,地源热泵与地埋换热器,3555,3554,3554,0,1,1,3555,3481,74,0
651,C0652,核裂变反应堆工程,71,71,71,0,0,0,71,59,11,1
652,C0653,核聚变装置工程,1050,1049,1049,0,1,0,1050,1047,3,0
653,C0654,能源电力教学实验平台,184,184,184,0,0,0,184,184,0,0
654,C0655,电力系统硬件在环仿真,4,4,4,0,0,0,4,4,0,0
655,C0656,动力电池梯次利用,385,385,385,0,0,0,385,378,7,0
656,C0657,电池单体均衡控制,921,921,921,0,0,0,921,584,337,0
657,C0658,废旧电池材料直接再生,5,5,5,0,0,0,5,4,1,0
658,C0659,废旧电池拆解与物理分离,31,31,31,0,0,0,31,1,30,0
659,C0660,废旧电池湿法回收,106,106,106,0,0,1,106,71,35,0
660,C0661,温度传感与测量装置,427,427,427,0,0,0,427,305,122,0
661,C0662,吸收式制冷循环,1098,1098,1098,0,0,2,1098,1098,0,0
662,C0663,吸附式制冷循环,209,209,209,0,0,0,209,209,0,0
663,C0664,LED照明灯具与配光,335,335,335,0,0,2,335,310,25,0
664,C0665,换热器结构与传热强化,1386,1385,1385,0,1,1,1386,1382,4,0
665,C0666,功率半导体器件,570,570,570,0,0,0,570,362,208,0
666,C0667,电网频率控制,1975,1972,1972,0,3,1,1975,1933,42,0
667,C0668,中国区域低碳经济与碳效率,148,147,147,0,1,0,148,148,0,0
668,C0669,磁约束等离子体MHD稳定性,91,91,91,0,0,0,91,91,0,0
669,C0670,二氧化碳溶剂吸收捕集,1509,1509,1509,0,0,3,1509,1504,5,0
670,C0671,二氧化碳固体吸附捕集,4655,4654,4654,0,1,9,4655,4630,25,0
671,C0672,漂浮式海上风电平台,2496,2496,2496,0,0,0,2496,2396,100,0
672,C0673,硫化物固态电解质,457,457,457,0,0,1,457,181,276,0
673,C0674,森林资源经营与碳汇,1373,1373,1373,0,0,0,1373,1372,1,0
674,C0675,风电出力预测,2803,2802,2802,0,1,1,2803,2622,181,0
675,C0676,风速预测,2515,2510,2510,0,5,1,2515,2503,12,0
676,C0677,太阳能集热器传热设计,971,969,969,0,2,0,971,970,1,0
677,C0678,聚光太阳能热发电,2426,2424,2424,0,2,1,2426,2402,21,3
678,C0679,FPGA实时控制与硬件实现,546,546,546,0,0,1,546,546,0,0
679,C0680,生物质气化制合成气,5175,5173,5173,0,2,5,5175,5090,85,0
680,C0681,生物质水热炭化,306,306,306,0,0,0,306,306,0,0
681,C0682,生物质水热液化,106,106,106,0,0,1,106,106,0,0
682,C0683,电池火灾抑制与灭火,238,238,238,0,0,1,238,69,169,0
683,C0684,电池热失控与传播,1850,1848,1848,0,2,1,1850,1618,232,0
684,C0685,智能电网网络攻击与安全,497,497,497,0,0,0,497,464,33,0
685,C0686,电网灾害韧性与恢复,1055,1054,1054,0,1,0,1055,953,100,2
686,C0687,染料敏化电池对电极,2137,2136,2136,0,1,5,2137,2136,1,0
687,C0688,染料敏化电池光阳极,1665,1662,1662,0,3,0,1665,1665,0,0
688,C0689,染料敏化电池敏化剂,2887,2886,2886,0,1,32,2887,2887,0,0
689,C0690,电力知识图谱,145,145,145,0,0,0,145,27,118,0
690,C0691,充电基础设施建设政策,60,60,60,0,0,0,60,0,4,56
691,C0692,公用事业接入与收费政策,40,40,40,0,0,0,40,0,0,40
692,C0693,活性炭制备与孔结构,1463,1461,1461,0,2,2,1463,1459,4,0
693,C0694,稀土元素提取分离,1335,1335,1335,0,0,0,1335,1335,0,0
694,C0695,铀钍提取与分离,1156,1155,1155,0,1,0,1156,1154,2,0
695,C0696,镁铝钙多价离子电池,460,460,460,0,0,0,460,444,16,0
696,C0697,钾离子电池,583,583,583,0,0,2,583,583,0,0
697,C0698,太阳辐射测量与仪器,161,161,161,0,0,0,161,161,0,0
698,C0699,电池模组与电池包装配结构,581,581,581,0,0,0,581,70,511,0
699,C0700,永磁同步电机控制,4373,4368,4368,0,5,3,4373,4057,316,0
700,C0701,电气设备风冷散热,42,42,42,0,0,0,42,7,35,0
701,C0702,电气设备液冷散热,18,18,18,0,0,0,18,4,14,0
702,C0703,电站锅炉运行与燃烧,84,84,84,0,0,0,84,84,0,0
703,C0704,汽轮机运行与热力性能,318,318,318,0,0,0,318,301,17,0
704,C0705,天然气管网优化运行,121,121,121,0,0,0,121,120,0,1
705,C0706,轨道交通能耗与牵引优化,14,14,14,0,0,0,14,13,1,0
706,C0707,船舶燃料与能效,159,159,159,0,0,0,159,156,3,0
707,C0708,电缆桥架与线束支撑,763,763,763,0,0,0,763,11,752,0
708,C0709,核结构材料辐照损伤,155,155,155,0,0,0,155,155,0,0
709,C0710,水电站运行调度,451,451,451,0,0,0,451,434,17,0
710,C0711,水轮机性能与设计,475,475,475,0,0,0,475,469,6,0
711,C0712,电力负荷预测,2962,2957,2957,0,5,7,2962,2733,229,0
712,C0713,电价预测,1040,1036,1036,0,4,3,1040,981,59,0
713,C0714,层状及富镍锂电正极材料,3603,3603,3603,0,0,2,3603,3384,219,0
714,C0715,锂电磷酸盐正极材料,2235,2234,2234,0,1,20,2235,1708,527,0
715,C0716,柴油机燃烧与排放,593,586,586,0,7,0,593,593,0,0
716,C0717,双燃料发动机,105,105,105,0,0,0,105,105,0,0
717,C0718,配电网规划与容量配置,1751,1751,1751,0,0,2,1751,1629,114,8
718,C0719,气候变化适应与风险,1074,1074,1074,0,0,0,1074,1074,0,0
719,C0720,气候变化减缓政策,1129,1127,1127,0,2,0,1129,1120,0,9
720,C0721,光伏清扫机器人,204,204,204,0,0,0,204,52,152,0
721,C0722,变电站巡检机器人,133,131,131,0,2,0,133,94,39,0
722,C0723,光伏光热联合系统,3173,3172,3172,0,1,4,3173,3140,33,0
723,C0724,电子废物回收,545,545,545,0,0,0,545,545,0,0
724,C0725,废塑料回收与转化,895,895,895,0,0,0,895,893,2,0
725,C0726,风机状态监测与预测性维护,559,558,558,0,1,0,559,491,68,0
726,C0727,钠离子电池负极材料,5474,5474,5474,0,0,17,5474,5230,244,0
727,C0728,钠离子电池正极材料,4959,4954,4954,0,5,24,4959,4504,455,0
728,C0729,建筑暖通空调能耗,282,281,281,0,1,0,282,280,2,0
729,C0730,建筑节能改造,9,9,9,0,0,0,9,6,3,0
730,C0731,天体等离子体与磁重联,163,163,163,0,0,0,163,163,0,0
731,C0732,电力设备风险预警,6,6,6,0,0,0,6,0,6,0
732,C0733,灌溉水资源优化调度,58,58,58,0,0,0,58,52,6,0
733,C0734,液压泵性能与控制,22,22,22,0,0,0,22,21,1,0
734,C0735,液压阀设计与控制,17,17,17,0,0,0,17,17,0,0
735,C0736,电力系统暂态稳定,1165,1165,1165,0,0,2,1165,1148,17,0
736,C0737,电力系统电压稳定,930,930,930,0,0,5,930,900,30,0
737,C0738,木材加工与干燥,326,326,326,0,0,0,326,326,0,0
738,C0739,水污染物吸附去除,1391,1390,1390,0,1,1,1391,1391,0,0
739,C0740,水污染物电化学氧化,179,179,179,0,0,1,179,178,1,0
740,C0741,电网状态估计与相量测量,697,695,695,0,2,1,697,683,14,0
741,C0742,氮气电还原制氨,714,714,714,0,0,0,714,714,0,0
742,C0743,硝酸盐电还原制氨,695,695,695,0,0,0,695,695,0,0
743,C0744,潜热储热系统,5237,5235,5235,0,2,0,5237,5165,72,0
744,C0745,热化学储热系统,695,695,695,0,0,2,695,692,3,0
745,C0746,功率因数校正电路与控制,3022,3019,3019,0,3,2,3022,2919,103,0
746,C0747,网络入侵检测,1750,1739,1739,0,11,0,1750,1741,9,0
747,C0748,储能系统集成与安全装置,107,107,107,0,0,0,107,95,12,0
748,C0749,电机绕组与线圈制造,17,17,17,0,0,0,17,1,16,0
749,C0750,能源贫困与能源可及性,1076,1073,1073,0,3,0,1076,1076,0,0
